trial,failed,error,train_sessions,val_sessions,session_norm,crop_first,crop_last,unstable_remove,gauss_sigma,win,step,b,include_mean,include_var,include_energy_sigmoid,early_stopping,validation_fraction,random_state,use_pca,pca_components,learning_rate,max_iter,max_leaf_nodes,max_depth,min_samples_leaf,l2_regularization,n_iter_no_change,train_mse,train_rmse,train_mae,train_r2,val_mse,val_rmse,val_mae,val_r2,train_time_s,actual_n_iter
409,False,,"(3, 6, 8, 9)","(2, 7)",per_frame,100,100,20,2.0,10,5,3.0,True,True,True,False,0.1,0,True,64,0.03,3000,63,8,20,1.0,30,3.6058477779635867,1.8989069956065743,1.2688175298432978,0.9976128439076677,396.91246955897753,19.922662210632833,16.3104677618504,0.6848093068624079,23.597171999979764,3000
49,False,,"(3, 6, 8, 9)","(2, 7)",per_depth,100,100,20,2.0,10,5,3.0,True,True,True,False,0.1,0,True,64,0.03,3000,63,8,20,1.0,30,3.6058477779635867,1.8989069956065743,1.2688175298432978,0.9976128439076677,396.91246955897753,19.922662210632833,16.3104677618504,0.6848093068624079,30.313558600028045,3000
63,False,,"(3, 6, 8, 9)","(2, 7)",per_depth,100,100,20,2.0,10,5,3.0,True,True,True,False,0.1,0,True,64,0.03,3000,63,12,20,20.0,30,3.9862393003880547,1.9965568612959799,1.3483508232232766,0.9973610157673406,397.11483420161227,19.927740318501048,16.31700015263706,0.6846486078245333,35.091141899931245,3000
423,False,,"(3, 6, 8, 9)","(2, 7)",per_frame,100,100,20,2.0,10,5,3.0,True,True,True,False,0.1,0,True,64,0.03,3000,63,12,20,20.0,30,3.9862393003880547,1.9965568612959799,1.3483508232232766,0.9973610157673406,397.11483420161227,19.927740318501048,16.31700015263706,0.6846486078245333,27.250587600050494,3000
421,False,,"(3, 6, 8, 9)","(2, 7)",per_frame,100,100,20,2.0,10,5,3.0,True,True,True,False,0.1,0,True,64,0.03,3000,63,12,20,1.0,30,2.904066415590564,1.704132159074103,1.1761463518237092,0.9980774396859232,397.64848332437623,19.9411254277279,16.313456631969142,0.6842248336934682,25.180008199997246,3000
61,False,,"(3, 6, 8, 9)","(2, 7)",per_depth,100,100,20,2.0,10,5,3.0,True,True,True,False,0.1,0,True,64,0.03,3000,63,12,20,1.0,30,2.904066415590564,1.704132159074103,1.1761463518237092,0.9980774396859232,397.64848332437623,19.9411254277279,16.313456631969142,0.6842248336934682,31.232970500015654,3000
481,False,,"(3, 6, 8, 9)","(2, 7)",per_frame,100,100,20,2.0,10,5,3.0,True,True,True,False,0.1,0,True,96,0.03,3000,63,8,20,1.0,30,2.8035879761528264,1.6743918227681436,1.12792777708731,0.9981439587775826,399.88338334459604,19.9970843710926,16.348206720218656,0.6824500855046571,28.79005329986103,3000
121,False,,"(3, 6, 8, 9)","(2, 7)",per_depth,100,100,20,2.0,10,5,3.0,True,True,True,False,0.1,0,True,96,0.03,3000,63,8,20,1.0,30,2.8035879761528264,1.6743918227681436,1.12792777708731,0.9981439587775826,399.88338334459604,19.9970843710926,16.348206720218656,0.6824500855046571,36.20127409999259,3000
494,False,,"(3, 6, 8, 9)","(2, 7)",per_frame,100,100,20,2.0,10,5,3.0,True,True,True,False,0.1,0,True,96,0.03,3000,63,12,20,10.0,30,2.737107159838893,1.654420490636795,1.1384391607169912,0.9981879706426027,400.11752696383485,20.002937958305896,16.371427643970822,0.6822641505812127,32.90155979990959,3000
134,False,,"(3, 6, 8, 9)","(2, 7)",per_depth,100,100,20,2.0,10,5,3.0,True,True,True,False,0.1,0,True,96,0.03,3000,63,12,20,10.0,30,2.737107159838893,1.654420490636795,1.1384391607169912,0.9981879706426027,400.11752696383485,20.002937958305896,16.371427643970822,0.6822641505812127,38.41852009994909,3000
495,False,,"(3, 6, 8, 9)","(2, 7)",per_frame,100,100,20,2.0,10,5,3.0,True,True,True,False,0.1,0,True,96,0.03,3000,63,12,20,20.0,30,3.1534802023138444,1.7758041002075213,1.2072701386305822,0.9979123218891802,400.3413980294079,20.008533130377348,16.37185869788427,0.6820863731573645,33.80550989997573,3000
135,False,,"(3, 6, 8, 9)","(2, 7)",per_depth,100,100,20,2.0,10,5,3.0,True,True,True,False,0.1,0,True,96,0.03,3000,63,12,20,20.0,30,3.1534802023138444,1.7758041002075213,1.2072701386305822,0.9979123218891802,400.3413980294079,20.008533130377348,16.37185869788427,0.6820863731573645,39.76935919991229,3000
133,False,,"(3, 6, 8, 9)","(2, 7)",per_depth,100,100,20,2.0,10,5,3.0,True,True,True,False,0.1,0,True,96,0.03,3000,63,12,20,1.0,30,2.2095229286599953,1.4864464096158985,1.0412315427159218,0.9985372438202931,400.4174917592274,20.010434571973377,16.35390639281557,0.6820259466470261,35.84910839993972,3000
493,False,,"(3, 6, 8, 9)","(2, 7)",per_frame,100,100,20,2.0,10,5,3.0,True,True,True,False,0.1,0,True,96,0.03,3000,63,12,20,1.0,30,2.2095229286599953,1.4864464096158985,1.0412315427159218,0.9985372438202931,400.4174917592274,20.010434571973377,16.35390639281557,0.6820259466470261,31.087745900033042,3000
422,False,,"(3, 6, 8, 9)","(2, 7)",per_frame,100,100,20,2.0,10,5,3.0,True,True,True,False,0.1,0,True,64,0.03,3000,63,12,20,10.0,30,3.475181996878877,1.8641840029564885,1.272294071938382,0.9976993477299538,400.5748140968251,20.014365193451056,16.379265627535673,0.681901015987406,26.888442900031805,3000
62,False,,"(3, 6, 8, 9)","(2, 7)",per_depth,100,100,20,2.0,10,5,3.0,True,True,True,False,0.1,0,True,64,0.03,3000,63,12,20,10.0,30,3.475181996878877,1.8641840029564885,1.272294071938382,0.9976993477299538,400.5748140968251,20.014365193451056,16.379265627535673,0.681901015987406,34.96445710002445,3000
124,False,,"(3, 6, 8, 9)","(2, 7)",per_depth,100,100,20,2.0,10,5,3.0,True,True,True,False,0.1,0,True,96,0.03,3000,63,8,50,1.0,30,2.9889323031550856,1.7288528864987576,1.1537736541380181,0.9980212564710441,402.36490470297616,20.059035487853752,16.41991108807951,0.6804794937571803,34.23383649997413,3000
484,False,,"(3, 6, 8, 9)","(2, 7)",per_frame,100,100,20,2.0,10,5,3.0,True,True,True,False,0.1,0,True,96,0.03,3000,63,8,50,1.0,30,2.9889323031550856,1.7288528864987576,1.1537736541380181,0.9980212564710441,402.36490470297616,20.059035487853752,16.41991108807951,0.6804794937571803,27.347839099820703,3000
94,False,,"(3, 6, 8, 9)","(2, 7)",per_depth,100,100,20,2.0,10,5,3.0,True,True,True,False,0.1,0,True,96,0.03,3000,15,12,200,1.0,30,25.535140257667244,5.053230675287567,3.491255233900891,0.9830951361820727,404.00204817748545,20.09980219249646,16.40005179681605,0.6791794278079557,13.712260300060734,3000
454,False,,"(3, 6, 8, 9)","(2, 7)",per_frame,100,100,20,2.0,10,5,3.0,True,True,True,False,0.1,0,True,96,0.03,3000,15,12,200,1.0,30,25.535140257667244,5.053230675287567,3.491255233900891,0.9830951361820727,404.00204817748545,20.09980219249646,16.40005179681605,0.6791794278079557,11.531410299940035,3000
116,False,,"(3, 6, 8, 9)","(2, 7)",per_depth,100,100,20,2.0,10,5,3.0,True,True,True,False,0.1,0,True,96,0.03,3000,31,12,100,10.0,30,10.466684270367399,3.235225536244328,2.2084745892778495,0.9930708086804937,404.58839728633217,20.11438284627028,16.5400958874166,0.6787138042858645,20.187402799958363,3000
476,False,,"(3, 6, 8, 9)","(2, 7)",per_frame,100,100,20,2.0,10,5,3.0,True,True,True,False,0.1,0,True,96,0.03,3000,31,12,100,10.0,30,10.466684270367399,3.235225536244328,2.2084745892778495,0.9930708086804937,404.58839728633217,20.11438284627028,16.5400958874166,0.6787138042858645,18.326053600059822,3000
498,False,,"(3, 6, 8, 9)","(2, 7)",per_frame,100,100,20,2.0,10,5,3.0,True,True,True,False,0.1,0,True,96,0.03,3000,63,12,50,20.0,30,3.116808888529572,1.7654486366160789,1.200631328988594,0.9979365991619616,404.81133603026836,20.119923857466965,16.470248861186988,0.678536767224503,30.505706600146368,3000
138,False,,"(3, 6, 8, 9)","(2, 7)",per_depth,100,100,20,2.0,10,5,3.0,True,True,True,False,0.1,0,True,96,0.03,3000,63,12,50,20.0,30,3.116808888529572,1.7654486366160789,1.200631328988594,0.9979365991619616,404.81133603026836,20.119923857466965,16.470248861186988,0.678536767224503,38.54741620004643,3000
426,False,,"(3, 6, 8, 9)","(2, 7)",per_frame,100,100,20,2.0,10,5,3.0,True,True,True,False,0.1,0,True,64,0.03,3000,63,12,50,20.0,30,3.9865564567874263,1.9966362855531365,1.350013455340756,0.99736080580234,404.9925853259731,20.124427577597658,16.45078818151409,0.6783928360166793,25.74013500008732,3000
66,False,,"(3, 6, 8, 9)","(2, 7)",per_depth,100,100,20,2.0,10,5,3.0,True,True,True,False,0.1,0,True,64,0.03,3000,63,12,50,20.0,30,3.9865564567874263,1.9966362855531365,1.350013455340756,0.99736080580234,404.9925853259731,20.124427577597658,16.45078818151409,0.6783928360166793,32.21526520000771,3000
98,False,,"(3, 6, 8, 9)","(2, 7)",per_depth,100,100,20,2.0,10,5,3.0,True,True,True,False,0.1,0,True,96,0.03,3000,31,8,20,10.0,30,10.907753294594066,3.3026887977213453,2.2529602856042525,0.9927788106059338,405.0564864139012,20.12601516480352,16.498831881252155,0.6783420917600963,20.940516600036062,3000
458,False,,"(3, 6, 8, 9)","(2, 7)",per_frame,100,100,20,2.0,10,5,3.0,True,True,True,False,0.1,0,True,96,0.03,3000,31,8,20,10.0,30,10.907753294594066,3.3026887977213453,2.2529602856042525,0.9927788106059338,405.0564864139012,20.12601516480352,16.498831881252155,0.6783420917600963,17.992853099945933,3000
122,False,,"(3, 6, 8, 9)","(2, 7)",per_depth,100,100,20,2.0,10,5,3.0,True,True,True,False,0.1,0,True,96,0.03,3000,63,8,20,10.0,30,3.274087423615501,1.8094439542620548,1.2067258406176946,0.9978324770701978,405.21638388410383,20.12998718042572,16.48186587295525,0.6782151161714479,35.87678540009074,3000
482,False,,"(3, 6, 8, 9)","(2, 7)",per_frame,100,100,20,2.0,10,5,3.0,True,True,True,False,0.1,0,True,96,0.03,3000,63,8,20,10.0,30,3.274087423615501,1.8094439542620548,1.2067258406176946,0.9978324770701978,405.21638388410383,20.12998718042572,16.48186587295525,0.6782151161714479,29.904686599969864,3000
474,False,,"(3, 6, 8, 9)","(2, 7)",per_frame,100,100,20,2.0,10,5,3.0,True,True,True,False,0.1,0,True,96,0.03,3000,31,12,50,20.0,30,11.086174120146074,3.3295906835744953,2.2733824292312885,0.9926606918202994,406.0315099534149,20.15022357080474,16.572876315858952,0.6775678194234618,18.98883099993691,3000
114,False,,"(3, 6, 8, 9)","(2, 7)",per_depth,100,100,20,2.0,10,5,3.0,True,True,True,False,0.1,0,True,96,0.03,3000,31,12,50,20.0,30,11.086174120146074,3.3295906835744953,2.2733824292312885,0.9926606918202994,406.0315099534149,20.15022357080474,16.572876315858952,0.6775678194234618,21.97285380004905,3000
137,False,,"(3, 6, 8, 9)","(2, 7)",per_depth,100,100,20,2.0,10,5,3.0,True,True,True,False,0.1,0,True,96,0.03,3000,63,12,50,10.0,30,2.791726792514265,1.6708461307117017,1.136497257605622,0.9981518111603032,406.110271550287,20.152177836409816,16.47196660322787,0.6775052743430859,36.751229500048794,3000
497,False,,"(3, 6, 8, 9)","(2, 7)",per_frame,100,100,20,2.0,10,5,3.0,True,True,True,False,0.1,0,True,96,0.03,3000,63,12,50,10.0,30,2.791726792514265,1.6708461307117017,1.136497257605622,0.9981518111603032,406.110271550287,20.152177836409816,16.47196660322787,0.6775052743430859,30.390548499999568,3000
442,False,,"(3, 6, 8, 9)","(2, 7)",per_frame,100,100,20,2.0,10,5,3.0,True,True,True,False,0.1,0,True,96,0.03,3000,15,8,200,1.0,30,25.71600439496309,5.0710949897397,3.4987348034824786,0.9829753998665607,406.2941714141452,20.15674009888864,16.508798850603764,0.6773592383023896,12.006488800048828,3000
82,False,,"(3, 6, 8, 9)","(2, 7)",per_depth,100,100,20,2.0,10,5,3.0,True,True,True,False,0.1,0,True,96,0.03,3000,15,8,200,1.0,30,25.71600439496309,5.0710949897397,3.4987348034824786,0.9829753998665607,406.2941714141452,20.15674009888864,16.508798850603764,0.6773592383023896,13.070002800086513,3000
119,False,,"(3, 6, 8, 9)","(2, 7)",per_depth,100,100,20,2.0,10,5,3.0,True,True,True,False,0.1,0,True,96,0.03,3000,31,12,200,10.0,30,11.264209042389755,3.356219456827839,2.285345562816024,0.9925428285117374,406.6740174497151,20.16616020589232,16.534710635509,0.6770576001720234,22.3607790999813,3000
479,False,,"(3, 6, 8, 9)","(2, 7)",per_frame,100,100,20,2.0,10,5,3.0,True,True,True,False,0.1,0,True,96,0.03,3000,31,12,200,10.0,30,11.264209042389755,3.356219456827839,2.285345562816024,0.9925428285117374,406.6740174497151,20.16616020589232,16.534710635509,0.6770576001720234,17.801443199859932,3000
136,False,,"(3, 6, 8, 9)","(2, 7)",per_depth,100,100,20,2.0,10,5,3.0,True,True,True,False,0.1,0,True,96,0.03,3000,63,12,50,1.0,30,2.421567044863938,1.556138504396038,1.0598113952273622,0.9983968656249259,406.6968839957398,20.166727151318824,16.49135866697259,0.6770394417037364,37.10326190001797,3000
496,False,,"(3, 6, 8, 9)","(2, 7)",per_frame,100,100,20,2.0,10,5,3.0,True,True,True,False,0.1,0,True,96,0.03,3000,63,12,50,1.0,30,2.421567044863938,1.556138504396038,1.0598113952273622,0.9983968656249259,406.6968839957398,20.166727151318824,16.49135866697259,0.6770394417037364,28.88526999996975,3000
444,False,,"(3, 6, 8, 9)","(2, 7)",per_frame,100,100,20,2.0,10,5,3.0,True,True,True,False,0.1,0,True,96,0.03,3000,15,8,200,20.0,30,26.638217687181335,5.16122249929039,3.5637824999612486,0.982364872962901,406.7977595813807,20.169228036327535,16.44677290916187,0.6769593357655326,11.95696820016019,3000
84,False,,"(3, 6, 8, 9)","(2, 7)",per_depth,100,100,20,2.0,10,5,3.0,True,True,True,False,0.1,0,True,96,0.03,3000,15,8,200,20.0,30,26.638217687181335,5.16122249929039,3.5637824999612486,0.982364872962901,406.7977595813807,20.169228036327535,16.44677290916187,0.6769593357655326,13.216752400039695,3000
50,False,,"(3, 6, 8, 9)","(2, 7)",per_depth,100,100,20,2.0,10,5,3.0,True,True,True,False,0.1,0,True,64,0.03,3000,63,8,20,10.0,30,4.421492098828942,2.1027344337383505,1.3856406386436344,0.9970728681711352,407.0127521798077,20.17455705039909,16.54573618240845,0.6767886087883909,30.627397199976258,3000
410,False,,"(3, 6, 8, 9)","(2, 7)",per_frame,100,100,20,2.0,10,5,3.0,True,True,True,False,0.1,0,True,64,0.03,3000,63,8,20,10.0,30,4.421492098828942,2.1027344337383505,1.3856406386436344,0.9970728681711352,407.0127521798077,20.17455705039909,16.54573618240845,0.6767886087883909,24.398457700153813,3000
111,False,,"(3, 6, 8, 9)","(2, 7)",per_depth,100,100,20,2.0,10,5,3.0,True,True,True,False,0.1,0,True,96,0.03,3000,31,12,20,20.0,30,10.897864682807171,3.3011914035401175,2.2684121838466504,0.9927853570996643,407.0638248021214,20.175822778814286,16.578862963941194,0.6767480516971881,24.162835899973288,3000
471,False,,"(3, 6, 8, 9)","(2, 7)",per_frame,100,100,20,2.0,10,5,3.0,True,True,True,False,0.1,0,True,96,0.03,3000,31,12,20,20.0,30,10.897864682807171,3.3011914035401175,2.2684121838466504,0.9927853570996643,407.0638248021214,20.175822778814286,16.578862963941194,0.6767480516971881,19.87884460017085,3000
443,False,,"(3, 6, 8, 9)","(2, 7)",per_frame,100,100,20,2.0,10,5,3.0,True,True,True,False,0.1,0,True,96,0.03,3000,15,8,200,10.0,30,26.53297729115095,5.151017112294517,3.559670506226034,0.9824345445818968,407.23462693008776,20.1800551765868,16.476133229325765,0.6766124166510963,11.778859900077805,3000
83,False,,"(3, 6, 8, 9)","(2, 7)",per_depth,100,100,20,2.0,10,5,3.0,True,True,True,False,0.1,0,True,96,0.03,3000,15,8,200,10.0,30,26.53297729115095,5.151017112294517,3.559670506226034,0.9824345445818968,407.23462693008776,20.1800551765868,16.476133229325765,0.6766124166510963,13.28258110000752,3000
125,False,,"(3, 6, 8, 9)","(2, 7)",per_depth,100,100,20,2.0,10,5,3.0,True,True,True,False,0.1,0,True,96,0.03,3000,63,8,50,10.0,30,3.3925017172009535,1.84187451179524,1.2252086524830514,0.9977540840209739,407.3560594511324,20.183063678518494,16.53295660018727,0.6765159863209531,33.99811899999622,3000
485,False,,"(3, 6, 8, 9)","(2, 7)",per_frame,100,100,20,2.0,10,5,3.0,True,True,True,False,0.1,0,True,96,0.03,3000,63,8,50,10.0,30,3.3925017172009535,1.84187451179524,1.2252086524830514,0.9977540840209739,407.3560594511324,20.183063678518494,16.53295660018727,0.6765159863209531,27.54030860005878,3000
25,False,,"(3, 6, 8, 9)","(2, 7)",per_depth,100,100,20,2.0,10,5,3.0,True,True,True,False,0.1,0,True,64,0.03,3000,31,8,20,1.0,30,11.16997651603319,3.3421514801147465,2.297898505964731,0.9926052126619398,407.41233551458674,20.1844577711314,16.54576365965471,0.6764712971443521,19.110560299945064,3000
385,False,,"(3, 6, 8, 9)","(2, 7)",per_frame,100,100,20,2.0,10,5,3.0,True,True,True,False,0.1,0,True,64,0.03,3000,31,8,20,1.0,30,11.16997651603319,3.3421514801147465,2.297898505964731,0.9926052126619398,407.41233551458674,20.1844577711314,16.54576365965471,0.6764712971443521,14.679406000068411,3000
96,False,,"(3, 6, 8, 9)","(2, 7)",per_depth,100,100,20,2.0,10,5,3.0,True,True,True,False,0.1,0,True,96,0.03,3000,15,12,200,20.0,30,26.608575185813102,5.1583500449090405,3.569652214831425,0.9823844969964405,407.4929428059778,20.186454438706612,16.444436870524008,0.6764072863863285,12.965052500017919,3000
456,False,,"(3, 6, 8, 9)","(2, 7)",per_frame,100,100,20,2.0,10,5,3.0,True,True,True,False,0.1,0,True,96,0.03,3000,15,12,200,20.0,30,26.608575185813102,5.1583500449090405,3.569652214831425,0.9823844969964405,407.4929428059778,20.186454438706612,16.444436870524008,0.6764072863863285,11.62404159992002,3000
464,False,,"(3, 6, 8, 9)","(2, 7)",per_frame,100,100,20,2.0,10,5,3.0,True,True,True,False,0.1,0,True,96,0.03,3000,31,8,100,10.0,30,11.327713249188616,3.3656668357382933,2.2763005122369906,0.9925007872322704,407.5618095303227,20.188160132372705,16.593229256040157,0.6763525988865771,17.02267249999568,3000
104,False,,"(3, 6, 8, 9)","(2, 7)",per_depth,100,100,20,2.0,10,5,3.0,True,True,True,False,0.1,0,True,96,0.03,3000,31,8,100,10.0,30,11.327713249188616,3.3656668357382933,2.2763005122369906,0.9925007872322704,407.5618095303227,20.188160132372705,16.593229256040157,0.6763525988865771,25.489845799980685,3000
371,False,,"(3, 6, 8, 9)","(2, 7)",per_frame,100,100,20,2.0,10,5,3.0,True,True,True,False,0.1,0,True,64,0.03,3000,15,8,200,10.0,30,27.818318466225602,5.274307392087192,3.6544811567314373,0.9815836184736023,407.58936310572057,20.188842540019984,16.5145687210456,0.6763307184187305,9.80873900000006,3000
11,False,,"(3, 6, 8, 9)","(2, 7)",per_depth,100,100,20,2.0,10,5,3.0,True,True,True,False,0.1,0,True,64,0.03,3000,15,8,200,10.0,30,27.818318466225602,5.274307392087192,3.6544811567314373,0.9815836184736023,407.58936310572057,20.188842540019984,16.5145687210456,0.6763307184187305,11.143647499964572,3000
38,False,,"(3, 6, 8, 9)","(2, 7)",per_depth,100,100,20,2.0,10,5,3.0,True,True,True,False,0.1,0,True,64,0.03,3000,31,12,20,10.0,30,11.438546708835144,3.3820920609639153,2.3451183320077487,0.9924274128735283,407.922942975154,20.19710234105759,16.558261375824245,0.6760658205424297,21.288893899996765,3000
398,False,,"(3, 6, 8, 9)","(2, 7)",per_frame,100,100,20,2.0,10,5,3.0,True,True,True,False,0.1,0,True,64,0.03,3000,31,12,20,10.0,30,11.438546708835144,3.3820920609639153,2.3451183320077487,0.9924274128735283,407.922942975154,20.19710234105759,16.558261375824245,0.6760658205424297,15.47448919992894,3000
383,False,,"(3, 6, 8, 9)","(2, 7)",per_frame,100,100,20,2.0,10,5,3.0,True,True,True,False,0.1,0,True,64,0.03,3000,15,12,200,10.0,30,27.62966381788029,5.256392662071612,3.6400648636987665,0.9817085122907779,407.9400276305236,20.19752528480961,16.530941414356114,0.6760522535099454,9.572767999954522,3000
23,False,,"(3, 6, 8, 9)","(2, 7)",per_depth,100,100,20,2.0,10,5,3.0,True,True,True,False,0.1,0,True,64,0.03,3000,15,12,200,10.0,30,27.62966381788029,5.256392662071612,3.6400648636987665,0.9817085122907779,407.9400276305236,20.19752528480961,16.530941414356114,0.6760522535099454,14.93912619992625,3000
455,False,,"(3, 6, 8, 9)","(2, 7)",per_frame,100,100,20,2.0,10,5,3.0,True,True,True,False,0.1,0,True,96,0.03,3000,15,12,200,10.0,30,26.25392378364604,5.123858290745953,3.539613485673937,0.9826192845713656,407.95688454331264,20.1979425819392,16.477401008557404,0.6760388673292792,11.61671349988319,3000
95,False,,"(3, 6, 8, 9)","(2, 7)",per_depth,100,100,20,2.0,10,5,3.0,True,True,True,False,0.1,0,True,96,0.03,3000,15,12,200,10.0,30,26.25392378364604,5.123858290745953,3.539613485673937,0.9826192845713656,407.95688454331264,20.1979425819392,16.477401008557404,0.6760388673292792,13.006669600028545,3000
22,False,,"(3, 6, 8, 9)","(2, 7)",per_depth,100,100,20,2.0,10,5,3.0,True,True,True,False,0.1,0,True,64,0.03,3000,15,12,200,1.0,30,27.232208326358922,5.218448842937805,3.6196030469088947,0.9819716371802463,408.3194038069725,20.206914752306265,16.537985024550096,0.6757509884976677,11.395153300021775,3000
382,False,,"(3, 6, 8, 9)","(2, 7)",per_frame,100,100,20,2.0,10,5,3.0,True,True,True,False,0.1,0,True,64,0.03,3000,15,12,200,1.0,30,27.232208326358922,5.218448842937805,3.6196030469088947,0.9819716371802463,408.3194038069725,20.206914752306265,16.537985024550096,0.6757509884976677,9.57845770008862,3000
399,False,,"(3, 6, 8, 9)","(2, 7)",per_frame,100,100,20,2.0,10,5,3.0,True,True,True,False,0.1,0,True,64,0.03,3000,31,12,20,20.0,30,12.299232274807345,3.5070261297582808,2.4027112896506244,0.9918576187726932,408.4945230476833,20.2112474391781,16.58254933909603,0.675611925205142,16.20284799998626,3000
39,False,,"(3, 6, 8, 9)","(2, 7)",per_depth,100,100,20,2.0,10,5,3.0,True,True,True,False,0.1,0,True,64,0.03,3000,31,12,20,20.0,30,12.299232274807345,3.5070261297582808,2.4027112896506244,0.9918576187726932,408.4945230476833,20.2112474391781,16.58254933909603,0.675611925205142,19.740037499926984,3000
370,False,,"(3, 6, 8, 9)","(2, 7)",per_frame,100,100,20,2.0,10,5,3.0,True,True,True,False,0.1,0,True,64,0.03,3000,15,8,200,1.0,30,27.19353341255809,5.21474193153967,3.613433387971955,0.9819972408833932,408.5956642802577,20.21374938699542,16.542356068301626,0.6755316083150344,9.786157599883154,3000
10,False,,"(3, 6, 8, 9)","(2, 7)",per_depth,100,100,20,2.0,10,5,3.0,True,True,True,False,0.1,0,True,64,0.03,3000,15,8,200,1.0,30,27.19353341255809,5.21474193153967,3.613433387971955,0.9819972408833932,408.5956642802577,20.21374938699542,16.542356068301626,0.6755316083150344,9.728385100024752,3000
477,False,,"(3, 6, 8, 9)","(2, 7)",per_frame,100,100,20,2.0,10,5,3.0,True,True,True,False,0.1,0,True,96,0.03,3000,31,12,100,20.0,30,11.043664337094866,3.3232009173528563,2.2653412496489276,0.9926888342971434,408.67476730172893,20.21570595605627,16.563438598030277,0.675468792107233,18.395042200107127,3000
117,False,,"(3, 6, 8, 9)","(2, 7)",per_depth,100,100,20,2.0,10,5,3.0,True,True,True,False,0.1,0,True,96,0.03,3000,31,12,100,20.0,30,11.043664337094866,3.3232009173528563,2.2653412496489276,0.9926888342971434,408.67476730172893,20.21570595605627,16.563438598030277,0.675468792107233,24.043352200067602,3000
64,False,,"(3, 6, 8, 9)","(2, 7)",per_depth,100,100,20,2.0,10,5,3.0,True,True,True,False,0.1,0,True,64,0.03,3000,63,12,50,1.0,30,3.248235097932941,1.802286075497711,1.2112749519981445,0.997849591918232,408.7674544819443,20.217998280787945,16.57616959724577,0.6753951886333751,31.423924800008535,3000
424,False,,"(3, 6, 8, 9)","(2, 7)",per_frame,100,100,20,2.0,10,5,3.0,True,True,True,False,0.1,0,True,64,0.03,3000,63,12,50,1.0,30,3.248235097932941,1.802286075497711,1.2112749519981445,0.997849591918232,408.7674544819443,20.217998280787945,16.57616959724577,0.6753951886333751,24.661010400159284,3000
42,False,,"(3, 6, 8, 9)","(2, 7)",per_depth,100,100,20,2.0,10,5,3.0,True,True,True,False,0.1,0,True,64,0.03,3000,31,12,50,20.0,30,12.082260774633179,3.475954656584746,2.388506650536907,0.9920012590122143,408.803832292362,20.21889790004297,16.648154097636098,0.6753663007848952,21.487704399973154,3000
402,False,,"(3, 6, 8, 9)","(2, 7)",per_frame,100,100,20,2.0,10,5,3.0,True,True,True,False,0.1,0,True,64,0.03,3000,31,12,50,20.0,30,12.082260774633179,3.475954656584746,2.388506650536907,0.9920012590122143,408.803832292362,20.21889790004297,16.648154097636098,0.6753663007848952,15.250504299998283,3000
470,False,,"(3, 6, 8, 9)","(2, 7)",per_frame,100,100,20,2.0,10,5,3.0,True,True,True,False,0.1,0,True,96,0.03,3000,31,12,20,10.0,30,10.325196748271383,3.2132844175813915,2.2115336653377864,0.9931644767500181,408.81532323138487,20.219182061383812,16.55307697775696,0.6753571757578094,19.407083499943838,3000
110,False,,"(3, 6, 8, 9)","(2, 7)",per_depth,100,100,20,2.0,10,5,3.0,True,True,True,False,0.1,0,True,96,0.03,3000,31,12,20,10.0,30,10.325196748271383,3.2132844175813915,2.2115336653377864,0.9931644767500181,408.81532323138487,20.219182061383812,16.55307697775696,0.6753571757578094,22.953991800080985,3000
101,False,,"(3, 6, 8, 9)","(2, 7)",per_depth,100,100,20,2.0,10,5,3.0,True,True,True,False,0.1,0,True,96,0.03,3000,31,8,50,10.0,30,10.759307695908074,3.2801383653602287,2.2296270088628676,0.9928770850859184,409.00607954924163,20.223898722779484,16.592483804338325,0.6752056949637883,20.46945420000702,3000
461,False,,"(3, 6, 8, 9)","(2, 7)",per_frame,100,100,20,2.0,10,5,3.0,True,True,True,False,0.1,0,True,96,0.03,3000,31,8,50,10.0,30,10.759307695908074,3.2801383653602287,2.2296270088628676,0.9928770850859184,409.00607954924163,20.223898722779484,16.592483804338325,0.6752056949637883,17.995434599928558,3000
463,False,,"(3, 6, 8, 9)","(2, 7)",per_frame,100,100,20,2.0,10,5,3.0,True,True,True,False,0.1,0,True,96,0.03,3000,31,8,100,1.0,30,10.724493944551977,3.2748273152262515,2.2186723075580983,0.9929001326086548,409.113173220181,20.226546250415097,16.614665760047664,0.6751206512048671,17.241548100020736,3000
103,False,,"(3, 6, 8, 9)","(2, 7)",per_depth,100,100,20,2.0,10,5,3.0,True,True,True,False,0.1,0,True,96,0.03,3000,31,8,100,1.0,30,10.724493944551977,3.2748273152262515,2.2186723075580983,0.9929001326086548,409.113173220181,20.226546250415097,16.614665760047664,0.6751206512048671,19.7472698999336,3000
404,False,,"(3, 6, 8, 9)","(2, 7)",per_frame,100,100,20,2.0,10,5,3.0,True,True,True,False,0.1,0,True,64,0.03,3000,31,12,100,10.0,30,11.942537900190851,3.4557977226959986,2.3618423793824834,0.9920937588434611,409.27687516924567,20.230592556058404,16.623780316236235,0.6749906544555813,14.714465399971232,3000
44,False,,"(3, 6, 8, 9)","(2, 7)",per_depth,100,100,20,2.0,10,5,3.0,True,True,True,False,0.1,0,True,64,0.03,3000,31,12,100,10.0,30,11.942537900190851,3.4557977226959986,2.3618423793824834,0.9920937588434611,409.27687516924567,20.230592556058404,16.623780316236235,0.6749906544555813,20.832001099945046,3000
452,False,,"(3, 6, 8, 9)","(2, 7)",per_frame,100,100,20,2.0,10,5,3.0,True,True,True,False,0.1,0,True,96,0.03,3000,15,12,100,10.0,30,25.63741119168208,5.063339924563833,3.504026981900025,0.9830274304168171,409.30066249376915,20.231180452306017,16.49790800978287,0.6749717647912863,11.65651150001213,3000
92,False,,"(3, 6, 8, 9)","(2, 7)",per_depth,100,100,20,2.0,10,5,3.0,True,True,True,False,0.1,0,True,96,0.03,3000,15,12,100,10.0,30,25.63741119168208,5.063339924563833,3.504026981900025,0.9830274304168171,409.30066249376915,20.231180452306017,16.49790800978287,0.6749717647912863,13.154160599922761,3000
51,False,,"(3, 6, 8, 9)","(2, 7)",per_depth,100,100,20,2.0,10,5,3.0,True,True,True,False,0.1,0,True,64,0.03,3000,63,8,20,20.0,30,4.828392535308117,2.1973603562702495,1.449422403223104,0.9968034905058188,409.4427683487576,20.234692198023613,16.609886067047817,0.6748589176363897,30.720821000053547,3000
411,False,,"(3, 6, 8, 9)","(2, 7)",per_frame,100,100,20,2.0,10,5,3.0,True,True,True,False,0.1,0,True,64,0.03,3000,63,8,20,20.0,30,4.828392535308117,2.1973603562702495,1.449422403223104,0.9968034905058188,409.4427683487576,20.234692198023613,16.609886067047817,0.6748589176363897,25.00951479980722,3000
65,False,,"(3, 6, 8, 9)","(2, 7)",per_depth,100,100,20,2.0,10,5,3.0,True,True,True,False,0.1,0,True,64,0.03,3000,63,12,50,10.0,30,3.7085262608329157,1.9257534268002525,1.2958393729756748,0.9975448683354788,409.8022940051063,20.243574141072674,16.532297663173512,0.6745734160472077,31.5192495000083,3000
425,False,,"(3, 6, 8, 9)","(2, 7)",per_frame,100,100,20,2.0,10,5,3.0,True,True,True,False,0.1,0,True,64,0.03,3000,63,12,50,10.0,30,3.7085262608329157,1.9257534268002525,1.2958393729756748,0.9975448683354788,409.8022940051063,20.243574141072674,16.532297663173512,0.6745734160472077,24.96778339985758,3000
99,False,,"(3, 6, 8, 9)","(2, 7)",per_depth,100,100,20,2.0,10,5,3.0,True,True,True,False,0.1,0,True,96,0.03,3000,31,8,20,20.0,30,11.682316468269166,3.4179403839548117,2.3195206955536816,0.9922660315556825,409.8137469882774,20.243857018569297,16.612818864130784,0.6745643211611029,23.35014370002318,3000
459,False,,"(3, 6, 8, 9)","(2, 7)",per_frame,100,100,20,2.0,10,5,3.0,True,True,True,False,0.1,0,True,96,0.03,3000,31,8,20,20.0,30,11.682316468269166,3.4179403839548117,2.3195206955536816,0.9922660315556825,409.8137469882774,20.243857018569297,16.612818864130784,0.6745643211611029,18.730280000017956,3000
450,False,,"(3, 6, 8, 9)","(2, 7)",per_frame,100,100,20,2.0,10,5,3.0,True,True,True,False,0.1,0,True,96,0.03,3000,15,12,50,20.0,30,25.78996907746207,5.0783825257125,3.528659698521749,0.9829264335059938,409.8749898488893,20.245369590325815,16.482370971008528,0.6745156878195819,12.378676400054246,3000
90,False,,"(3, 6, 8, 9)","(2, 7)",per_depth,100,100,20,2.0,10,5,3.0,True,True,True,False,0.1,0,True,96,0.03,3000,15,12,50,20.0,30,25.78996907746207,5.0783825257125,3.528659698521749,0.9829264335059938,409.8749898488893,20.245369590325815,16.482370971008528,0.6745156878195819,13.534309700015001,3000
107,False,,"(3, 6, 8, 9)","(2, 7)",per_depth,100,100,20,2.0,10,5,3.0,True,True,True,False,0.1,0,True,96,0.03,3000,31,8,200,10.0,30,12.113248392258589,3.480409227699896,2.3682309460476865,0.9919807444800554,410.2167877109852,20.253809214836235,16.635346887015032,0.6742442639835239,21.652208300074562,3000
467,False,,"(3, 6, 8, 9)","(2, 7)",per_frame,100,100,20,2.0,10,5,3.0,True,True,True,False,0.1,0,True,96,0.03,3000,31,8,200,10.0,30,12.113248392258589,3.480409227699896,2.3682309460476865,0.9919807444800554,410.2167877109852,20.253809214836235,16.635346887015032,0.6742442639835239,17.264977999962866,3000
123,False,,"(3, 6, 8, 9)","(2, 7)",per_depth,100,100,20,2.0,10,5,3.0,True,True,True,False,0.1,0,True,96,0.03,3000,63,8,20,20.0,30,3.7192720722368784,1.9285414364842872,1.2802440978650995,0.9975377543554277,410.2945550071754,20.2557289428738,16.5506735126764,0.6741825084835849,36.42150329996366,3000
483,False,,"(3, 6, 8, 9)","(2, 7)",per_frame,100,100,20,2.0,10,5,3.0,True,True,True,False,0.1,0,True,96,0.03,3000,63,8,20,20.0,30,3.7192720722368784,1.9285414364842872,1.2802440978650995,0.9975377543554277,410.2945550071754,20.2557289428738,16.5506735126764,0.6741825084835849,29.630833400180563,3000
475,False,,"(3, 6, 8, 9)","(2, 7)",per_frame,100,100,20,2.0,10,5,3.0,True,True,True,False,0.1,0,True,96,0.03,3000,31,12,100,1.0,30,10.050131474366845,3.170194232908584,2.1632723791528377,0.9933465764349807,410.7630023731874,20.267288974433345,16.656622843789872,0.6738105114784119,17.787207199959084,3000
115,False,,"(3, 6, 8, 9)","(2, 7)",per_depth,100,100,20,2.0,10,5,3.0,True,True,True,False,0.1,0,True,96,0.03,3000,31,12,100,1.0,30,10.050131474366845,3.170194232908584,2.1632723791528377,0.9933465764349807,410.7630023731874,20.267288974433345,16.656622843789872,0.6738105114784119,20.682750300038606,3000
384,False,,"(3, 6, 8, 9)","(2, 7)",per_frame,100,100,20,2.0,10,5,3.0,True,True,True,False,0.1,0,True,64,0.03,3000,15,12,200,20.0,30,27.919102661234323,5.283853012833942,3.6651230998011233,0.981516896964559,410.77809486759634,20.267661307304213,16.5785347037167,0.6737985264334995,9.783901800168678,3000
24,False,,"(3, 6, 8, 9)","(2, 7)",per_depth,100,100,20,2.0,10,5,3.0,True,True,True,False,0.1,0,True,64,0.03,3000,15,12,200,20.0,30,27.919102661234323,5.283853012833942,3.6651230998011233,0.981516896964559,410.77809486759634,20.267661307304213,16.5785347037167,0.6737985264334995,11.907123600016348,3000
412,False,,"(3, 6, 8, 9)","(2, 7)",per_frame,100,100,20,2.0,10,5,3.0,True,True,True,False,0.1,0,True,64,0.03,3000,63,8,50,1.0,30,3.8802088125372483,1.9698245638983305,1.308090543494238,0.9974312104457164,410.7840801660988,20.267808963134097,16.64340241822855,0.6737937734702435,23.433617000002414,3000
52,False,,"(3, 6, 8, 9)","(2, 7)",per_depth,100,100,20,2.0,10,5,3.0,True,True,True,False,0.1,0,True,64,0.03,3000,63,8,50,1.0,30,3.8802088125372483,1.9698245638983305,1.308090543494238,0.9974312104457164,410.7840801660988,20.267808963134097,16.64340241822855,0.6737937734702435,28.97568949998822,3000
48,False,,"(3, 6, 8, 9)","(2, 7)",per_depth,100,100,20,2.0,10,5,3.0,True,True,True,False,0.1,0,True,64,0.03,3000,31,12,200,20.0,30,13.32681499756667,3.6505910477026413,2.491555929205506,0.9911773348261547,410.7970431218028,20.268128752349163,16.662147321131282,0.6737834795054356,18.698814300005324,3000
408,False,,"(3, 6, 8, 9)","(2, 7)",per_frame,100,100,20,2.0,10,5,3.0,True,True,True,False,0.1,0,True,64,0.03,3000,31,12,200,20.0,30,13.32681499756667,3.6505910477026413,2.491555929205506,0.9911773348261547,410.7970431218028,20.268128752349163,16.662147321131282,0.6737834795054356,14.82338729989715,3000
466,False,,"(3, 6, 8, 9)","(2, 7)",per_frame,100,100,20,2.0,10,5,3.0,True,True,True,False,0.1,0,True,96,0.03,3000,31,8,200,1.0,30,11.57271716720662,3.4018696575863423,2.3164773398611596,0.9923385888723961,411.0982803880575,20.275558694843838,16.6293106220333,0.6735442650941192,16.89912789990194,3000
106,False,,"(3, 6, 8, 9)","(2, 7)",per_depth,100,100,20,2.0,10,5,3.0,True,True,True,False,0.1,0,True,96,0.03,3000,31,8,200,1.0,30,11.57271716720662,3.4018696575863423,2.3164773398611596,0.9923385888723961,411.0982803880575,20.275558694843838,16.6293106220333,0.6735442650941192,19.93464110000059,3000
12,False,,"(3, 6, 8, 9)","(2, 7)",per_depth,100,100,20,2.0,10,5,3.0,True,True,True,False,0.1,0,True,64,0.03,3000,15,8,200,20.0,30,28.097937366154664,5.30074875523776,3.6712694725263146,0.9813985041810422,411.09980809866914,20.275596368508353,16.584570272920782,0.673543051929496,11.763792700017802,3000
372,False,,"(3, 6, 8, 9)","(2, 7)",per_frame,100,100,20,2.0,10,5,3.0,True,True,True,False,0.1,0,True,64,0.03,3000,15,8,200,20.0,30,28.097937366154664,5.30074875523776,3.6712694725263146,0.9813985041810422,411.09980809866914,20.275596368508353,16.584570272920782,0.673543051929496,9.696584800025448,3000
393,False,,"(3, 6, 8, 9)","(2, 7)",per_frame,100,100,20,2.0,10,5,3.0,True,True,True,False,0.1,0,True,64,0.03,3000,31,8,100,20.0,30,13.420540421810358,3.6634055770294336,2.4874710771015747,0.9911152863894854,411.3060181945691,20.280680910525888,16.680458939123948,0.6733792991929521,14.28317920002155,3000
33,False,,"(3, 6, 8, 9)","(2, 7)",per_depth,100,100,20,2.0,10,5,3.0,True,True,True,False,0.1,0,True,64,0.03,3000,31,8,100,20.0,30,13.420540421810358,3.6634055770294336,2.4874710771015747,0.9911152863894854,411.3060181945691,20.280680910525888,16.680458939123948,0.6733792991929521,21.24652479996439,3000
457,False,,"(3, 6, 8, 9)","(2, 7)",per_frame,100,100,20,2.0,10,5,3.0,True,True,True,False,0.1,0,True,96,0.03,3000,31,8,20,1.0,30,9.782236796379149,3.1276567580825025,2.1541347287512354,0.993523929016687,411.32525342913686,20.28115513054266,16.600903679836474,0.6733640243719751,17.721673399908468,3000
97,False,,"(3, 6, 8, 9)","(2, 7)",per_depth,100,100,20,2.0,10,5,3.0,True,True,True,False,0.1,0,True,96,0.03,3000,31,8,20,1.0,30,9.782236796379149,3.1276567580825025,2.1541347287512354,0.993523929016687,411.32525342913686,20.28115513054266,16.600903679836474,0.6733640243719751,21.04356200003531,3000
100,False,,"(3, 6, 8, 9)","(2, 7)",per_depth,100,100,20,2.0,10,5,3.0,True,True,True,False,0.1,0,True,96,0.03,3000,31,8,50,1.0,30,10.045606101080217,3.169480415001837,2.1588650393905886,0.9933495723386007,411.37976369210725,20.28249895087159,16.63367229394404,0.6733207374286653,21.811112700030208,3000
460,False,,"(3, 6, 8, 9)","(2, 7)",per_frame,100,100,20,2.0,10,5,3.0,True,True,True,False,0.1,0,True,96,0.03,3000,31,8,50,1.0,30,10.045606101080217,3.169480415001837,2.1588650393905886,0.9933495723386007,411.37976369210725,20.28249895087159,16.63367229394404,0.6733207374286653,17.32266480010003,3000
17,False,,"(3, 6, 8, 9)","(2, 7)",per_depth,100,100,20,2.0,10,5,3.0,True,True,True,False,0.1,0,True,64,0.03,3000,15,12,50,10.0,30,26.170552143753614,5.115716190696432,3.5639638062416004,0.9826744785591188,411.5091569199769,20.285688475375366,16.561886178895442,0.6732179854510696,12.510339900036342,3000
377,False,,"(3, 6, 8, 9)","(2, 7)",per_frame,100,100,20,2.0,10,5,3.0,True,True,True,False,0.1,0,True,64,0.03,3000,15,12,50,10.0,30,26.170552143753614,5.115716190696432,3.5639638062416004,0.9826744785591188,411.5091569199769,20.285688475375366,16.561886178895442,0.6732179854510696,9.83691309997812,3000
395,False,,"(3, 6, 8, 9)","(2, 7)",per_frame,100,100,20,2.0,10,5,3.0,True,True,True,False,0.1,0,True,64,0.03,3000,31,8,200,10.0,30,13.705777731294798,3.7021315118853892,2.5261910689597267,0.990926452577571,411.5857612174393,20.287576524006983,16.667130559696297,0.6731571534957488,14.004620099905878,3000
35,False,,"(3, 6, 8, 9)","(2, 7)",per_depth,100,100,20,2.0,10,5,3.0,True,True,True,False,0.1,0,True,64,0.03,3000,31,8,200,10.0,30,13.705777731294798,3.7021315118853892,2.5261910689597267,0.990926452577571,411.5857612174393,20.287576524006983,16.667130559696297,0.6731571534957488,17.838108399999328,3000
367,False,,"(3, 6, 8, 9)","(2, 7)",per_frame,100,100,20,2.0,10,5,3.0,True,True,True,False,0.1,0,True,64,0.03,3000,15,8,100,1.0,30,26.202724342193484,5.11885967205524,3.5565571827667206,0.9826531798065817,411.6859642838158,20.290045940899585,16.59749197691172,0.6730775816093306,9.836946099996567,3000
7,False,,"(3, 6, 8, 9)","(2, 7)",per_depth,100,100,20,2.0,10,5,3.0,True,True,True,False,0.1,0,True,64,0.03,3000,15,8,100,1.0,30,26.202724342193484,5.11885967205524,3.5565571827667206,0.9826531798065817,411.6859642838158,20.290045940899585,16.59749197691172,0.6730775816093306,9.878311300068162,3000
27,False,,"(3, 6, 8, 9)","(2, 7)",per_depth,100,100,20,2.0,10,5,3.0,True,True,True,False,0.1,0,True,64,0.03,3000,31,8,20,20.0,30,12.90233756819092,3.5919824008743304,2.441643179202488,0.9914583488744416,411.6885346324686,20.290109280939532,16.62351633554353,0.673075540479269,20.312430099933408,3000
387,False,,"(3, 6, 8, 9)","(2, 7)",per_frame,100,100,20,2.0,10,5,3.0,True,True,True,False,0.1,0,True,64,0.03,3000,31,8,20,20.0,30,12.90233756819092,3.5919824008743304,2.441643179202488,0.9914583488744416,411.6885346324686,20.290109280939532,16.62351633554353,0.673075540479269,15.454723000060767,3000
453,False,,"(3, 6, 8, 9)","(2, 7)",per_frame,100,100,20,2.0,10,5,3.0,True,True,True,False,0.1,0,True,96,0.03,3000,15,12,100,20.0,30,25.97797399979345,5.0968592289559504,3.529951355368376,0.9828019698227307,411.75439396831274,20.291732157908864,16.525778069296734,0.6730232411656762,11.842493900097907,3000
93,False,,"(3, 6, 8, 9)","(2, 7)",per_depth,100,100,20,2.0,10,5,3.0,True,True,True,False,0.1,0,True,96,0.03,3000,15,12,100,20.0,30,25.97797399979345,5.0968592289559504,3.529951355368376,0.9828019698227307,411.75439396831274,20.291732157908864,16.525778069296734,0.6730232411656762,14.472957500023767,3000
74,False,,"(3, 6, 8, 9)","(2, 7)",per_depth,100,100,20,2.0,10,5,3.0,True,True,True,False,0.1,0,True,96,0.03,3000,15,8,20,10.0,30,25.601056499907564,5.059748659756487,3.5212387462484918,0.9830514980783764,411.87693433965524,20.294751398813812,16.559798311246727,0.6729259310846307,13.666632600012235,3000
434,False,,"(3, 6, 8, 9)","(2, 7)",per_frame,100,100,20,2.0,10,5,3.0,True,True,True,False,0.1,0,True,96,0.03,3000,15,8,20,10.0,30,25.601056499907564,5.059748659756487,3.5212387462484918,0.9830514980783764,411.87693433965524,20.294751398813812,16.559798311246727,0.6729259310846307,12.195881300140172,3000
80,False,,"(3, 6, 8, 9)","(2, 7)",per_depth,100,100,20,2.0,10,5,3.0,True,True,True,False,0.1,0,True,96,0.03,3000,15,8,100,10.0,30,25.69634358973773,5.069156102324896,3.506868898510502,0.9829884157823353,412.4118835544867,20.307926618798056,16.559298017965528,0.6725011245422626,13.619192600017413,3000
440,False,,"(3, 6, 8, 9)","(2, 7)",per_frame,100,100,20,2.0,10,5,3.0,True,True,True,False,0.1,0,True,96,0.03,3000,15,8,100,10.0,30,25.69634358973773,5.069156102324896,3.506868898510502,0.9829884157823353,412.4118835544867,20.307926618798056,16.559298017965528,0.6725011245422626,11.77195219998248,3000
397,False,,"(3, 6, 8, 9)","(2, 7)",per_frame,100,100,20,2.0,10,5,3.0,True,True,True,False,0.1,0,True,64,0.03,3000,31,12,20,1.0,30,10.225304847044077,3.197703057984602,2.2432649333240873,0.9932306075395779,412.44621448818026,20.30877186065618,16.628815021861286,0.6724738621314874,15.414721200009808,3000
37,False,,"(3, 6, 8, 9)","(2, 7)",per_depth,100,100,20,2.0,10,5,3.0,True,True,True,False,0.1,0,True,64,0.03,3000,31,12,20,1.0,30,10.225304847044077,3.197703057984602,2.2432649333240873,0.9932306075395779,412.44621448818026,20.30877186065618,16.628815021861286,0.6724738621314874,19.53976249997504,3000
414,False,,"(3, 6, 8, 9)","(2, 7)",per_frame,100,100,20,2.0,10,5,3.0,True,True,True,False,0.1,0,True,64,0.03,3000,63,8,50,20.0,30,4.963155000724717,2.2278139511020028,1.4732085735799183,0.9967142745820899,412.5335084880514,20.310920916788863,16.662588689327126,0.6724045414161248,23.599772399989888,3000
54,False,,"(3, 6, 8, 9)","(2, 7)",per_depth,100,100,20,2.0,10,5,3.0,True,True,True,False,0.1,0,True,64,0.03,3000,63,8,50,20.0,30,4.963155000724717,2.2278139511020028,1.4732085735799183,0.9967142745820899,412.5335084880514,20.310920916788863,16.662588689327126,0.6724045414161248,31.287951900041662,3000
108,False,,"(3, 6, 8, 9)","(2, 7)",per_depth,100,100,20,2.0,10,5,3.0,True,True,True,False,0.1,0,True,96,0.03,3000,31,8,200,20.0,30,12.28624482757384,3.505174008173323,2.3847643453145118,0.9918662167684202,412.62398791650907,20.31314815375768,16.662058412100375,0.6723326911318495,21.041384999989532,3000
468,False,,"(3, 6, 8, 9)","(2, 7)",per_frame,100,100,20,2.0,10,5,3.0,True,True,True,False,0.1,0,True,96,0.03,3000,31,8,200,20.0,30,12.28624482757384,3.505174008173323,2.3847643453145118,0.9918662167684202,412.62398791650907,20.31314815375768,16.662058412100375,0.6723326911318495,16.96575769991614,3000
566,False,,"(3, 6, 8, 9)","(2, 7)",per_frame,100,100,20,2.0,10,5,3.0,True,True,True,False,0.1,0,True,128,0.03,3000,63,12,20,10.0,30,2.4106025359203462,1.5526115212506786,1.0668766729689227,0.9984041243878953,412.65160291017077,20.313827874385733,16.513949207075747,0.6723107618913725,39.5085773000028,3000
206,False,,"(3, 6, 8, 9)","(2, 7)",per_depth,100,100,20,2.0,10,5,3.0,True,True,True,False,0.1,0,True,128,0.03,3000,63,12,20,10.0,30,2.4106025359203462,1.5526115212506786,1.0668766729689227,0.9984041243878953,412.65160291017077,20.313827874385733,16.513949207075747,0.6723107618913725,49.55054859991651,3000
374,False,,"(3, 6, 8, 9)","(2, 7)",per_frame,100,100,20,2.0,10,5,3.0,True,True,True,False,0.1,0,True,64,0.03,3000,15,12,20,10.0,30,26.029817699184054,5.101942541736829,3.570699826165728,0.9827676480735971,412.7475947514109,20.316190458632022,16.609544366071358,0.6722345341653713,10.176524400012568,3000
14,False,,"(3, 6, 8, 9)","(2, 7)",per_depth,100,100,20,2.0,10,5,3.0,True,True,True,False,0.1,0,True,64,0.03,3000,15,12,20,10.0,30,26.029817699184054,5.101942541736829,3.570699826165728,0.9827676480735971,412.7475947514109,20.316190458632022,16.609544366071358,0.6722345341653713,11.945627799956128,3000
375,False,,"(3, 6, 8, 9)","(2, 7)",per_frame,100,100,20,2.0,10,5,3.0,True,True,True,False,0.1,0,True,64,0.03,3000,15,12,20,20.0,30,27.005175649722016,5.196650425968829,3.621097486313171,0.9821219381553746,412.8205091138882,20.31798486843339,16.59241255196911,0.6721766324106735,10.307592099998146,3000
15,False,,"(3, 6, 8, 9)","(2, 7)",per_depth,100,100,20,2.0,10,5,3.0,True,True,True,False,0.1,0,True,64,0.03,3000,15,12,20,20.0,30,27.005175649722016,5.196650425968829,3.621097486313171,0.9821219381553746,412.8205091138882,20.31798486843339,16.59241255196911,0.6721766324106735,13.96714730001986,3000
36,False,,"(3, 6, 8, 9)","(2, 7)",per_depth,100,100,20,2.0,10,5,3.0,True,True,True,False,0.1,0,True,64,0.03,3000,31,8,200,20.0,30,14.139811034001331,3.760294008984049,2.5645233252197945,0.9906391123162425,412.9352468394543,20.320808223086363,16.70582723622188,0.6720855184598057,18.288395899930038,3000
396,False,,"(3, 6, 8, 9)","(2, 7)",per_frame,100,100,20,2.0,10,5,3.0,True,True,True,False,0.1,0,True,64,0.03,3000,31,8,200,20.0,30,14.139811034001331,3.760294008984049,2.5645233252197945,0.9906391123162425,412.9352468394543,20.320808223086363,16.70582723622188,0.6720855184598057,14.113396700005978,3000
378,False,,"(3, 6, 8, 9)","(2, 7)",per_frame,100,100,20,2.0,10,5,3.0,True,True,True,False,0.1,0,True,64,0.03,3000,15,12,50,20.0,30,26.962831805353776,5.192574679805171,3.612729809997148,0.9821499707769051,413.00169493274603,20.322443133952817,16.60973437111672,0.6720327516102139,10.16675280011259,3000
18,False,,"(3, 6, 8, 9)","(2, 7)",per_depth,100,100,20,2.0,10,5,3.0,True,True,True,False,0.1,0,True,64,0.03,3000,15,12,50,20.0,30,26.962831805353776,5.192574679805171,3.612729809997148,0.9821499707769051,413.00169493274603,20.322443133952817,16.60973437111672,0.6720327516102139,12.509141299990006,3000
391,False,,"(3, 6, 8, 9)","(2, 7)",per_frame,100,100,20,2.0,10,5,3.0,True,True,True,False,0.1,0,True,64,0.03,3000,31,8,100,1.0,30,12.264228356276597,3.5020320324458196,2.374212832744876,0.9918807921905748,413.0912004541028,20.32464514952482,16.734067754057673,0.6719616747117042,14.115635100053623,3000
31,False,,"(3, 6, 8, 9)","(2, 7)",per_depth,100,100,20,2.0,10,5,3.0,True,True,True,False,0.1,0,True,64,0.03,3000,31,8,100,1.0,30,12.264228356276597,3.5020320324458196,2.374212832744876,0.9918807921905748,413.0912004541028,20.32464514952482,16.734067754057673,0.6719616747117042,18.376421199995093,3000
91,False,,"(3, 6, 8, 9)","(2, 7)",per_depth,100,100,20,2.0,10,5,3.0,True,True,True,False,0.1,0,True,96,0.03,3000,15,12,100,1.0,30,24.924814699264488,4.992475808580798,3.46550452441124,0.9834991860656953,413.1311060453642,20.325626830318523,16.586731059384903,0.6719299854302269,14.40096849994734,3000
451,False,,"(3, 6, 8, 9)","(2, 7)",per_frame,100,100,20,2.0,10,5,3.0,True,True,True,False,0.1,0,True,96,0.03,3000,15,12,100,1.0,30,24.924814699264488,4.992475808580798,3.46550452441124,0.9834991860656953,413.1311060453642,20.325626830318523,16.586731059384903,0.6719299854302269,11.855275500100106,3000
112,False,,"(3, 6, 8, 9)","(2, 7)",per_depth,100,100,20,2.0,10,5,3.0,True,True,True,False,0.1,0,True,96,0.03,3000,31,12,50,1.0,30,9.459880891216368,3.0756919369820457,2.1210221069232955,0.9937373362125235,413.17136929376176,20.326617261457002,16.67182561753069,0.6718980121309639,22.46706409996841,3000
472,False,,"(3, 6, 8, 9)","(2, 7)",per_frame,100,100,20,2.0,10,5,3.0,True,True,True,False,0.1,0,True,96,0.03,3000,31,12,50,1.0,30,9.459880891216368,3.0756919369820457,2.1210221069232955,0.9937373362125235,413.17136929376176,20.326617261457002,16.67182561753069,0.6718980121309639,18.420225099893287,3000
21,False,,"(3, 6, 8, 9)","(2, 7)",per_depth,100,100,20,2.0,10,5,3.0,True,True,True,False,0.1,0,True,64,0.03,3000,15,12,100,20.0,30,27.467143074573727,5.240910519611428,3.637212039256229,0.9818161048477587,413.2041557407516,20.32742373594725,16.608385727255104,0.6718719762068124,13.016980900079943,3000
381,False,,"(3, 6, 8, 9)","(2, 7)",per_frame,100,100,20,2.0,10,5,3.0,True,True,True,False,0.1,0,True,64,0.03,3000,15,12,100,20.0,30,27.467143074573727,5.240910519611428,3.637212039256229,0.9818161048477587,413.2041557407516,20.32742373594725,16.608385727255104,0.6718719762068124,9.858784900046885,3000
413,False,,"(3, 6, 8, 9)","(2, 7)",per_frame,100,100,20,2.0,10,5,3.0,True,True,True,False,0.1,0,True,64,0.03,3000,63,8,50,10.0,30,4.443413890150356,2.107940675197088,1.393933976058716,0.997058355429353,413.20526388121016,20.327450993206458,16.655861814210496,0.6718710962254915,23.511411799816415,3000
53,False,,"(3, 6, 8, 9)","(2, 7)",per_depth,100,100,20,2.0,10,5,3.0,True,True,True,False,0.1,0,True,64,0.03,3000,63,8,50,10.0,30,4.443413890150356,2.107940675197088,1.393933976058716,0.997058355429353,413.20526388121016,20.327450993206458,16.655861814210496,0.6718710962254915,29.302560699987225,3000
207,False,,"(3, 6, 8, 9)","(2, 7)",per_depth,100,100,20,2.0,10,5,3.0,True,True,True,False,0.1,0,True,128,0.03,3000,63,12,20,20.0,30,2.761848386123034,1.6618809783263764,1.1321031630059817,0.99817159136852,413.2431287832741,20.32838234546158,16.536601944880797,0.6718410274681648,48.478641299996525,3000
567,False,,"(3, 6, 8, 9)","(2, 7)",per_frame,100,100,20,2.0,10,5,3.0,True,True,True,False,0.1,0,True,128,0.03,3000,63,12,20,20.0,30,2.761848386123034,1.6618809783263764,1.1321031630059817,0.99817159136852,413.2431287832741,20.32838234546158,16.536601944880797,0.6718410274681648,40.60255529987626,3000
441,False,,"(3, 6, 8, 9)","(2, 7)",per_frame,100,100,20,2.0,10,5,3.0,True,True,True,False,0.1,0,True,96,0.03,3000,15,8,100,20.0,30,26.39877043156492,5.137973377856771,3.5563958788538605,0.9825233926814898,413.361284395658,20.33128831126198,16.559892839102627,0.6717471993518378,11.963203300023451,3000
81,False,,"(3, 6, 8, 9)","(2, 7)",per_depth,100,100,20,2.0,10,5,3.0,True,True,True,False,0.1,0,True,96,0.03,3000,15,8,100,20.0,30,26.39877043156492,5.137973377856771,3.5563958788538605,0.9825233926814898,413.361284395658,20.33128831126198,16.559892839102627,0.6717471993518378,14.441454800078645,3000
462,False,,"(3, 6, 8, 9)","(2, 7)",per_frame,100,100,20,2.0,10,5,3.0,True,True,True,False,0.1,0,True,96,0.03,3000,31,8,50,20.0,30,11.643154388403335,3.4122066743389583,2.3112058485683304,0.9922919577742298,413.4983305906157,20.334658359328678,16.67170850258613,0.671638370104854,17.888318500015885,3000
102,False,,"(3, 6, 8, 9)","(2, 7)",per_depth,100,100,20,2.0,10,5,3.0,True,True,True,False,0.1,0,True,96,0.03,3000,31,8,50,20.0,30,11.643154388403335,3.4122066743389583,2.3112058485683304,0.9922919577742298,413.4983305906157,20.334658359328678,16.67170850258613,0.671638370104854,22.222706499975175,3000
401,False,,"(3, 6, 8, 9)","(2, 7)",per_frame,100,100,20,2.0,10,5,3.0,True,True,True,False,0.1,0,True,64,0.03,3000,31,12,50,10.0,30,11.561273231458896,3.400187234765006,2.3374056263690925,0.9923461650271932,413.51959516016535,20.335181217785234,16.70634813067257,0.6716214837761805,14.91481940005906,3000
41,False,,"(3, 6, 8, 9)","(2, 7)",per_depth,100,100,20,2.0,10,5,3.0,True,True,True,False,0.1,0,True,64,0.03,3000,31,12,50,10.0,30,11.561273231458896,3.400187234765006,2.3374056263690925,0.9923461650271932,413.51959516016535,20.335181217785234,16.70634813067257,0.6716214837761805,21.973474700003862,3000
362,False,,"(3, 6, 8, 9)","(2, 7)",per_frame,100,100,20,2.0,10,5,3.0,True,True,True,False,0.1,0,True,64,0.03,3000,15,8,20,10.0,30,26.69048416102501,5.166283399216986,3.6029483640878683,0.9823302713271294,413.6639790959867,20.338731009971756,16.602471426463275,0.6715068275829397,10.069493900053203,3000
2,False,,"(3, 6, 8, 9)","(2, 7)",per_depth,100,100,20,2.0,10,5,3.0,True,True,True,False,0.1,0,True,64,0.03,3000,15,8,20,10.0,30,26.69048416102501,5.166283399216986,3.6029483640878683,0.9823302713271294,413.6639790959867,20.338731009971756,16.602471426463275,0.6715068275829397,10.175943499896675,3000
43,False,,"(3, 6, 8, 9)","(2, 7)",per_depth,100,100,20,2.0,10,5,3.0,True,True,True,False,0.1,0,True,64,0.03,3000,31,12,100,1.0,30,11.333792536191352,3.3665698472170975,2.3029351643074767,0.992496762601199,413.7219925941251,20.340157142808042,16.733699784878805,0.671460758698508,23.429466200061142,3000
403,False,,"(3, 6, 8, 9)","(2, 7)",per_frame,100,100,20,2.0,10,5,3.0,True,True,True,False,0.1,0,True,64,0.03,3000,31,12,100,1.0,30,11.333792536191352,3.3665698472170975,2.3029351643074767,0.992496762601199,413.7219925941251,20.340157142808042,16.733699784878805,0.671460758698508,14.632846500026062,3000
437,False,,"(3, 6, 8, 9)","(2, 7)",per_frame,100,100,20,2.0,10,5,3.0,True,True,True,False,0.1,0,True,96,0.03,3000,15,8,50,10.0,30,25.346171734446063,5.034498161132454,3.5002731824037934,0.9832202377918031,413.852839212143,20.343373348885454,16.598626106676555,0.6713568525746374,12.044979900121689,3000
77,False,,"(3, 6, 8, 9)","(2, 7)",per_depth,100,100,20,2.0,10,5,3.0,True,True,True,False,0.1,0,True,96,0.03,3000,15,8,50,10.0,30,25.346171734446063,5.034498161132454,3.5002731824037934,0.9832202377918031,413.852839212143,20.343373348885454,16.598626106676555,0.6713568525746374,13.419782000011764,3000
478,False,,"(3, 6, 8, 9)","(2, 7)",per_frame,100,100,20,2.0,10,5,3.0,True,True,True,False,0.1,0,True,96,0.03,3000,31,12,200,1.0,30,10.859344630024973,3.2953519736175334,2.245585227902042,0.9928108582811723,414.0450148297753,20.348096098401328,16.688627412708485,0.6712042447057212,17.5918582000304,3000
118,False,,"(3, 6, 8, 9)","(2, 7)",per_depth,100,100,20,2.0,10,5,3.0,True,True,True,False,0.1,0,True,96,0.03,3000,31,12,200,1.0,30,10.859344630024973,3.2953519736175334,2.245585227902042,0.9928108582811723,414.0450148297753,20.348096098401328,16.688627412708485,0.6712042447057212,22.373013100004755,3000
5,False,,"(3, 6, 8, 9)","(2, 7)",per_depth,100,100,20,2.0,10,5,3.0,True,True,True,False,0.1,0,True,64,0.03,3000,15,8,50,10.0,30,26.596918864206902,5.157220071337552,3.5839664795074375,0.9823922137556743,414.0711009621529,20.348737085189168,16.617588907462586,0.6711835295436238,9.854083599988371,3000
365,False,,"(3, 6, 8, 9)","(2, 7)",per_frame,100,100,20,2.0,10,5,3.0,True,True,True,False,0.1,0,True,64,0.03,3000,15,8,50,10.0,30,26.596918864206902,5.157220071337552,3.5839664795074375,0.9823922137556743,414.0711009621529,20.348737085189168,16.617588907462586,0.6711835295436238,9.999604600016028,3000
75,False,,"(3, 6, 8, 9)","(2, 7)",per_depth,100,100,20,2.0,10,5,3.0,True,True,True,False,0.1,0,True,96,0.03,3000,15,8,20,20.0,30,25.877704582110653,5.087013326315418,3.5325791176849712,0.9828683505370689,414.3140266729964,20.354705271091408,16.63509179364826,0.6709906207058975,13.907566900015809,3000
435,False,,"(3, 6, 8, 9)","(2, 7)",per_frame,100,100,20,2.0,10,5,3.0,True,True,True,False,0.1,0,True,96,0.03,3000,15,8,20,20.0,30,25.877704582110653,5.087013326315418,3.5325791176849712,0.9828683505370689,414.3140266729964,20.354705271091408,16.63509179364826,0.6709906207058975,12.39891880005598,3000
438,False,,"(3, 6, 8, 9)","(2, 7)",per_frame,100,100,20,2.0,10,5,3.0,True,True,True,False,0.1,0,True,96,0.03,3000,15,8,50,20.0,30,26.027152318192076,5.101681322680992,3.5361534442845532,0.9827694126185432,414.3618072531074,20.35587893590221,16.606368399522815,0.6709526778461521,12.066365899983793,3000
78,False,,"(3, 6, 8, 9)","(2, 7)",per_depth,100,100,20,2.0,10,5,3.0,True,True,True,False,0.1,0,True,96,0.03,3000,15,8,50,20.0,30,26.027152318192076,5.101681322680992,3.5361534442845532,0.9827694126185432,414.3618072531074,20.35587893590221,16.606368399522815,0.6709526778461521,14.254223100026138,3000
553,False,,"(3, 6, 8, 9)","(2, 7)",per_frame,100,100,20,2.0,10,5,3.0,True,True,True,False,0.1,0,True,128,0.03,3000,63,8,20,1.0,30,2.3179441469028705,1.5224796047576041,1.0329931193455777,0.9984654664221322,414.37627570150784,20.356234320264342,16.59367038047163,0.6709411883601073,34.22982340003364,3000
193,False,,"(3, 6, 8, 9)","(2, 7)",per_depth,100,100,20,2.0,10,5,3.0,True,True,True,False,0.1,0,True,128,0.03,3000,63,8,20,1.0,30,2.3179441469028705,1.5224796047576041,1.0329931193455777,0.9984654664221322,414.37627570150784,20.356234320264342,16.59367038047163,0.6709411883601073,62.87282250006683,3000
406,False,,"(3, 6, 8, 9)","(2, 7)",per_frame,100,100,20,2.0,10,5,3.0,True,True,True,False,0.1,0,True,64,0.03,3000,31,12,200,1.0,30,12.512956223117305,3.5373657180333087,2.410081645985194,0.9917161284889371,414.4255240980202,20.357443948050555,16.741925631251792,0.6709020798981085,14.595690699992701,3000
46,False,,"(3, 6, 8, 9)","(2, 7)",per_depth,100,100,20,2.0,10,5,3.0,True,True,True,False,0.1,0,True,64,0.03,3000,31,12,200,1.0,30,12.512956223117305,3.5373657180333087,2.410081645985194,0.9917161284889371,414.4255240980202,20.357443948050555,16.741925631251792,0.6709020798981085,19.79319310002029,3000
47,False,,"(3, 6, 8, 9)","(2, 7)",per_depth,100,100,20,2.0,10,5,3.0,True,True,True,False,0.1,0,True,64,0.03,3000,31,12,200,10.0,30,13.048874423103994,3.6123225801558743,2.460414841159493,0.9913613380277567,414.4951455409491,20.359153851301116,16.766305543695808,0.6708467930715736,20.590762999956496,3000
407,False,,"(3, 6, 8, 9)","(2, 7)",per_frame,100,100,20,2.0,10,5,3.0,True,True,True,False,0.1,0,True,64,0.03,3000,31,12,200,10.0,30,13.048874423103994,3.6123225801558743,2.460414841159493,0.9913613380277567,414.4951455409491,20.359153851301116,16.766305543695808,0.6708467930715736,14.75348830013536,3000
126,False,,"(3, 6, 8, 9)","(2, 7)",per_depth,100,100,20,2.0,10,5,3.0,True,True,True,False,0.1,0,True,96,0.03,3000,63,8,50,20.0,30,3.71960960361061,1.9286289439937923,1.2826179620271643,0.9975375309017145,414.6559689470324,20.363103126661034,16.70438189664809,0.6707190821914079,32.903134000021964,3000
486,False,,"(3, 6, 8, 9)","(2, 7)",per_frame,100,100,20,2.0,10,5,3.0,True,True,True,False,0.1,0,True,96,0.03,3000,63,8,50,20.0,30,3.71960960361061,1.9286289439937923,1.2826179620271643,0.9975375309017145,414.6559689470324,20.363103126661034,16.70438189664809,0.6707190821914079,27.84625030006282,3000
73,False,,"(3, 6, 8, 9)","(2, 7)",per_depth,100,100,20,2.0,10,5,3.0,True,True,True,False,0.1,0,True,96,0.03,3000,15,8,20,1.0,30,24.234124716826962,4.922816746216231,3.452401733497748,0.9839564390893989,414.7274568664418,20.364858380711656,16.6485518376225,0.6706623131841387,13.626551700057462,3000
433,False,,"(3, 6, 8, 9)","(2, 7)",per_frame,100,100,20,2.0,10,5,3.0,True,True,True,False,0.1,0,True,96,0.03,3000,15,8,20,1.0,30,24.234124716826962,4.922816746216231,3.452401733497748,0.9839564390893989,414.7274568664418,20.364858380711656,16.6485518376225,0.6706623131841387,12.626139200059697,3000
446,False,,"(3, 6, 8, 9)","(2, 7)",per_frame,100,100,20,2.0,10,5,3.0,True,True,True,False,0.1,0,True,96,0.03,3000,15,12,20,10.0,30,25.154232454900463,5.015399530934745,3.5030833295574313,0.9833473061121369,414.8117216631439,20.366927153184985,16.624061137002748,0.6705953979781006,12.119692799868062,3000
86,False,,"(3, 6, 8, 9)","(2, 7)",per_depth,100,100,20,2.0,10,5,3.0,True,True,True,False,0.1,0,True,96,0.03,3000,15,12,20,10.0,30,25.154232454900463,5.015399530934745,3.5030833295574313,0.9833473061121369,414.8117216631439,20.366927153184985,16.624061137002748,0.6705953979781006,14.63935469998978,3000
120,False,,"(3, 6, 8, 9)","(2, 7)",per_depth,100,100,20,2.0,10,5,3.0,True,True,True,False,0.1,0,True,96,0.03,3000,31,12,200,20.0,30,11.715002799350417,3.4227186269616756,2.328074081239962,0.9922443924352367,414.82614324297634,20.367281194184372,16.70507028652097,0.6705839457106811,20.526063699973747,3000
480,False,,"(3, 6, 8, 9)","(2, 7)",per_frame,100,100,20,2.0,10,5,3.0,True,True,True,False,0.1,0,True,96,0.03,3000,31,12,200,20.0,30,11.715002799350417,3.4227186269616756,2.328074081239962,0.9922443924352367,414.82614324297634,20.367281194184372,16.70507028652097,0.6705839457106811,17.78807649994269,3000
87,False,,"(3, 6, 8, 9)","(2, 7)",per_depth,100,100,20,2.0,10,5,3.0,True,True,True,False,0.1,0,True,96,0.03,3000,15,12,20,20.0,30,25.885417210943697,5.087771340276968,3.545486061863289,0.9828632445952653,414.94810495971575,20.370275033973297,16.65064949858944,0.6704870951429021,13.915918600047007,3000
447,False,,"(3, 6, 8, 9)","(2, 7)",per_frame,100,100,20,2.0,10,5,3.0,True,True,True,False,0.1,0,True,96,0.03,3000,15,12,20,20.0,30,25.885417210943697,5.087771340276968,3.545486061863289,0.9828632445952653,414.94810495971575,20.370275033973297,16.65064949858944,0.6704870951429021,12.570361100137234,3000
379,False,,"(3, 6, 8, 9)","(2, 7)",per_frame,100,100,20,2.0,10,5,3.0,True,True,True,False,0.1,0,True,64,0.03,3000,15,12,100,1.0,30,26.180552567847037,5.11669351904597,3.5562850192617494,0.9826678580430098,414.95426404341464,20.370426211628825,16.674760592702203,0.6704822041757266,9.68029100005515,3000
19,False,,"(3, 6, 8, 9)","(2, 7)",per_depth,100,100,20,2.0,10,5,3.0,True,True,True,False,0.1,0,True,64,0.03,3000,15,12,100,1.0,30,26.180552567847037,5.11669351904597,3.5562850192617494,0.9826678580430098,414.95426404341464,20.370426211628825,16.674760592702203,0.6704822041757266,13.369511400000192,3000
113,False,,"(3, 6, 8, 9)","(2, 7)",per_depth,100,100,20,2.0,10,5,3.0,True,True,True,False,0.1,0,True,96,0.03,3000,31,12,50,10.0,30,10.23510403250109,3.1992349136162366,2.202148017447569,0.9932241202481824,415.01833684218985,20.371998842582673,16.707180783673426,0.6704313235624779,23.012634399929084,3000
473,False,,"(3, 6, 8, 9)","(2, 7)",per_frame,100,100,20,2.0,10,5,3.0,True,True,True,False,0.1,0,True,96,0.03,3000,31,12,50,10.0,30,10.23510403250109,3.1992349136162366,2.202148017447569,0.9932241202481824,415.01833684218985,20.371998842582673,16.707180783673426,0.6704313235624779,18.994123900076374,3000
8,False,,"(3, 6, 8, 9)","(2, 7)",per_depth,100,100,20,2.0,10,5,3.0,True,True,True,False,0.1,0,True,64,0.03,3000,15,8,100,10.0,30,26.827297710364622,5.17950747758555,3.600650483235804,0.9822396975375713,415.02537893051374,20.37217167929118,16.65093441516352,0.6704257313957658,10.060478999977931,3000
368,False,,"(3, 6, 8, 9)","(2, 7)",per_frame,100,100,20,2.0,10,5,3.0,True,True,True,False,0.1,0,True,64,0.03,3000,15,8,100,10.0,30,26.827297710364622,5.17950747758555,3.600650483235804,0.9822396975375713,415.02537893051374,20.37217167929118,16.65093441516352,0.6704257313957658,9.852768399985507,3000
6,False,,"(3, 6, 8, 9)","(2, 7)",per_depth,100,100,20,2.0,10,5,3.0,True,True,True,False,0.1,0,True,64,0.03,3000,15,8,50,20.0,30,27.667520985134495,5.259992489075863,3.6498233101924753,0.9816834499550905,415.084926278533,20.37363311435967,16.65166596496036,0.6703784444714784,10.029221399920061,3000
366,False,,"(3, 6, 8, 9)","(2, 7)",per_frame,100,100,20,2.0,10,5,3.0,True,True,True,False,0.1,0,True,64,0.03,3000,15,8,50,20.0,30,27.667520985134495,5.259992489075863,3.6498233101924753,0.9816834499550905,415.084926278533,20.37363311435967,16.65166596496036,0.6703784444714784,10.103365400107577,3000
209,False,,"(3, 6, 8, 9)","(2, 7)",per_depth,100,100,20,2.0,10,5,3.0,True,True,True,False,0.1,0,True,128,0.03,3000,63,12,50,10.0,30,2.3990636266766057,1.548891095809065,1.0576457862167452,0.9984117634173819,415.09146896208193,20.37379368115035,16.560093939252347,0.670373248885245,41.589958900003694,3000
569,False,,"(3, 6, 8, 9)","(2, 7)",per_frame,100,100,20,2.0,10,5,3.0,True,True,True,False,0.1,0,True,128,0.03,3000,63,12,50,10.0,30,2.3990636266766057,1.548891095809065,1.0576457862167452,0.9984117634173819,415.09146896208193,20.37379368115035,16.560093939252347,0.670373248885245,36.01433579996228,3000
79,False,,"(3, 6, 8, 9)","(2, 7)",per_depth,100,100,20,2.0,10,5,3.0,True,True,True,False,0.1,0,True,96,0.03,3000,15,8,100,1.0,30,24.963713715564477,4.996370053905583,3.4613120327472915,0.9834734340014197,415.15440297962164,20.375338107124055,16.63999506341201,0.6703232725853511,13.716780700022355,3000
439,False,,"(3, 6, 8, 9)","(2, 7)",per_frame,100,100,20,2.0,10,5,3.0,True,True,True,False,0.1,0,True,96,0.03,3000,15,8,100,1.0,30,24.963713715564477,4.996370053905583,3.4613120327472915,0.9834734340014197,415.15440297962164,20.375338107124055,16.63999506341201,0.6703232725853511,11.78824710007757,3000
364,False,,"(3, 6, 8, 9)","(2, 7)",per_frame,100,100,20,2.0,10,5,3.0,True,True,True,False,0.1,0,True,64,0.03,3000,15,8,50,1.0,30,25.583116921605455,5.0579755754259486,3.525384644220154,0.9830633745014188,415.15548665171195,20.375364699845544,16.67189326614655,0.6703224120345156,9.903916100040078,3000
4,False,,"(3, 6, 8, 9)","(2, 7)",per_depth,100,100,20,2.0,10,5,3.0,True,True,True,False,0.1,0,True,64,0.03,3000,15,8,50,1.0,30,25.583116921605455,5.0579755754259486,3.525384644220154,0.9830633745014188,415.15548665171195,20.375364699845544,16.67189326614655,0.6703224120345156,9.902481799945235,3000
436,False,,"(3, 6, 8, 9)","(2, 7)",per_frame,100,100,20,2.0,10,5,3.0,True,True,True,False,0.1,0,True,96,0.03,3000,15,8,50,1.0,30,24.44792229706799,4.944484027385263,3.444288518148488,0.9838149000595715,415.3007997085268,20.378930288622286,16.6438463223916,0.6702070180204391,12.021194600034505,3000
76,False,,"(3, 6, 8, 9)","(2, 7)",per_depth,100,100,20,2.0,10,5,3.0,True,True,True,False,0.1,0,True,96,0.03,3000,15,8,50,1.0,30,24.44792229706799,4.944484027385263,3.444288518148488,0.9838149000595715,415.3007997085268,20.378930288622286,16.6438463223916,0.6702070180204391,14.08877080003731,3000
13,False,,"(3, 6, 8, 9)","(2, 7)",per_depth,100,100,20,2.0,10,5,3.0,True,True,True,False,0.1,0,True,64,0.03,3000,15,12,20,1.0,30,25.107493891616045,5.010737859000014,3.5298450443001324,0.9833782481410194,415.3512654430153,20.380168435099236,16.670231261566986,0.6701669428626826,13.644594899960794,3000
373,False,,"(3, 6, 8, 9)","(2, 7)",per_frame,100,100,20,2.0,10,5,3.0,True,True,True,False,0.1,0,True,64,0.03,3000,15,12,20,1.0,30,25.107493891616045,5.010737859000014,3.5298450443001324,0.9833782481410194,415.3512654430153,20.380168435099236,16.670231261566986,0.6701669428626826,10.093667299952358,3000
28,False,,"(3, 6, 8, 9)","(2, 7)",per_depth,100,100,20,2.0,10,5,3.0,True,True,True,False,0.1,0,True,64,0.03,3000,31,8,50,1.0,30,11.35033376976335,3.3690256410071076,2.3042859142174725,0.9924858119152778,415.35924415606246,20.380364181144124,16.731161700494482,0.6701606069163757,22.580441300058737,3000
388,False,,"(3, 6, 8, 9)","(2, 7)",per_frame,100,100,20,2.0,10,5,3.0,True,True,True,False,0.1,0,True,64,0.03,3000,31,8,50,1.0,30,11.35033376976335,3.3690256410071076,2.3042859142174725,0.9924858119152778,415.35924415606246,20.380364181144124,16.731161700494482,0.6701606069163757,14.435189100215212,3000
105,False,,"(3, 6, 8, 9)","(2, 7)",per_depth,100,100,20,2.0,10,5,3.0,True,True,True,False,0.1,0,True,96,0.03,3000,31,8,100,20.0,30,11.608266608789467,3.407090637008277,2.3113252258539143,0.9923150543054152,415.57889909078415,20.38575235527951,16.727808494948235,0.6699861775486036,29.04577430000063,3000
465,False,,"(3, 6, 8, 9)","(2, 7)",per_frame,100,100,20,2.0,10,5,3.0,True,True,True,False,0.1,0,True,96,0.03,3000,31,8,100,20.0,30,11.608266608789467,3.407090637008277,2.3113252258539143,0.9923150543054152,415.57889909078415,20.38575235527951,16.727808494948235,0.6699861775486036,17.347502399934456,3000
389,False,,"(3, 6, 8, 9)","(2, 7)",per_frame,100,100,20,2.0,10,5,3.0,True,True,True,False,0.1,0,True,64,0.03,3000,31,8,50,10.0,30,12.214876552572559,3.4949787628213937,2.3817736043461784,0.9919134642461174,415.71633276150504,20.389122903192895,16.73636665982572,0.6698770406046746,14.443086000159383,3000
29,False,,"(3, 6, 8, 9)","(2, 7)",per_depth,100,100,20,2.0,10,5,3.0,True,True,True,False,0.1,0,True,64,0.03,3000,31,8,50,10.0,30,12.214876552572559,3.4949787628213937,2.3817736043461784,0.9919134642461174,415.71633276150504,20.389122903192895,16.73636665982572,0.6698770406046746,18.510728599969298,3000
34,False,,"(3, 6, 8, 9)","(2, 7)",per_depth,100,100,20,2.0,10,5,3.0,True,True,True,False,0.1,0,True,64,0.03,3000,31,8,200,1.0,30,13.392173389670795,3.659531853894811,2.4929235499708113,0.9911340660323775,415.76335828813546,20.39027607189602,16.759955989643423,0.6698396973376559,21.004471800057217,3000
394,False,,"(3, 6, 8, 9)","(2, 7)",per_frame,100,100,20,2.0,10,5,3.0,True,True,True,False,0.1,0,True,64,0.03,3000,31,8,200,1.0,30,13.392173389670795,3.659531853894811,2.4929235499708113,0.9911340660323775,415.76335828813546,20.39027607189602,16.759955989643423,0.6698396973376559,14.051536499988288,3000
3,False,,"(3, 6, 8, 9)","(2, 7)",per_depth,100,100,20,2.0,10,5,3.0,True,True,True,False,0.1,0,True,64,0.03,3000,15,8,20,20.0,30,27.359134697652863,5.230596017439395,3.6399649171638897,0.9818876089352483,415.7947047040605,20.391044718308585,16.67056154947872,0.6698148049512469,10.287741499952972,3000
363,False,,"(3, 6, 8, 9)","(2, 7)",per_frame,100,100,20,2.0,10,5,3.0,True,True,True,False,0.1,0,True,64,0.03,3000,15,8,20,20.0,30,27.359134697652863,5.230596017439395,3.6399649171638897,0.9818876089352483,415.7947047040605,20.391044718308585,16.67056154947872,0.6698148049512469,10.182088600005955,3000
449,False,,"(3, 6, 8, 9)","(2, 7)",per_frame,100,100,20,2.0,10,5,3.0,True,True,True,False,0.1,0,True,96,0.03,3000,15,12,50,10.0,30,25.077112512932185,5.00770531410667,3.48639875243097,0.9833983613287313,415.86230301804915,20.392702200004027,16.63099748823013,0.6697611247041519,12.238541400060058,3000
89,False,,"(3, 6, 8, 9)","(2, 7)",per_depth,100,100,20,2.0,10,5,3.0,True,True,True,False,0.1,0,True,96,0.03,3000,15,12,50,10.0,30,25.077112512932185,5.00770531410667,3.48639875243097,0.9833983613287313,415.86230301804915,20.392702200004027,16.63099748823013,0.6697611247041519,13.6299867000198,3000
386,False,,"(3, 6, 8, 9)","(2, 7)",per_frame,100,100,20,2.0,10,5,3.0,True,True,True,False,0.1,0,True,64,0.03,3000,31,8,20,10.0,30,12.304890221746371,3.507832695803261,2.3927367716611374,0.9918538730786602,416.5283434981396,20.409026030120586,16.733351645629558,0.6692322177619976,14.835633600130677,3000
26,False,,"(3, 6, 8, 9)","(2, 7)",per_depth,100,100,20,2.0,10,5,3.0,True,True,True,False,0.1,0,True,64,0.03,3000,31,8,20,10.0,30,12.304890221746371,3.507832695803261,2.3927367716611374,0.9918538730786602,416.5283434981396,20.409026030120586,16.733351645629558,0.6692322177619976,18.757008399930783,3000
208,False,,"(3, 6, 8, 9)","(2, 7)",per_depth,100,100,20,2.0,10,5,3.0,True,True,True,False,0.1,0,True,128,0.03,3000,63,12,50,1.0,30,2.054730022258808,1.4334329500394527,0.9815074128398255,0.9986397203673686,416.62317268390325,20.411349114742592,16.588336844343583,0.6691569133080364,41.778064299956895,3000
568,False,,"(3, 6, 8, 9)","(2, 7)",per_frame,100,100,20,2.0,10,5,3.0,True,True,True,False,0.1,0,True,128,0.03,3000,63,12,50,1.0,30,2.054730022258808,1.4334329500394527,0.9815074128398255,0.9986397203673686,416.62317268390325,20.411349114742592,16.588336844343583,0.6691569133080364,34.97448239987716,3000
639,False,,"(3, 6, 8, 9)","(2, 7)",per_frame,100,100,20,2.0,10,5,3.0,True,True,True,False,0.1,0,True,256,0.03,3000,63,12,20,20.0,30,1.8808674095809725,1.3714471953308929,0.9491920113069952,0.998754821508803,416.62364379015264,20.411360655040923,16.739522567435152,0.6691565391995951,145.68216480012052,3000
279,False,,"(3, 6, 8, 9)","(2, 7)",per_depth,100,100,20,2.0,10,5,3.0,True,True,True,False,0.1,0,True,256,0.03,3000,63,12,20,20.0,30,1.8808674095809725,1.3714471953308929,0.9491920113069952,0.998754821508803,416.62364379015264,20.411360655040923,16.739522567435152,0.6691565391995951,145.2731656000251,3000
543,False,,"(3, 6, 8, 9)","(2, 7)",per_frame,100,100,20,2.0,10,5,3.0,True,True,True,False,0.1,0,True,128,0.03,3000,31,12,20,20.0,30,9.943190818034312,3.153282546495685,2.1655298773519167,0.993417373666312,416.67429109338997,20.41260128188933,16.660504071829042,0.669116319856951,24.03455250011757,3000
183,False,,"(3, 6, 8, 9)","(2, 7)",per_depth,100,100,20,2.0,10,5,3.0,True,True,True,False,0.1,0,True,128,0.03,3000,31,12,20,20.0,30,9.943190818034312,3.153282546495685,2.1655298773519167,0.993417373666312,416.67429109338997,20.41260128188933,16.660504071829042,0.669116319856951,27.489027000032365,3000
376,False,,"(3, 6, 8, 9)","(2, 7)",per_frame,100,100,20,2.0,10,5,3.0,True,True,True,False,0.1,0,True,64,0.03,3000,15,12,50,1.0,30,25.528794296027936,5.052602724935727,3.5298250017607797,0.9830993373580296,416.79794629324925,20.415629950928512,16.692158245732834,0.6690181244835554,9.937413200037554,3000
16,False,,"(3, 6, 8, 9)","(2, 7)",per_depth,100,100,20,2.0,10,5,3.0,True,True,True,False,0.1,0,True,64,0.03,3000,15,12,50,1.0,30,25.528794296027936,5.052602724935727,3.5298250017607797,0.9830993373580296,416.79794629324925,20.415629950928512,16.692158245732834,0.6690181244835554,12.299661500030197,3000
85,False,,"(3, 6, 8, 9)","(2, 7)",per_depth,100,100,20,2.0,10,5,3.0,True,True,True,False,0.1,0,True,96,0.03,3000,15,12,20,1.0,30,23.8982640397578,4.88858507543418,3.444220607654525,0.984178786762071,416.81693142678154,20.416094911289512,16.671741218893924,0.6690030482693865,13.832204499980435,3000
445,False,,"(3, 6, 8, 9)","(2, 7)",per_frame,100,100,20,2.0,10,5,3.0,True,True,True,False,0.1,0,True,96,0.03,3000,15,12,20,1.0,30,23.8982640397578,4.88858507543418,3.444220607654525,0.984178786762071,416.81693142678154,20.416094911289512,16.671741218893924,0.6690030482693865,12.424189900048077,3000
109,False,,"(3, 6, 8, 9)","(2, 7)",per_depth,100,100,20,2.0,10,5,3.0,True,True,True,False,0.1,0,True,96,0.03,3000,31,12,20,1.0,30,9.24413711382297,3.04041725982191,2.1313434189589286,0.9938801636706693,416.975583104093,20.419979997641843,16.73959302969692,0.6688770619727231,22.2768280999735,3000
469,False,,"(3, 6, 8, 9)","(2, 7)",per_frame,100,100,20,2.0,10,5,3.0,True,True,True,False,0.1,0,True,96,0.03,3000,31,12,20,1.0,30,9.24413711382297,3.04041725982191,2.1313434189589286,0.9938801636706693,416.975583104093,20.419979997641843,16.73959302969692,0.6688770619727231,18.759715900057927,3000
277,False,,"(3, 6, 8, 9)","(2, 7)",per_depth,100,100,20,2.0,10,5,3.0,True,True,True,False,0.1,0,True,256,0.03,3000,63,12,20,1.0,30,1.2572010520447436,1.1212497723722148,0.8146237412703689,0.9991677033154267,417.1948773156718,20.425348890916695,16.74736464402213,0.6687029190574719,135.64429100009147,3000
637,False,,"(3, 6, 8, 9)","(2, 7)",per_frame,100,100,20,2.0,10,5,3.0,True,True,True,False,0.1,0,True,256,0.03,3000,63,12,20,1.0,30,1.2572010520447436,1.1212497723722148,0.8146237412703689,0.9991677033154267,417.1948773156718,20.425348890916695,16.74736464402213,0.6687029190574719,135.58905189996585,3000
555,False,,"(3, 6, 8, 9)","(2, 7)",per_frame,100,100,20,2.0,10,5,3.0,True,True,True,False,0.1,0,True,128,0.03,3000,63,8,20,20.0,30,3.2676040638442023,1.8076515327474492,1.196992033851692,0.9978367692069517,417.2338969564145,20.42630404543158,16.654208635935326,0.6686719333148841,37.519695200026035,3000
195,False,,"(3, 6, 8, 9)","(2, 7)",per_depth,100,100,20,2.0,10,5,3.0,True,True,True,False,0.1,0,True,128,0.03,3000,63,8,20,20.0,30,3.2676040638442023,1.8076515327474492,1.196992033851692,0.9978367692069517,417.2338969564145,20.42630404543158,16.654208635935326,0.6686719333148841,52.67707340000197,3000
390,False,,"(3, 6, 8, 9)","(2, 7)",per_frame,100,100,20,2.0,10,5,3.0,True,True,True,False,0.1,0,True,64,0.03,3000,31,8,50,20.0,30,13.056956579010105,3.613441099424495,2.4649772198477766,0.991355987450334,417.25337760992534,20.42678089200365,16.78769554816251,0.6686564636051778,14.63846049993299,3000
30,False,,"(3, 6, 8, 9)","(2, 7)",per_depth,100,100,20,2.0,10,5,3.0,True,True,True,False,0.1,0,True,64,0.03,3000,31,8,50,20.0,30,13.056956579010105,3.613441099424495,2.4649772198477766,0.991355987450334,417.25337760992534,20.42678089200365,16.78769554816251,0.6686564636051778,17.63750259997323,3000
9,False,,"(3, 6, 8, 9)","(2, 7)",per_depth,100,100,20,2.0,10,5,3.0,True,True,True,False,0.1,0,True,64,0.03,3000,15,8,100,20.0,30,27.86598550466884,5.278824254004753,3.6626210292751953,0.9815520617723131,417.3435866367161,20.428988879450596,16.708875111155937,0.66858482804857,8.942467399989255,3000
369,False,,"(3, 6, 8, 9)","(2, 7)",per_frame,100,100,20,2.0,10,5,3.0,True,True,True,False,0.1,0,True,64,0.03,3000,15,8,100,20.0,30,27.86598550466884,5.278824254004753,3.6626210292751953,0.9815520617723131,417.3435866367161,20.428988879450596,16.708875111155937,0.66858482804857,9.873945400118828,3000
448,False,,"(3, 6, 8, 9)","(2, 7)",per_frame,100,100,20,2.0,10,5,3.0,True,True,True,False,0.1,0,True,96,0.03,3000,15,12,50,1.0,30,24.34719562589351,4.934287752644095,3.446991197014369,0.9838815834864826,417.72485582021363,20.438318321726317,16.682739629577103,0.6682820597874667,12.14958249987103,3000
88,False,,"(3, 6, 8, 9)","(2, 7)",per_depth,100,100,20,2.0,10,5,3.0,True,True,True,False,0.1,0,True,96,0.03,3000,15,12,50,1.0,30,24.34719562589351,4.934287752644095,3.446991197014369,0.9838815834864826,417.72485582021363,20.438318321726317,16.682739629577103,0.6682820597874667,14.156638800050132,3000
196,False,,"(3, 6, 8, 9)","(2, 7)",per_depth,100,100,20,2.0,10,5,3.0,True,True,True,False,0.1,0,True,128,0.03,3000,63,8,50,1.0,30,2.5121479803365823,1.5849757033899865,1.0578245124790435,0.9983368989138284,418.01177022411287,20.44533614847437,16.670040405712044,0.6680542192513993,47.106042800005525,3000
556,False,,"(3, 6, 8, 9)","(2, 7)",per_frame,100,100,20,2.0,10,5,3.0,True,True,True,False,0.1,0,True,128,0.03,3000,63,8,50,1.0,30,2.5121479803365823,1.5849757033899865,1.0578245124790435,0.9983368989138284,418.01177022411287,20.44533614847437,16.670040405712044,0.6680542192513993,33.514000799972564,3000
489,False,,"(3, 6, 8, 9)","(2, 7)",per_frame,100,100,20,2.0,10,5,3.0,True,True,True,False,0.1,0,True,96,0.03,3000,63,8,100,20.0,30,4.151787191639016,2.0375934804663602,1.3683346354759416,0.997251419167177,418.02921669866515,20.445762805497505,16.742298779228758,0.668040364896022,26.269494199892506,3000
129,False,,"(3, 6, 8, 9)","(2, 7)",per_depth,100,100,20,2.0,10,5,3.0,True,True,True,False,0.1,0,True,96,0.03,3000,63,8,100,20.0,30,4.151787191639016,2.0375934804663602,1.3683346354759416,0.997251419167177,418.02921669866515,20.445762805497505,16.742298779228758,0.668040364896022,31.750809799996205,3000
167,False,,"(3, 6, 8, 9)","(2, 7)",per_depth,100,100,20,2.0,10,5,3.0,True,True,True,False,0.1,0,True,128,0.03,3000,15,12,200,10.0,30,24.799237280584986,4.979883259734608,3.4498590550672583,0.983582321272315,418.0649483693208,20.446636602857712,16.682969874193137,0.6680119901511987,15.633304300019518,3000
527,False,,"(3, 6, 8, 9)","(2, 7)",per_frame,100,100,20,2.0,10,5,3.0,True,True,True,False,0.1,0,True,128,0.03,3000,15,12,200,10.0,30,24.799237280584986,4.979883259734608,3.4498590550672583,0.983582321272315,418.0649483693208,20.446636602857712,16.682969874193137,0.6680119901511987,14.435846500098705,3000
533,False,,"(3, 6, 8, 9)","(2, 7)",per_frame,100,100,20,2.0,10,5,3.0,True,True,True,False,0.1,0,True,128,0.03,3000,31,8,50,10.0,30,9.85446427140766,3.139182102301117,2.139228963188838,0.9934761127283506,418.1326096312138,20.44829111762677,16.70934179335135,0.6679582599167762,21.61554430006072,3000
173,False,,"(3, 6, 8, 9)","(2, 7)",per_depth,100,100,20,2.0,10,5,3.0,True,True,True,False,0.1,0,True,128,0.03,3000,31,8,50,10.0,30,9.85446427140766,3.139182102301117,2.139228963188838,0.9934761127283506,418.1326096312138,20.44829111762677,16.70934179335135,0.6679582599167762,24.251365400035866,3000
503,False,,"(3, 6, 8, 9)","(2, 7)",per_frame,100,100,20,2.0,10,5,3.0,True,True,True,False,0.1,0,True,96,0.03,3000,63,12,200,10.0,30,3.444108473494319,1.8558309388234475,1.2715422366916413,0.9977199191337471,418.22436431545844,20.450534572853062,16.749256811381652,0.6678853969438446,27.54381119995378,3000
143,False,,"(3, 6, 8, 9)","(2, 7)",per_depth,100,100,20,2.0,10,5,3.0,True,True,True,False,0.1,0,True,96,0.03,3000,63,12,200,10.0,30,3.444108473494319,1.8558309388234475,1.2715422366916413,0.9977199191337471,418.22436431545844,20.450534572853062,16.749256811381652,0.6678853969438446,34.10888720001094,3000
141,False,,"(3, 6, 8, 9)","(2, 7)",per_depth,100,100,20,2.0,10,5,3.0,True,True,True,False,0.1,0,True,96,0.03,3000,63,12,100,20.0,30,3.2749767979570623,1.8096896965936073,1.2246992646732122,0.9978318882834524,418.2459469388337,20.451062244754763,16.737136985743167,0.667868258046624,35.11328159994446,3000
501,False,,"(3, 6, 8, 9)","(2, 7)",per_frame,100,100,20,2.0,10,5,3.0,True,True,True,False,0.1,0,True,96,0.03,3000,63,12,100,20.0,30,3.2749767979570623,1.8096896965936073,1.2246992646732122,0.9978318882834524,418.2459469388337,20.451062244754763,16.737136985743167,0.667868258046624,29.10349139990285,3000
40,False,,"(3, 6, 8, 9)","(2, 7)",per_depth,100,100,20,2.0,10,5,3.0,True,True,True,False,0.1,0,True,64,0.03,3000,31,12,50,1.0,30,10.62053051610254,3.258915542953291,2.2524772298585884,0.9929689588450588,418.31998440618105,20.452872277657754,16.800353284450036,0.6678094644272718,20.46914790000301,3000
400,False,,"(3, 6, 8, 9)","(2, 7)",per_frame,100,100,20,2.0,10,5,3.0,True,True,True,False,0.1,0,True,64,0.03,3000,31,12,50,1.0,30,10.62053051610254,3.258915542953291,2.2524772298585884,0.9929689588450588,418.31998440618105,20.452872277657754,16.800353284450036,0.6678094644272718,14.90190969989635,3000
405,False,,"(3, 6, 8, 9)","(2, 7)",per_frame,100,100,20,2.0,10,5,3.0,True,True,True,False,0.1,0,True,64,0.03,3000,31,12,100,20.0,30,12.537973268218868,3.5409000647037283,2.4185515721967334,0.9916995666163059,418.5929281505992,20.45954369360664,16.812402729194954,0.6675927180799315,14.994668599916622,3000
45,False,,"(3, 6, 8, 9)","(2, 7)",per_depth,100,100,20,2.0,10,5,3.0,True,True,True,False,0.1,0,True,64,0.03,3000,31,12,100,20.0,30,12.537973268218868,3.5409000647037283,2.4185515721967334,0.9916995666163059,418.5929281505992,20.45954369360664,16.812402729194954,0.6675927180799315,20.949108199914917,3000
392,False,,"(3, 6, 8, 9)","(2, 7)",per_frame,100,100,20,2.0,10,5,3.0,True,True,True,False,0.1,0,True,64,0.03,3000,31,8,100,10.0,30,12.650383062435518,3.556737699414383,2.4193117927345265,0.9916251486869795,418.66861566059043,20.461393297148422,16.857060485799906,0.6675326141513185,14.33576330007054,3000
32,False,,"(3, 6, 8, 9)","(2, 7)",per_depth,100,100,20,2.0,10,5,3.0,True,True,True,False,0.1,0,True,64,0.03,3000,31,8,100,10.0,30,12.650383062435518,3.556737699414383,2.4193117927345265,0.9916251486869795,418.66861566059043,20.461393297148422,16.857060485799906,0.6675326141513185,17.35932619997766,3000
188,False,,"(3, 6, 8, 9)","(2, 7)",per_depth,100,100,20,2.0,10,5,3.0,True,True,True,False,0.1,0,True,128,0.03,3000,31,12,100,10.0,30,9.649723463116334,3.1064004028966283,2.1227364345881354,0.993611655961997,418.7188368761455,20.462620479209047,16.70251147097239,0.6674927331675877,26.133959400001913,3000
548,False,,"(3, 6, 8, 9)","(2, 7)",per_frame,100,100,20,2.0,10,5,3.0,True,True,True,False,0.1,0,True,128,0.03,3000,31,12,100,10.0,30,9.649723463116334,3.1064004028966283,2.1227364345881354,0.993611655961997,418.7188368761455,20.462620479209047,16.70251147097239,0.6674927331675877,21.665530300000682,3000
380,False,,"(3, 6, 8, 9)","(2, 7)",per_frame,100,100,20,2.0,10,5,3.0,True,True,True,False,0.1,0,True,64,0.03,3000,15,12,100,10.0,30,26.730157757832245,5.170121638591518,3.594654045930821,0.9823040064723283,418.73130141105685,20.462925045336426,16.731405292553223,0.667482835001872,9.823094400111586,3000
20,False,,"(3, 6, 8, 9)","(2, 7)",per_depth,100,100,20,2.0,10,5,3.0,True,True,True,False,0.1,0,True,64,0.03,3000,15,12,100,10.0,30,26.730157757832245,5.170121638591518,3.594654045930821,0.9823040064723283,418.73130141105685,20.462925045336426,16.731405292553223,0.667482835001872,12.525313299964182,3000
128,False,,"(3, 6, 8, 9)","(2, 7)",per_depth,100,100,20,2.0,10,5,3.0,True,True,True,False,0.1,0,True,96,0.03,3000,63,8,100,10.0,30,3.8360724222328266,1.9585893960278726,1.317446761761153,0.9974604297748441,418.74595367577274,20.463283062005782,16.757500050723927,0.6674711995461329,31.548213799949735,3000
488,False,,"(3, 6, 8, 9)","(2, 7)",per_frame,100,100,20,2.0,10,5,3.0,True,True,True,False,0.1,0,True,96,0.03,3000,63,8,100,10.0,30,3.8360724222328266,1.9585893960278726,1.317446761761153,0.9974604297748441,418.74595367577274,20.463283062005782,16.757500050723927,0.6674711995461329,26.132968000136316,3000
169,False,,"(3, 6, 8, 9)","(2, 7)",per_depth,100,100,20,2.0,10,5,3.0,True,True,True,False,0.1,0,True,128,0.03,3000,31,8,20,1.0,30,8.75940438229268,2.959629095392306,2.0567251891406704,0.994201068147086,418.8588301294182,20.46604090021854,16.69032422089715,0.6673815636430257,24.19191990001127,3000
529,False,,"(3, 6, 8, 9)","(2, 7)",per_frame,100,100,20,2.0,10,5,3.0,True,True,True,False,0.1,0,True,128,0.03,3000,31,8,20,1.0,30,8.75940438229268,2.959629095392306,2.0567251891406704,0.994201068147086,418.8588301294182,20.46604090021854,16.69032422089715,0.6673815636430257,22.149441899964586,3000
487,False,,"(3, 6, 8, 9)","(2, 7)",per_frame,100,100,20,2.0,10,5,3.0,True,True,True,False,0.1,0,True,96,0.03,3000,63,8,100,1.0,30,3.470476694309942,1.8629215480824581,1.251857037471845,0.9977024627509933,418.8673731110028,20.466249610297506,16.769880045937633,0.6673747796075176,26.70839689997956,3000
127,False,,"(3, 6, 8, 9)","(2, 7)",per_depth,100,100,20,2.0,10,5,3.0,True,True,True,False,0.1,0,True,96,0.03,3000,63,8,100,1.0,30,3.470476694309942,1.8629215480824581,1.251857037471845,0.9977024627509933,418.8673731110028,20.466249610297506,16.769880045937633,0.6673747796075176,33.15414780005813,3000
198,False,,"(3, 6, 8, 9)","(2, 7)",per_depth,100,100,20,2.0,10,5,3.0,True,True,True,False,0.1,0,True,128,0.03,3000,63,8,50,20.0,30,3.3003866227817484,1.8166966237602107,1.2026707965746126,0.9978150663814004,418.9003882404554,20.467056169377546,16.692542735883244,0.6673485620851813,44.98576950002462,3000
558,False,,"(3, 6, 8, 9)","(2, 7)",per_frame,100,100,20,2.0,10,5,3.0,True,True,True,False,0.1,0,True,128,0.03,3000,63,8,50,20.0,30,3.3003866227817484,1.8166966237602107,1.2026707965746126,0.9978150663814004,418.9003882404554,20.467056169377546,16.692542735883244,0.6673485620851813,34.274586600018665,3000
69,False,,"(3, 6, 8, 9)","(2, 7)",per_depth,100,100,20,2.0,10,5,3.0,True,True,True,False,0.1,0,True,64,0.03,3000,63,12,100,20.0,30,4.25678507365688,2.0631977786089437,1.3880499581768384,0.9971819080981649,419.0142677195446,20.469837999347835,16.748780176046843,0.6672581296732489,29.706136900000274,3000
429,False,,"(3, 6, 8, 9)","(2, 7)",per_frame,100,100,20,2.0,10,5,3.0,True,True,True,False,0.1,0,True,64,0.03,3000,63,12,100,20.0,30,4.25678507365688,2.0631977786089437,1.3880499581768384,0.9971819080981649,419.0142677195446,20.469837999347835,16.748780176046843,0.6672581296732489,24.68162570009008,3000
189,False,,"(3, 6, 8, 9)","(2, 7)",per_depth,100,100,20,2.0,10,5,3.0,True,True,True,False,0.1,0,True,128,0.03,3000,31,12,100,20.0,30,10.196231503204753,3.193153848972009,2.179406297630985,0.9932498547774382,419.3463455172933,20.47794778578394,16.705580108610047,0.666994424601538,25.133375699981116,3000
549,False,,"(3, 6, 8, 9)","(2, 7)",per_frame,100,100,20,2.0,10,5,3.0,True,True,True,False,0.1,0,True,128,0.03,3000,31,12,100,20.0,30,10.196231503204753,3.193153848972009,2.179406297630985,0.9932498547774382,419.3463455172933,20.47794778578394,16.705580108610047,0.666994424601538,22.00763410003856,3000
361,False,,"(3, 6, 8, 9)","(2, 7)",per_frame,100,100,20,2.0,10,5,3.0,True,True,True,False,0.1,0,True,64,0.03,3000,15,8,20,1.0,30,25.142296929414734,5.014209501946915,3.517009364018807,0.9833552077109101,419.38429922492764,20.47887446186747,16.73974741794934,0.6669642853231481,10.071340000024065,3000
1,False,,"(3, 6, 8, 9)","(2, 7)",per_depth,100,100,20,2.0,10,5,3.0,True,True,True,False,0.1,0,True,64,0.03,3000,15,8,20,1.0,30,25.142296929414734,5.014209501946915,3.517009364018807,0.9833552077109101,419.38429922492764,20.47887446186747,16.73974741794934,0.6669642853231481,12.389066600007936,3000
546,False,,"(3, 6, 8, 9)","(2, 7)",per_frame,100,100,20,2.0,10,5,3.0,True,True,True,False,0.1,0,True,128,0.03,3000,31,12,50,20.0,30,10.031438968058772,3.1672446965870464,2.1668939778128187,0.9933589513140831,419.46872006792154,20.480935527165784,16.727799381250268,0.6668972461997664,22.768410000018775,3000
186,False,,"(3, 6, 8, 9)","(2, 7)",per_depth,100,100,20,2.0,10,5,3.0,True,True,True,False,0.1,0,True,128,0.03,3000,31,12,50,20.0,30,10.031438968058772,3.1672446965870464,2.1668939778128187,0.9933589513140831,419.46872006792154,20.480935527165784,16.727799381250268,0.6668972461997664,27.084979700041004,3000
428,False,,"(3, 6, 8, 9)","(2, 7)",per_frame,100,100,20,2.0,10,5,3.0,True,True,True,False,0.1,0,True,64,0.03,3000,63,12,100,10.0,30,3.932632352495705,1.9830865721132058,1.3329422950502607,0.9973965048284803,419.54229567746813,20.482731645888155,16.78621653287743,0.6668388193446042,24.351404399843886,3000
68,False,,"(3, 6, 8, 9)","(2, 7)",per_depth,100,100,20,2.0,10,5,3.0,True,True,True,False,0.1,0,True,64,0.03,3000,63,12,100,10.0,30,3.932632352495705,1.9830865721132058,1.3329422950502607,0.9973965048284803,419.54229567746813,20.482731645888155,16.78621653287743,0.6668388193446042,30.835366599960253,3000
554,False,,"(3, 6, 8, 9)","(2, 7)",per_frame,100,100,20,2.0,10,5,3.0,True,True,True,False,0.1,0,True,128,0.03,3000,63,8,20,10.0,30,2.8524685827231453,1.688925274463955,1.1277327597328803,0.998111598665632,419.86520462515307,20.490612597605594,16.713247790740674,0.6665823953145045,35.71988989994861,3000
194,False,,"(3, 6, 8, 9)","(2, 7)",per_depth,100,100,20,2.0,10,5,3.0,True,True,True,False,0.1,0,True,128,0.03,3000,63,8,20,10.0,30,2.8524685827231453,1.688925274463955,1.1277327597328803,0.998111598665632,419.86520462515307,20.490612597605594,16.713247790740674,0.6665823953145045,68.28156009991653,3000
139,False,,"(3, 6, 8, 9)","(2, 7)",per_depth,100,100,20,2.0,10,5,3.0,True,True,True,False,0.1,0,True,96,0.03,3000,63,12,100,1.0,30,2.7350414075822074,1.6537960598520627,1.121493378652818,0.998189338219214,419.98572827829446,20.493553334604872,16.762609505120984,0.6664866867220904,33.66073260002304,3000
499,False,,"(3, 6, 8, 9)","(2, 7)",per_frame,100,100,20,2.0,10,5,3.0,True,True,True,False,0.1,0,True,96,0.03,3000,63,12,100,1.0,30,2.7350414075822074,1.6537960598520627,1.121493378652818,0.998189338219214,419.98572827829446,20.493553334604872,16.762609505120984,0.6664866867220904,28.304696600185707,3000
500,False,,"(3, 6, 8, 9)","(2, 7)",per_frame,100,100,20,2.0,10,5,3.0,True,True,True,False,0.1,0,True,96,0.03,3000,63,12,100,10.0,30,2.983265220011693,1.7272131368223476,1.1704516531078182,0.9980250082134593,420.09073276861784,20.49611506526585,16.76247767273105,0.6664033019946607,28.54077919991687,3000
140,False,,"(3, 6, 8, 9)","(2, 7)",per_depth,100,100,20,2.0,10,5,3.0,True,True,True,False,0.1,0,True,96,0.03,3000,63,12,100,10.0,30,2.983265220011693,1.7272131368223476,1.1704516531078182,0.9980250082134593,420.09073276861784,20.49611506526585,16.76247767273105,0.6664033019946607,36.346761299995705,3000
144,False,,"(3, 6, 8, 9)","(2, 7)",per_depth,100,100,20,2.0,10,5,3.0,True,True,True,False,0.1,0,True,96,0.03,3000,63,12,200,20.0,30,3.6828068919146806,1.9190640666519396,1.3107630076700834,0.9975618951630059,420.1233647086382,20.496911101642564,16.736111757016094,0.6663773887654673,32.53403579990845,3000
504,False,,"(3, 6, 8, 9)","(2, 7)",per_frame,100,100,20,2.0,10,5,3.0,True,True,True,False,0.1,0,True,96,0.03,3000,63,12,200,20.0,30,3.6828068919146806,1.9190640666519396,1.3107630076700834,0.9975618951630059,420.1233647086382,20.496911101642564,16.736111757016094,0.6663773887654673,27.56323319999501,3000
59,False,,"(3, 6, 8, 9)","(2, 7)",per_depth,100,100,20,2.0,10,5,3.0,True,True,True,False,0.1,0,True,64,0.03,3000,63,8,200,10.0,30,6.740521201596952,2.596251374885905,1.7730029620030223,0.9955376163269503,420.2609776634732,20.500267746141102,16.84400437857238,0.6662681094508935,24.388246800052002,3000
419,False,,"(3, 6, 8, 9)","(2, 7)",per_frame,100,100,20,2.0,10,5,3.0,True,True,True,False,0.1,0,True,64,0.03,3000,63,8,200,10.0,30,6.740521201596952,2.596251374885905,1.7730029620030223,0.9955376163269503,420.2609776634732,20.500267746141102,16.84400437857238,0.6662681094508935,19.928402699995786,3000
709,False,,"(3, 6, 8, 9)","(2, 7)",per_frame,100,100,20,2.0,10,5,3.0,True,True,True,False,0.1,0,True,512,0.03,3000,63,12,20,1.0,30,0.938593515693647,0.9688103610581624,0.7161644812470199,0.9993786290028923,420.41204708390904,20.503951986968488,16.83024576482117,0.6661481442721932,223.32545719994232,3000
349,False,,"(3, 6, 8, 9)","(2, 7)",per_depth,100,100,20,2.0,10,5,3.0,True,True,True,False,0.1,0,True,512,0.03,3000,63,12,20,1.0,30,0.938593515693647,0.9688103610581624,0.7161644812470199,0.9993786290028923,420.41204708390904,20.503951986968488,16.83024576482117,0.6661481442721932,222.96801920002326,3000
430,False,,"(3, 6, 8, 9)","(2, 7)",per_frame,100,100,20,2.0,10,5,3.0,True,True,True,False,0.1,0,True,64,0.03,3000,63,12,200,1.0,30,4.279928850766488,2.068798890846205,1.4195275376537426,0.9971665863730316,420.4331746821895,20.50446718844919,16.83449682773665,0.6661313667132676,23.497069800039753,3000
70,False,,"(3, 6, 8, 9)","(2, 7)",per_depth,100,100,20,2.0,10,5,3.0,True,True,True,False,0.1,0,True,64,0.03,3000,63,12,200,1.0,30,4.279928850766488,2.068798890846205,1.4195275376537426,0.9971665863730316,420.4331746821895,20.50446718844919,16.83449682773665,0.6661313667132676,28.99169910000637,3000
155,False,,"(3, 6, 8, 9)","(2, 7)",per_depth,100,100,20,2.0,10,5,3.0,True,True,True,False,0.1,0,True,128,0.03,3000,15,8,200,10.0,30,25.13588589290841,5.013570174327713,3.46414555908598,0.9833594519679605,420.7171045847335,20.511389630757186,16.722945078820782,0.6659058961885325,16.657543999957852,3000
515,False,,"(3, 6, 8, 9)","(2, 7)",per_frame,100,100,20,2.0,10,5,3.0,True,True,True,False,0.1,0,True,128,0.03,3000,15,8,200,10.0,30,25.13588589290841,5.013570174327713,3.46414555908598,0.9833594519679605,420.7171045847335,20.511389630757186,16.722945078820782,0.6659058961885325,14.654426099965349,3000
427,False,,"(3, 6, 8, 9)","(2, 7)",per_frame,100,100,20,2.0,10,5,3.0,True,True,True,False,0.1,0,True,64,0.03,3000,63,12,100,1.0,30,3.5883785894076916,1.8943016099364145,1.2790917661250598,0.9976244089216275,420.77095645072353,20.512702319556134,16.80588461445371,0.6658631320824135,24.198415300110355,3000
67,False,,"(3, 6, 8, 9)","(2, 7)",per_depth,100,100,20,2.0,10,5,3.0,True,True,True,False,0.1,0,True,64,0.03,3000,63,12,100,1.0,30,3.5883785894076916,1.8943016099364145,1.2790917661250598,0.9976244089216275,420.77095645072353,20.512702319556134,16.80588461445371,0.6658631320824135,28.68937769997865,3000
71,False,,"(3, 6, 8, 9)","(2, 7)",per_depth,100,100,20,2.0,10,5,3.0,True,True,True,False,0.1,0,True,64,0.03,3000,63,12,200,10.0,30,4.523483719858172,2.126848306734209,1.4564177586870313,0.9970053473176497,421.1053942950701,20.52085266978617,16.823654130932844,0.665597552882828,28.21546350000426,3000
431,False,,"(3, 6, 8, 9)","(2, 7)",per_frame,100,100,20,2.0,10,5,3.0,True,True,True,False,0.1,0,True,64,0.03,3000,63,12,200,10.0,30,4.523483719858172,2.126848306734209,1.4564177586870313,0.9970053473176497,421.1053942950701,20.52085266978617,16.823654130932844,0.665597552882828,23.51061509991996,3000
280,False,,"(3, 6, 8, 9)","(2, 7)",per_depth,100,100,20,2.0,10,5,3.0,True,True,True,False,0.1,0,True,256,0.03,3000,63,12,50,1.0,30,1.338249846253159,1.1568274920026576,0.812940654402768,0.9991140471061842,421.37697101128134,20.52746869468521,16.832541967835184,0.6653818921012007,128.19594680005684,3000
640,False,,"(3, 6, 8, 9)","(2, 7)",per_frame,100,100,20,2.0,10,5,3.0,True,True,True,False,0.1,0,True,256,0.03,3000,63,12,50,1.0,30,1.338249846253159,1.1568274920026576,0.812940654402768,0.9991140471061842,421.37697101128134,20.52746869468521,16.832541967835184,0.6653818921012007,128.91612549987622,3000
265,False,,"(3, 6, 8, 9)","(2, 7)",per_depth,100,100,20,2.0,10,5,3.0,True,True,True,False,0.1,0,True,256,0.03,3000,63,8,20,1.0,30,1.5354675608974386,1.2391398471913646,0.8652949560480219,0.9989834843375875,421.67055060932375,20.534618345840368,16.86685126807795,0.6651487586924649,145.152580199996,3000
625,False,,"(3, 6, 8, 9)","(2, 7)",per_frame,100,100,20,2.0,10,5,3.0,True,True,True,False,0.1,0,True,256,0.03,3000,63,8,20,1.0,30,1.5354675608974386,1.2391398471913646,0.8652949560480219,0.9989834843375875,421.67055060932375,20.534618345840368,16.86685126807795,0.6651487586924649,115.82719310000539,3000
502,False,,"(3, 6, 8, 9)","(2, 7)",per_frame,100,100,20,2.0,10,5,3.0,True,True,True,False,0.1,0,True,96,0.03,3000,63,12,200,1.0,30,3.332909022796273,1.8256256524261136,1.2496322741447754,0.9977935357871788,421.6961786385865,20.535242356460916,16.82076314215089,0.6651284073129378,27.606667099986225,3000
142,False,,"(3, 6, 8, 9)","(2, 7)",per_depth,100,100,20,2.0,10,5,3.0,True,True,True,False,0.1,0,True,96,0.03,3000,63,12,200,1.0,30,3.332909022796273,1.8256256524261136,1.2496322741447754,0.9977935357871788,421.6961786385865,20.535242356460916,16.82076314215089,0.6651284073129378,32.61840729997493,3000
72,False,,"(3, 6, 8, 9)","(2, 7)",per_depth,100,100,20,2.0,10,5,3.0,True,True,True,False,0.1,0,True,64,0.03,3000,63,12,200,20.0,30,4.690862358823965,2.1658398737727507,1.4821573051660284,0.9968945387194124,421.7060506293242,20.535482722091636,16.830147591122092,0.6651205679028867,28.145801099948585,3000
432,False,,"(3, 6, 8, 9)","(2, 7)",per_frame,100,100,20,2.0,10,5,3.0,True,True,True,False,0.1,0,True,64,0.03,3000,63,12,200,20.0,30,4.690862358823965,2.1658398737727507,1.4821573051660284,0.9968945387194124,421.7060506293242,20.535482722091636,16.830147591122092,0.6651205679028867,23.880203500157222,3000
278,False,,"(3, 6, 8, 9)","(2, 7)",per_depth,100,100,20,2.0,10,5,3.0,True,True,True,False,0.1,0,True,256,0.03,3000,63,12,20,10.0,30,1.626553104318756,1.2753639105442633,0.8969085101699276,0.9989231835641522,421.78809770254105,20.53748031532936,16.847080964393687,0.6650554138050426,142.39669490000233,3000
638,False,,"(3, 6, 8, 9)","(2, 7)",per_frame,100,100,20,2.0,10,5,3.0,True,True,True,False,0.1,0,True,256,0.03,3000,63,12,20,10.0,30,1.626553104318756,1.2753639105442633,0.8969085101699276,0.9989231835641522,421.78809770254105,20.53748031532936,16.847080964393687,0.6650554138050426,142.6260375001002,3000
542,False,,"(3, 6, 8, 9)","(2, 7)",per_frame,100,100,20,2.0,10,5,3.0,True,True,True,False,0.1,0,True,128,0.03,3000,31,12,20,10.0,30,9.335674580770995,3.0554336158344193,2.1118571220061657,0.9938195637132232,421.94353267612155,20.541264145035512,16.767921103781763,0.6649319819130814,23.725689999992028,3000
182,False,,"(3, 6, 8, 9)","(2, 7)",per_depth,100,100,20,2.0,10,5,3.0,True,True,True,False,0.1,0,True,128,0.03,3000,31,12,20,10.0,30,9.335674580770995,3.0554336158344193,2.1118571220061657,0.9938195637132232,421.94353267612155,20.541264145035512,16.767921103781763,0.6649319819130814,27.016082300106063,3000
210,False,,"(3, 6, 8, 9)","(2, 7)",per_depth,100,100,20,2.0,10,5,3.0,True,True,True,False,0.1,0,True,128,0.03,3000,63,12,50,20.0,30,2.7242641501954536,1.6505345043940929,1.1213843720978847,0.9981964730172458,422.08194859538906,20.54463308495406,16.711653077544366,0.6648220649593922,44.76167609996628,3000
570,False,,"(3, 6, 8, 9)","(2, 7)",per_frame,100,100,20,2.0,10,5,3.0,True,True,True,False,0.1,0,True,128,0.03,3000,63,12,50,20.0,30,2.7242641501954536,1.6505345043940929,1.1213843720978847,0.9981964730172458,422.08194859538906,20.54463308495406,16.711653077544366,0.6648220649593922,37.23128499998711,3000
153,False,,"(3, 6, 8, 9)","(2, 7)",per_depth,100,100,20,2.0,10,5,3.0,True,True,True,False,0.1,0,True,128,0.03,3000,15,8,100,20.0,30,25.052722000663312,5.005269423384052,3.4711437520056463,0.9834145084218818,422.1559424139611,20.546433812561272,16.684903998151956,0.6647633060018077,16.216479999944568,3000
513,False,,"(3, 6, 8, 9)","(2, 7)",per_frame,100,100,20,2.0,10,5,3.0,True,True,True,False,0.1,0,True,128,0.03,3000,15,8,100,20.0,30,25.052722000663312,5.005269423384052,3.4711437520056463,0.9834145084218818,422.1559424139611,20.546433812561272,16.684903998151956,0.6647633060018077,14.617697099922225,3000
534,False,,"(3, 6, 8, 9)","(2, 7)",per_frame,100,100,20,2.0,10,5,3.0,True,True,True,False,0.1,0,True,128,0.03,3000,31,8,50,20.0,30,10.528043120864025,3.2446946113407997,2.205161814969816,0.9930301876773896,422.16717788490934,20.546707227312833,16.726833578311016,0.6647543838435297,21.91868679993786,3000
174,False,,"(3, 6, 8, 9)","(2, 7)",per_depth,100,100,20,2.0,10,5,3.0,True,True,True,False,0.1,0,True,128,0.03,3000,31,8,50,20.0,30,10.528043120864025,3.2446946113407997,2.205161814969816,0.9930301876773896,422.16717788490934,20.546707227312833,16.726833578311016,0.6647543838435297,25.88276280008722,3000
175,False,,"(3, 6, 8, 9)","(2, 7)",per_depth,100,100,20,2.0,10,5,3.0,True,True,True,False,0.1,0,True,128,0.03,3000,31,8,100,1.0,30,9.774781491680539,3.1264646954156605,2.122652784208505,0.9935288646038574,422.25115561160055,20.54875070683375,16.76581824225411,0.6646876966015961,23.232308799983002,3000
535,False,,"(3, 6, 8, 9)","(2, 7)",per_frame,100,100,20,2.0,10,5,3.0,True,True,True,False,0.1,0,True,128,0.03,3000,31,8,100,1.0,30,9.774781491680539,3.1264646954156605,2.122652784208505,0.9935288646038574,422.25115561160055,20.54875070683375,16.76581824225411,0.6646876966015961,21.0002784000244,3000
57,False,,"(3, 6, 8, 9)","(2, 7)",per_depth,100,100,20,2.0,10,5,3.0,True,True,True,False,0.1,0,True,64,0.03,3000,63,8,100,20.0,30,5.407040854596897,2.3253044649243026,1.5542333813695686,0.9964204117000107,422.2975585041964,20.549879768606832,16.85330936482809,0.6646508477721875,28.956720200018026,3000
417,False,,"(3, 6, 8, 9)","(2, 7)",per_frame,100,100,20,2.0,10,5,3.0,True,True,True,False,0.1,0,True,64,0.03,3000,63,8,100,20.0,30,5.407040854596897,2.3253044649243026,1.5542333813695686,0.9964204117000107,422.2975585041964,20.549879768606832,16.85330936482809,0.6646508477721875,22.279514800058678,3000
544,False,,"(3, 6, 8, 9)","(2, 7)",per_frame,100,100,20,2.0,10,5,3.0,True,True,True,False,0.1,0,True,128,0.03,3000,31,12,50,1.0,30,8.644401533177415,2.9401363120061994,2.028542968626243,0.9942772027397825,422.3290068975522,20.550644926560143,16.788369054628724,0.6646258744048583,22.07421480002813,3000
184,False,,"(3, 6, 8, 9)","(2, 7)",per_depth,100,100,20,2.0,10,5,3.0,True,True,True,False,0.1,0,True,128,0.03,3000,31,12,50,1.0,30,8.644401533177415,2.9401363120061994,2.028542968626243,0.9942772027397825,422.3290068975522,20.550644926560143,16.788369054628724,0.6646258744048583,25.759471399942413,3000
170,False,,"(3, 6, 8, 9)","(2, 7)",per_depth,100,100,20,2.0,10,5,3.0,True,True,True,False,0.1,0,True,128,0.03,3000,31,8,20,10.0,30,9.735153040818364,3.1201206772845125,2.1335037773198295,0.9935550995709804,422.348489639347,20.551118938864303,16.757296080890335,0.6646104030368326,26.378634399967268,3000
530,False,,"(3, 6, 8, 9)","(2, 7)",per_frame,100,100,20,2.0,10,5,3.0,True,True,True,False,0.1,0,True,128,0.03,3000,31,8,20,10.0,30,9.735153040818364,3.1201206772845125,2.1335037773198295,0.9935550995709804,422.348489639347,20.551118938864303,16.757296080890335,0.6646104030368326,22.45796599984169,3000
260,False,,"(3, 6, 8, 9)","(2, 7)",per_depth,100,100,20,2.0,10,5,3.0,True,True,True,False,0.1,0,True,256,0.03,3000,31,12,100,10.0,30,7.737664520761303,2.781665781642594,1.9299819182598557,0.9948774839819804,422.3692939786616,20.551625093375502,16.876676574186256,0.6645938821798887,90.46343140001409,3000
620,False,,"(3, 6, 8, 9)","(2, 7)",per_frame,100,100,20,2.0,10,5,3.0,True,True,True,False,0.1,0,True,256,0.03,3000,31,12,100,10.0,30,7.737664520761303,2.781665781642594,1.9299819182598557,0.9948774839819804,422.3692939786616,20.551625093375502,16.876676574186256,0.6645938821798887,72.55380009999499,3000
205,False,,"(3, 6, 8, 9)","(2, 7)",per_depth,100,100,20,2.0,10,5,3.0,True,True,True,False,0.1,0,True,128,0.03,3000,63,12,20,1.0,30,1.8827671686683771,1.3721396316222256,0.970494942948143,0.9987535638235765,422.3902325695185,20.552134501543105,16.755180044981625,0.6645772547129492,43.533806500025094,3000
565,False,,"(3, 6, 8, 9)","(2, 7)",per_frame,100,100,20,2.0,10,5,3.0,True,True,True,False,0.1,0,True,128,0.03,3000,63,12,20,1.0,30,1.8827671686683771,1.3721396316222256,0.970494942948143,0.9987535638235765,422.3902325695185,20.552134501543105,16.755180044981625,0.6645772547129492,37.311238600173965,3000
628,False,,"(3, 6, 8, 9)","(2, 7)",per_frame,100,100,20,2.0,10,5,3.0,True,True,True,False,0.1,0,True,256,0.03,3000,63,8,50,1.0,30,1.6017190081786272,1.2655903793007544,0.8676077841795208,0.9989396243202653,422.6711719348288,20.558968163184378,16.907303159383954,0.6643541589926756,111.45281210006215,3000
268,False,,"(3, 6, 8, 9)","(2, 7)",per_depth,100,100,20,2.0,10,5,3.0,True,True,True,False,0.1,0,True,256,0.03,3000,63,8,50,1.0,30,1.6017190081786272,1.2655903793007544,0.8676077841795208,0.9989396243202653,422.6711719348288,20.558968163184378,16.907303159383954,0.6643541589926756,195.03379290003795,3000
626,False,,"(3, 6, 8, 9)","(2, 7)",per_frame,100,100,20,2.0,10,5,3.0,True,True,True,False,0.1,0,True,256,0.03,3000,63,8,20,10.0,30,1.8592196756104142,1.3635320588861908,0.9355077362578411,0.9987691528181691,422.75103989127155,20.560910483032398,16.890620957486867,0.6642907353451932,119.67095870012417,3000
266,False,,"(3, 6, 8, 9)","(2, 7)",per_depth,100,100,20,2.0,10,5,3.0,True,True,True,False,0.1,0,True,256,0.03,3000,63,8,20,10.0,30,1.8592196756104142,1.3635320588861908,0.9355077362578411,0.9987691528181691,422.75103989127155,20.560910483032398,16.890620957486867,0.6642907353451932,151.4041198999621,3000
197,False,,"(3, 6, 8, 9)","(2, 7)",per_depth,100,100,20,2.0,10,5,3.0,True,True,True,False,0.1,0,True,128,0.03,3000,63,8,50,10.0,30,2.8582041771500477,1.6906224229998985,1.1286914825608991,0.9981078015671347,422.81251519398137,20.562405384438403,16.780771331401265,0.6642419174199377,51.60354229994118,3000
557,False,,"(3, 6, 8, 9)","(2, 7)",per_frame,100,100,20,2.0,10,5,3.0,True,True,True,False,0.1,0,True,128,0.03,3000,63,8,50,10.0,30,2.8582041771500477,1.6906224229998985,1.1286914825608991,0.9981078015671347,422.81251519398137,20.562405384438403,16.780771331401265,0.6642419174199377,33.726120500126854,3000
187,False,,"(3, 6, 8, 9)","(2, 7)",per_depth,100,100,20,2.0,10,5,3.0,True,True,True,False,0.1,0,True,128,0.03,3000,31,12,100,1.0,30,9.127272469954612,3.021137611886392,2.064812339958397,0.9939575308153097,422.9371705627351,20.565436308591536,16.864567494037917,0.6641429278061206,24.864084200002253,3000
547,False,,"(3, 6, 8, 9)","(2, 7)",per_frame,100,100,20,2.0,10,5,3.0,True,True,True,False,0.1,0,True,128,0.03,3000,31,12,100,1.0,30,9.127272469954612,3.021137611886392,2.064812339958397,0.9939575308153097,422.9371705627351,20.565436308591536,16.864567494037917,0.6641429278061206,21.390304200118408,3000
267,False,,"(3, 6, 8, 9)","(2, 7)",per_depth,100,100,20,2.0,10,5,3.0,True,True,True,False,0.1,0,True,256,0.03,3000,63,8,20,20.0,30,2.155593241804394,1.4681938706466506,0.9932258213004819,0.9985729465422221,423.18188714726534,20.571385153831166,16.892932303114925,0.6639485968243148,153.9820593999466,3000
627,False,,"(3, 6, 8, 9)","(2, 7)",per_frame,100,100,20,2.0,10,5,3.0,True,True,True,False,0.1,0,True,256,0.03,3000,63,8,20,20.0,30,2.155593241804394,1.4681938706466506,0.9932258213004819,0.9985729465422221,423.18188714726534,20.571385153831166,16.892932303114925,0.6639485968243148,122.70908909989521,3000
525,False,,"(3, 6, 8, 9)","(2, 7)",per_frame,100,100,20,2.0,10,5,3.0,True,True,True,False,0.1,0,True,128,0.03,3000,15,12,100,20.0,30,24.812790539737737,4.981243874750335,3.4631449009603457,0.9835733486957811,423.70798314333496,20.58416826455067,16.735246638270333,0.6635308206787522,14.939557099947706,3000
165,False,,"(3, 6, 8, 9)","(2, 7)",per_depth,100,100,20,2.0,10,5,3.0,True,True,True,False,0.1,0,True,128,0.03,3000,15,12,100,20.0,30,24.812790539737737,4.981243874750335,3.4631449009603457,0.9835733486957811,423.70798314333496,20.58416826455067,16.735246638270333,0.6635308206787522,16.219649799983017,3000
697,False,,"(3, 6, 8, 9)","(2, 7)",per_frame,100,100,20,2.0,10,5,3.0,True,True,True,False,0.1,0,True,512,0.03,3000,63,8,20,1.0,30,1.0876684182071208,1.0429134279541714,0.7451082509170128,0.9992799379089633,424.0079987424302,20.591454507693967,16.93206452692346,0.6632925764010251,190.67517599998973,3000
337,False,,"(3, 6, 8, 9)","(2, 7)",per_depth,100,100,20,2.0,10,5,3.0,True,True,True,False,0.1,0,True,512,0.03,3000,63,8,20,1.0,30,1.0876684182071208,1.0429134279541714,0.7451082509170128,0.9992799379089633,424.0079987424302,20.591454507693967,16.93206452692346,0.6632925764010251,188.1688385999296,3000
166,False,,"(3, 6, 8, 9)","(2, 7)",per_depth,100,100,20,2.0,10,5,3.0,True,True,True,False,0.1,0,True,128,0.03,3000,15,12,200,1.0,30,24.340255904725733,4.933584488455198,3.417399908452293,0.9838861777452215,424.05740989387846,20.592654270245944,16.785268748908848,0.663253338694306,15.88921020005364,3000
526,False,,"(3, 6, 8, 9)","(2, 7)",per_frame,100,100,20,2.0,10,5,3.0,True,True,True,False,0.1,0,True,128,0.03,3000,15,12,200,1.0,30,24.340255904725733,4.933584488455198,3.417399908452293,0.9838861777452215,424.05740989387846,20.592654270245944,16.785268748908848,0.663253338694306,14.54972490016371,3000
524,False,,"(3, 6, 8, 9)","(2, 7)",per_frame,100,100,20,2.0,10,5,3.0,True,True,True,False,0.1,0,True,128,0.03,3000,15,12,100,10.0,30,24.146710691219628,4.913930269267119,3.4121501796424076,0.9840143092316326,424.1405299687276,20.594672368569682,16.75703807740229,0.6631873325191047,14.694611000129953,3000
164,False,,"(3, 6, 8, 9)","(2, 7)",per_depth,100,100,20,2.0,10,5,3.0,True,True,True,False,0.1,0,True,128,0.03,3000,15,12,100,10.0,30,24.146710691219628,4.913930269267119,3.4121501796424076,0.9840143092316326,424.1405299687276,20.594672368569682,16.75703807740229,0.6631873325191047,17.7046238000039,3000
149,False,,"(3, 6, 8, 9)","(2, 7)",per_depth,100,100,20,2.0,10,5,3.0,True,True,True,False,0.1,0,True,128,0.03,3000,15,8,50,10.0,30,24.230541167804613,4.92245275932686,3.433326023920271,0.9839588114831902,424.1510991215017,20.594928966167902,16.743113153708155,0.6631789394882874,16.00111960002687,3000
509,False,,"(3, 6, 8, 9)","(2, 7)",per_frame,100,100,20,2.0,10,5,3.0,True,True,True,False,0.1,0,True,128,0.03,3000,15,8,50,10.0,30,24.230541167804613,4.92245275932686,3.433326023920271,0.9839588114831902,424.1510991215017,20.594928966167902,16.743113153708155,0.6631789394882874,15.109462700085714,3000
512,False,,"(3, 6, 8, 9)","(2, 7)",per_frame,100,100,20,2.0,10,5,3.0,True,True,True,False,0.1,0,True,128,0.03,3000,15,8,100,10.0,30,24.253996338345615,4.92483465086348,3.42087131469059,0.9839432836082767,424.36531252561804,20.600128944392996,16.764765098177023,0.6630088312742577,14.80367589998059,3000
152,False,,"(3, 6, 8, 9)","(2, 7)",per_depth,100,100,20,2.0,10,5,3.0,True,True,True,False,0.1,0,True,128,0.03,3000,15,8,100,10.0,30,24.253996338345615,4.92483465086348,3.42087131469059,0.9839432836082767,424.36531252561804,20.600128944392996,16.764765098177023,0.6630088312742577,16.133787300088443,3000
550,False,,"(3, 6, 8, 9)","(2, 7)",per_frame,100,100,20,2.0,10,5,3.0,True,True,True,False,0.1,0,True,128,0.03,3000,31,12,200,1.0,30,9.956817170172002,3.1554424682082227,2.1515981962859647,0.9934083527005019,424.4807043696794,20.60292950940908,16.81871508420995,0.662917197883771,21.550084700109437,3000
190,False,,"(3, 6, 8, 9)","(2, 7)",per_depth,100,100,20,2.0,10,5,3.0,True,True,True,False,0.1,0,True,128,0.03,3000,31,12,200,1.0,30,9.956817170172002,3.1554424682082227,2.1515981962859647,0.9934083527005019,424.4807043696794,20.60292950940908,16.81871508420995,0.662917197883771,23.689754999941215,3000
245,False,,"(3, 6, 8, 9)","(2, 7)",per_depth,100,100,20,2.0,10,5,3.0,True,True,True,False,0.1,0,True,256,0.03,3000,31,8,50,10.0,30,7.918913700876824,2.814056449482992,1.9501913099835022,0.9947574927590599,424.8606597085611,20.61214835257502,16.91442155201962,0.662615472954956,83.43959510000423,3000
605,False,,"(3, 6, 8, 9)","(2, 7)",per_frame,100,100,20,2.0,10,5,3.0,True,True,True,False,0.1,0,True,256,0.03,3000,31,8,50,10.0,30,7.918913700876824,2.814056449482992,1.9501913099835022,0.9947574927590599,424.8606597085611,20.61214835257502,16.91442155201962,0.662615472954956,68.6704836001154,3000
163,False,,"(3, 6, 8, 9)","(2, 7)",per_depth,100,100,20,2.0,10,5,3.0,True,True,True,False,0.1,0,True,128,0.03,3000,15,12,100,1.0,30,23.75500325467754,4.87391046847165,3.393125621034926,0.9842736287734246,424.8659612172623,20.61227695372984,16.78078019638461,0.6626112629934902,16.817965700058267,3000
523,False,,"(3, 6, 8, 9)","(2, 7)",per_frame,100,100,20,2.0,10,5,3.0,True,True,True,False,0.1,0,True,128,0.03,3000,15,12,100,1.0,30,23.75500325467754,4.87391046847165,3.393125621034926,0.9842736287734246,424.8659612172623,20.61227695372984,16.78078019638461,0.6626112629934902,14.536540600005537,3000
191,False,,"(3, 6, 8, 9)","(2, 7)",per_depth,100,100,20,2.0,10,5,3.0,True,True,True,False,0.1,0,True,128,0.03,3000,31,12,200,10.0,30,10.268745993901689,3.204488413756818,2.181475734494876,0.9932018484779745,424.909352739885,20.613329491857566,16.81112094067336,0.6625768055119529,30.934429300017655,3000
551,False,,"(3, 6, 8, 9)","(2, 7)",per_frame,100,100,20,2.0,10,5,3.0,True,True,True,False,0.1,0,True,128,0.03,3000,31,12,200,10.0,30,10.268745993901689,3.204488413756818,2.181475734494876,0.9932018484779745,424.909352739885,20.613329491857566,16.81112094067336,0.6625768055119529,21.57532350020483,3000
510,False,,"(3, 6, 8, 9)","(2, 7)",per_frame,100,100,20,2.0,10,5,3.0,True,True,True,False,0.1,0,True,128,0.03,3000,15,8,50,20.0,30,24.75056171398156,4.974993639592071,3.4640094132369645,0.9836145456429818,425.1839555096072,20.619989221859626,16.761145549628353,0.6623587417221646,15.183673499850556,3000
150,False,,"(3, 6, 8, 9)","(2, 7)",per_depth,100,100,20,2.0,10,5,3.0,True,True,True,False,0.1,0,True,128,0.03,3000,15,8,50,20.0,30,24.75056171398156,4.974993639592071,3.4640094132369645,0.9836145456429818,425.1839555096072,20.619989221859626,16.761145549628353,0.6623587417221646,16.3227748000063,3000
161,False,,"(3, 6, 8, 9)","(2, 7)",per_depth,100,100,20,2.0,10,5,3.0,True,True,True,False,0.1,0,True,128,0.03,3000,15,12,50,10.0,30,24.19088895219435,4.918423421401857,3.4286025860851588,0.9839850621831358,425.4853559292455,20.62729637953664,16.76210122485253,0.6621193977497182,16.46276919997763,3000
521,False,,"(3, 6, 8, 9)","(2, 7)",per_frame,100,100,20,2.0,10,5,3.0,True,True,True,False,0.1,0,True,128,0.03,3000,15,12,50,10.0,30,24.19088895219435,4.918423421401857,3.4286025860851588,0.9839850621831358,425.4853559292455,20.62729637953664,16.76210122485253,0.6621193977497182,14.578906800132245,3000
269,False,,"(3, 6, 8, 9)","(2, 7)",per_depth,100,100,20,2.0,10,5,3.0,True,True,True,False,0.1,0,True,256,0.03,3000,63,8,50,10.0,30,1.865477084272225,1.3658246901678945,0.9368295488136039,0.9987650102663674,425.54376005466645,20.62871203092104,16.92349261704522,0.6620730186657,190.34004000003915,3000
629,False,,"(3, 6, 8, 9)","(2, 7)",per_frame,100,100,20,2.0,10,5,3.0,True,True,True,False,0.1,0,True,256,0.03,3000,63,8,50,10.0,30,1.865477084272225,1.3658246901678945,0.9368295488136039,0.9987650102663674,425.54376005466645,20.62871203092104,16.92349261704522,0.6620730186657,113.43672250001691,3000
540,False,,"(3, 6, 8, 9)","(2, 7)",per_frame,100,100,20,2.0,10,5,3.0,True,True,True,False,0.1,0,True,128,0.03,3000,31,8,200,20.0,30,11.254493325392428,3.354771724781349,2.2827245185357348,0.9925492605450481,425.6767988421524,20.631936381303436,16.800057110790945,0.6619673717262414,20.741654299898073,3000
180,False,,"(3, 6, 8, 9)","(2, 7)",per_depth,100,100,20,2.0,10,5,3.0,True,True,True,False,0.1,0,True,128,0.03,3000,31,8,200,20.0,30,11.254493325392428,3.354771724781349,2.2827245185357348,0.9925492605450481,425.6767988421524,20.631936381303436,16.800057110790945,0.6619673717262414,25.004184999968857,3000
162,False,,"(3, 6, 8, 9)","(2, 7)",per_depth,100,100,20,2.0,10,5,3.0,True,True,True,False,0.1,0,True,128,0.03,3000,15,12,50,20.0,30,24.79039397601855,4.978995277766243,3.469276553937859,0.9835881757480645,425.74930572276486,20.63369345809821,16.773929945745607,0.6619097935554601,18.30085080000572,3000
522,False,,"(3, 6, 8, 9)","(2, 7)",per_frame,100,100,20,2.0,10,5,3.0,True,True,True,False,0.1,0,True,128,0.03,3000,15,12,50,20.0,30,24.79039397601855,4.978995277766243,3.469276553937859,0.9835881757480645,425.74930572276486,20.63369345809821,16.773929945745607,0.6619097935554601,14.741067500086501,3000
518,False,,"(3, 6, 8, 9)","(2, 7)",per_frame,100,100,20,2.0,10,5,3.0,True,True,True,False,0.1,0,True,128,0.03,3000,15,12,20,10.0,30,23.94397882234288,4.893258507614623,3.4211314205559775,0.9841485225001063,425.7909363469828,20.63470223548144,16.805318166626403,0.6618767344144421,15.48647279990837,3000
158,False,,"(3, 6, 8, 9)","(2, 7)",per_depth,100,100,20,2.0,10,5,3.0,True,True,True,False,0.1,0,True,128,0.03,3000,15,12,20,10.0,30,23.94397882234288,4.893258507614623,3.4211314205559775,0.9841485225001063,425.7909363469828,20.63470223548144,16.805318166626403,0.6618767344144421,17.209029700024985,3000
536,False,,"(3, 6, 8, 9)","(2, 7)",per_frame,100,100,20,2.0,10,5,3.0,True,True,True,False,0.1,0,True,128,0.03,3000,31,8,100,10.0,30,10.14042933775195,3.1844040789058083,2.164245935753028,0.9932867971242672,425.86454583392543,20.63648579177001,16.84590665238513,0.6618182806570261,21.01008869986981,3000
176,False,,"(3, 6, 8, 9)","(2, 7)",per_depth,100,100,20,2.0,10,5,3.0,True,True,True,False,0.1,0,True,128,0.03,3000,31,8,100,10.0,30,10.14042933775195,3.1844040789058083,2.164245935753028,0.9932867971242672,425.86454583392543,20.63648579177001,16.84590665238513,0.6618182806570261,23.719455900019966,3000
159,False,,"(3, 6, 8, 9)","(2, 7)",per_depth,100,100,20,2.0,10,5,3.0,True,True,True,False,0.1,0,True,128,0.03,3000,15,12,20,20.0,30,24.862457310278305,4.986226760816069,3.473820128696066,0.98354046812478,425.916500699424,20.63774456425469,16.789367402266944,0.661777022970951,16.997629399993457,3000
519,False,,"(3, 6, 8, 9)","(2, 7)",per_frame,100,100,20,2.0,10,5,3.0,True,True,True,False,0.1,0,True,128,0.03,3000,15,12,20,20.0,30,24.862457310278305,4.986226760816069,3.473820128696066,0.98354046812478,425.916500699424,20.63774456425469,16.789367402266944,0.661777022970951,15.744488300057128,3000
420,False,,"(3, 6, 8, 9)","(2, 7)",per_frame,100,100,20,2.0,10,5,3.0,True,True,True,False,0.1,0,True,64,0.03,3000,63,8,200,20.0,30,7.137286784530797,2.6715700972519505,1.8229538921463102,0.9952749481732038,426.05859631370544,20.64118689207831,16.92268803817494,0.6616641839482643,19.562242600135505,3000
60,False,,"(3, 6, 8, 9)","(2, 7)",per_depth,100,100,20,2.0,10,5,3.0,True,True,True,False,0.1,0,True,64,0.03,3000,63,8,200,20.0,30,7.137286784530797,2.6715700972519505,1.8229538921463102,0.9952749481732038,426.05859631370544,20.64118689207831,16.92268803817494,0.6616641839482643,23.606389399967156,3000
181,False,,"(3, 6, 8, 9)","(2, 7)",per_depth,100,100,20,2.0,10,5,3.0,True,True,True,False,0.1,0,True,128,0.03,3000,31,12,20,1.0,30,8.322472875205017,2.8848696461374157,2.0322895662498595,0.9944903270879238,426.2961239735085,20.64693982103664,16.79075823483405,0.6614755617368839,26.587072299909778,3000
541,False,,"(3, 6, 8, 9)","(2, 7)",per_frame,100,100,20,2.0,10,5,3.0,True,True,True,False,0.1,0,True,128,0.03,3000,31,12,20,1.0,30,8.322472875205017,2.8848696461374157,2.0322895662498595,0.9944903270879238,426.2961239735085,20.64693982103664,16.79075823483405,0.6614755617368839,22.92511250008829,3000
351,False,,"(3, 6, 8, 9)","(2, 7)",per_depth,100,100,20,2.0,10,5,3.0,True,True,True,False,0.1,0,True,512,0.03,3000,63,12,20,20.0,30,1.3365783027591012,1.1561047974812237,0.8150994653188675,0.999115153707317,426.68995719775955,20.656474946073438,16.96780876778107,0.6611628162918486,236.9742592999246,3000
711,False,,"(3, 6, 8, 9)","(2, 7)",per_frame,100,100,20,2.0,10,5,3.0,True,True,True,False,0.1,0,True,512,0.03,3000,63,12,20,20.0,30,1.3365783027591012,1.1561047974812237,0.8150994653188675,0.999115153707317,426.68995719775955,20.656474946073438,16.96780876778107,0.6611628162918486,238.29785919981077,3000
243,False,,"(3, 6, 8, 9)","(2, 7)",per_depth,100,100,20,2.0,10,5,3.0,True,True,True,False,0.1,0,True,256,0.03,3000,31,8,20,20.0,30,8.363801337620272,2.8920237443043706,1.998419585858994,0.994462966673143,426.8460807055724,20.660253645722076,16.93350436451685,0.6610388376305147,91.25884889997542,3000
603,False,,"(3, 6, 8, 9)","(2, 7)",per_frame,100,100,20,2.0,10,5,3.0,True,True,True,False,0.1,0,True,256,0.03,3000,31,8,20,20.0,30,8.363801337620272,2.8920237443043706,1.998419585858994,0.994462966673143,426.8460807055724,20.660253645722076,16.93350436451685,0.6610388376305147,73.09242709982209,3000
192,False,,"(3, 6, 8, 9)","(2, 7)",per_depth,100,100,20,2.0,10,5,3.0,True,True,True,False,0.1,0,True,128,0.03,3000,31,12,200,20.0,30,10.595127181786337,3.2550156960890892,2.219558124046485,0.9929857764502414,426.8516512390131,20.660388458085997,16.87288670572423,0.6610344140348079,49.80239939992316,3000
552,False,,"(3, 6, 8, 9)","(2, 7)",per_frame,100,100,20,2.0,10,5,3.0,True,True,True,False,0.1,0,True,128,0.03,3000,31,12,200,20.0,30,10.595127181786337,3.2550156960890892,2.219558124046485,0.9929857764502414,426.8516512390131,20.660388458085997,16.87288670572423,0.6610344140348079,21.5294916999992,3000
160,False,,"(3, 6, 8, 9)","(2, 7)",per_depth,100,100,20,2.0,10,5,3.0,True,True,True,False,0.1,0,True,128,0.03,3000,15,12,50,1.0,30,23.278168672643464,4.824745451590525,3.3775921268299127,0.9845893044889924,426.93276124294556,20.66235129995968,16.808125943093728,0.6609700040695875,17.95913890004158,3000
520,False,,"(3, 6, 8, 9)","(2, 7)",per_frame,100,100,20,2.0,10,5,3.0,True,True,True,False,0.1,0,True,128,0.03,3000,15,12,50,1.0,30,23.278168672643464,4.824745451590525,3.3775921268299127,0.9845893044889924,426.93276124294556,20.66235129995968,16.808125943093728,0.6609700040695875,14.965916400076821,3000
171,False,,"(3, 6, 8, 9)","(2, 7)",per_depth,100,100,20,2.0,10,5,3.0,True,True,True,False,0.1,0,True,128,0.03,3000,31,8,20,20.0,30,10.627553636443414,3.259992889017308,2.2103912748234826,0.9929643093741045,426.93894732736476,20.662500994007594,16.845018994287877,0.66096509166097,26.87975710001774,3000
531,False,,"(3, 6, 8, 9)","(2, 7)",per_frame,100,100,20,2.0,10,5,3.0,True,True,True,False,0.1,0,True,128,0.03,3000,31,8,20,20.0,30,10.627553636443414,3.259992889017308,2.2103912748234826,0.9929643093741045,426.93894732736476,20.662500994007594,16.845018994287877,0.66096509166097,22.72690250002779,3000
506,False,,"(3, 6, 8, 9)","(2, 7)",per_frame,100,100,20,2.0,10,5,3.0,True,True,True,False,0.1,0,True,128,0.03,3000,15,8,20,10.0,30,24.35517024044843,4.935095768113161,3.4457671439954494,0.9838763041039654,427.05432682958406,20.665292807738876,16.825987388489594,0.6608734680712178,15.21558260009624,3000
146,False,,"(3, 6, 8, 9)","(2, 7)",per_depth,100,100,20,2.0,10,5,3.0,True,True,True,False,0.1,0,True,128,0.03,3000,15,8,20,10.0,30,24.35517024044843,4.935095768113161,3.4457671439954494,0.9838763041039654,427.05432682958406,20.665292807738876,16.825987388489594,0.6608734680712178,16.67976730002556,3000
147,False,,"(3, 6, 8, 9)","(2, 7)",per_depth,100,100,20,2.0,10,5,3.0,True,True,True,False,0.1,0,True,128,0.03,3000,15,8,20,20.0,30,24.957468801061953,4.995745069662978,3.477720729565218,0.9834775682817939,427.1598990080694,20.66784698530714,16.805298082741007,0.6607896325390417,17.661563600064255,3000
507,False,,"(3, 6, 8, 9)","(2, 7)",per_frame,100,100,20,2.0,10,5,3.0,True,True,True,False,0.1,0,True,128,0.03,3000,15,8,20,20.0,30,24.957468801061953,4.995745069662978,3.477720729565218,0.9834775682817939,427.1598990080694,20.66784698530714,16.805298082741007,0.6607896325390417,15.244959999807179,3000
642,False,,"(3, 6, 8, 9)","(2, 7)",per_frame,100,100,20,2.0,10,5,3.0,True,True,True,False,0.1,0,True,256,0.03,3000,63,12,50,20.0,30,1.8298150504853052,1.3527065648119347,0.9363379708604846,0.9987886193720373,427.2213340553116,20.66933317877748,16.907322023956507,0.6607408465809065,135.20912229991518,3000
282,False,,"(3, 6, 8, 9)","(2, 7)",per_depth,100,100,20,2.0,10,5,3.0,True,True,True,False,0.1,0,True,256,0.03,3000,63,12,50,20.0,30,1.8298150504853052,1.3527065648119347,0.9363379708604846,0.9987886193720373,427.2213340553116,20.66933317877748,16.907322023956507,0.6607408465809065,134.71195990010165,3000
415,False,,"(3, 6, 8, 9)","(2, 7)",per_frame,100,100,20,2.0,10,5,3.0,True,True,True,False,0.1,0,True,64,0.03,3000,63,8,100,1.0,30,4.623668490223663,2.150271724741704,1.4436493175271998,0.9969390226418278,427.50451988647796,20.676182430189524,16.964457378431856,0.660515966927941,22.490142199909315,3000
55,False,,"(3, 6, 8, 9)","(2, 7)",per_depth,100,100,20,2.0,10,5,3.0,True,True,True,False,0.1,0,True,64,0.03,3000,63,8,100,1.0,30,4.623668490223663,2.150271724741704,1.4436493175271998,0.9969390226418278,427.50451988647796,20.676182430189524,16.964457378431856,0.660515966927941,28.681747999973595,3000
614,False,,"(3, 6, 8, 9)","(2, 7)",per_frame,100,100,20,2.0,10,5,3.0,True,True,True,False,0.1,0,True,256,0.03,3000,31,12,20,10.0,30,7.53339806162711,2.7447036382143537,1.9240506465877967,0.9950127131853209,427.54805660182507,20.677235226253657,16.923388066266803,0.6604813941479464,79.00654440000653,3000
254,False,,"(3, 6, 8, 9)","(2, 7)",per_depth,100,100,20,2.0,10,5,3.0,True,True,True,False,0.1,0,True,256,0.03,3000,31,12,20,10.0,30,7.53339806162711,2.7447036382143537,1.9240506465877967,0.9950127131853209,427.54805660182507,20.677235226253657,16.923388066266803,0.6604813941479464,100.56712550006341,3000
539,False,,"(3, 6, 8, 9)","(2, 7)",per_frame,100,100,20,2.0,10,5,3.0,True,True,True,False,0.1,0,True,128,0.03,3000,31,8,200,10.0,30,10.96891431083163,3.311935130830861,2.2524159712610734,0.9927383205737652,427.5490999414352,20.677260455423855,16.878172668740095,0.6604805656253876,20.807424700120464,3000
179,False,,"(3, 6, 8, 9)","(2, 7)",per_depth,100,100,20,2.0,10,5,3.0,True,True,True,False,0.1,0,True,128,0.03,3000,31,8,200,10.0,30,10.96891431083163,3.311935130830861,2.2524159712610734,0.9927383205737652,427.5490999414352,20.677260455423855,16.878172668740095,0.6604805656253876,23.326805399963632,3000
177,False,,"(3, 6, 8, 9)","(2, 7)",per_depth,100,100,20,2.0,10,5,3.0,True,True,True,False,0.1,0,True,128,0.03,3000,31,8,100,20.0,30,10.708332842027245,3.272358910942876,2.215178977115455,0.9929108316388764,427.55716447238535,20.677455464161575,16.904597748355403,0.6604741615305432,23.47184239991475,3000
537,False,,"(3, 6, 8, 9)","(2, 7)",per_frame,100,100,20,2.0,10,5,3.0,True,True,True,False,0.1,0,True,128,0.03,3000,31,8,100,20.0,30,10.708332842027245,3.272358910942876,2.215178977115455,0.9929108316388764,427.55716447238535,20.677455464161575,16.904597748355403,0.6604741615305432,21.562853399896994,3000
613,False,,"(3, 6, 8, 9)","(2, 7)",per_frame,100,100,20,2.0,10,5,3.0,True,True,True,False,0.1,0,True,256,0.03,3000,31,12,20,1.0,30,6.711054713872306,2.5905703452854367,1.8544904425546291,0.9955571238353152,427.62359394219845,20.679061727800864,16.97778880290499,0.6604214094699732,76.83200860000215,3000
253,False,,"(3, 6, 8, 9)","(2, 7)",per_depth,100,100,20,2.0,10,5,3.0,True,True,True,False,0.1,0,True,256,0.03,3000,31,12,20,1.0,30,6.711054713872306,2.5905703452854367,1.8544904425546291,0.9955571238353152,427.62359394219845,20.679061727800864,16.97778880290499,0.6604214094699732,92.8776923000114,3000
712,False,,"(3, 6, 8, 9)","(2, 7)",per_frame,100,100,20,2.0,10,5,3.0,True,True,True,False,0.1,0,True,512,0.03,3000,63,12,50,1.0,30,0.9767781535480109,0.988320875803001,0.708646146579506,0.9993533498739605,427.6696882602473,20.68017621443897,16.974073367535727,0.6603848056815569,212.35186159983277,3000
352,False,,"(3, 6, 8, 9)","(2, 7)",per_depth,100,100,20,2.0,10,5,3.0,True,True,True,False,0.1,0,True,512,0.03,3000,63,12,50,1.0,30,0.9767781535480109,0.988320875803001,0.708646146579506,0.9993533498739605,427.6696882602473,20.68017621443897,16.974073367535727,0.6603848056815569,210.12565660011023,3000
511,False,,"(3, 6, 8, 9)","(2, 7)",per_frame,100,100,20,2.0,10,5,3.0,True,True,True,False,0.1,0,True,128,0.03,3000,15,8,100,1.0,30,23.722059659791043,4.870529710389933,3.386918313283742,0.9842954382085641,427.71630099320146,20.681303174442405,16.846038116436706,0.6603477902165976,14.576197399990633,3000
151,False,,"(3, 6, 8, 9)","(2, 7)",per_depth,100,100,20,2.0,10,5,3.0,True,True,True,False,0.1,0,True,128,0.03,3000,15,8,100,1.0,30,23.722059659791043,4.870529710389933,3.386918313283742,0.9842954382085641,427.71630099320146,20.681303174442405,16.846038116436706,0.6603477902165976,16.984658399946056,3000
350,False,,"(3, 6, 8, 9)","(2, 7)",per_depth,100,100,20,2.0,10,5,3.0,True,True,True,False,0.1,0,True,512,0.03,3000,63,12,20,10.0,30,1.1624808779045117,1.0781840649464782,0.7726918252382419,0.9992304102999388,427.77490648902346,20.682719997355846,16.98661888621018,0.6603012512230751,232.88610940007493,3000
710,False,,"(3, 6, 8, 9)","(2, 7)",per_frame,100,100,20,2.0,10,5,3.0,True,True,True,False,0.1,0,True,512,0.03,3000,63,12,20,10.0,30,1.1624808779045117,1.0781840649464782,0.7726918252382419,0.9992304102999388,427.77490648902346,20.682719997355846,16.98661888621018,0.6603012512230751,233.7226203000173,3000
528,False,,"(3, 6, 8, 9)","(2, 7)",per_frame,100,100,20,2.0,10,5,3.0,True,True,True,False,0.1,0,True,128,0.03,3000,15,12,200,20.0,30,25.1144045523992,5.011427396700385,3.4714417236037622,0.983373673120939,427.81413686857087,20.68366836101785,16.865381646637474,0.6602700981314745,14.56472559995018,3000
168,False,,"(3, 6, 8, 9)","(2, 7)",per_depth,100,100,20,2.0,10,5,3.0,True,True,True,False,0.1,0,True,128,0.03,3000,15,12,200,20.0,30,25.1144045523992,5.011427396700385,3.4714417236037622,0.983373673120939,427.81413686857087,20.68366836101785,16.865381646637474,0.6602700981314745,16.518419399973936,3000
145,False,,"(3, 6, 8, 9)","(2, 7)",per_depth,100,100,20,2.0,10,5,3.0,True,True,True,False,0.1,0,True,128,0.03,3000,15,8,20,1.0,30,22.80609570736664,4.775572814581162,3.3716632011926726,0.9849018279022027,427.94461019776276,20.686822138689227,16.848794744174178,0.6601664884386129,15.827519499929622,3000
505,False,,"(3, 6, 8, 9)","(2, 7)",per_frame,100,100,20,2.0,10,5,3.0,True,True,True,False,0.1,0,True,128,0.03,3000,15,8,20,1.0,30,22.80609570736664,4.775572814581162,3.3716632011926726,0.9849018279022027,427.94461019776276,20.686822138689227,16.848794744174178,0.6601664884386129,14.694640300003812,3000
630,False,,"(3, 6, 8, 9)","(2, 7)",per_frame,100,100,20,2.0,10,5,3.0,True,True,True,False,0.1,0,True,256,0.03,3000,63,8,50,20.0,30,2.101502229604423,1.449655900413758,0.9898084555139455,0.9986087560653258,428.1116651877313,20.690859459861286,16.95743240286705,0.6600338290184168,115.10117520019412,3000
270,False,,"(3, 6, 8, 9)","(2, 7)",per_depth,100,100,20,2.0,10,5,3.0,True,True,True,False,0.1,0,True,256,0.03,3000,63,8,50,20.0,30,2.101502229604423,1.449655900413758,0.9898084555139455,0.9986087560653258,428.1116651877313,20.690859459861286,16.95743240286705,0.6600338290184168,172.18822610005736,3000
416,False,,"(3, 6, 8, 9)","(2, 7)",per_frame,100,100,20,2.0,10,5,3.0,True,True,True,False,0.1,0,True,64,0.03,3000,63,8,100,10.0,30,5.017597844086113,2.23999951876917,1.4985789429321186,0.996678232138477,428.15896288461164,20.692002389440507,16.940696635353728,0.6599962696192876,22.306502599967644,3000
56,False,,"(3, 6, 8, 9)","(2, 7)",per_depth,100,100,20,2.0,10,5,3.0,True,True,True,False,0.1,0,True,64,0.03,3000,63,8,100,10.0,30,5.017597844086113,2.23999951876917,1.4985789429321186,0.996678232138477,428.15896288461164,20.692002389440507,16.940696635353728,0.6599962696192876,27.870494900038466,3000
156,False,,"(3, 6, 8, 9)","(2, 7)",per_depth,100,100,20,2.0,10,5,3.0,True,True,True,False,0.1,0,True,128,0.03,3000,15,8,200,20.0,30,25.455816698231956,5.045375773738955,3.4921926097174465,0.983147650245292,428.30189083328685,20.695455801534955,16.88435171918322,0.6598827696346141,16.205439900048077,3000
516,False,,"(3, 6, 8, 9)","(2, 7)",per_frame,100,100,20,2.0,10,5,3.0,True,True,True,False,0.1,0,True,128,0.03,3000,15,8,200,20.0,30,25.455816698231956,5.045375773738955,3.4921926097174465,0.983147650245292,428.30189083328685,20.695455801534955,16.88435171918322,0.6598827696346141,14.377783100120723,3000
514,False,,"(3, 6, 8, 9)","(2, 7)",per_frame,100,100,20,2.0,10,5,3.0,True,True,True,False,0.1,0,True,128,0.03,3000,15,8,200,1.0,30,24.715566765607416,4.971475310771182,3.4438942122904446,0.9836377131224086,428.38535081682056,20.697472087596122,16.883589387322765,0.6598164935357844,14.53176759998314,3000
154,False,,"(3, 6, 8, 9)","(2, 7)",per_depth,100,100,20,2.0,10,5,3.0,True,True,True,False,0.1,0,True,128,0.03,3000,15,8,200,1.0,30,24.715566765607416,4.971475310771182,3.4438942122904446,0.9836377131224086,428.38535081682056,20.697472087596122,16.883589387322765,0.6598164935357844,15.979879399994388,3000
201,False,,"(3, 6, 8, 9)","(2, 7)",per_depth,100,100,20,2.0,10,5,3.0,True,True,True,False,0.1,0,True,128,0.03,3000,63,8,100,20.0,30,3.557708335523235,1.886188838776021,1.2654436871401142,0.9976447133515208,428.4668391757024,20.69944055223963,16.853933992196573,0.6597517831165145,36.48135669995099,3000
561,False,,"(3, 6, 8, 9)","(2, 7)",per_frame,100,100,20,2.0,10,5,3.0,True,True,True,False,0.1,0,True,128,0.03,3000,63,8,100,20.0,30,3.557708335523235,1.886188838776021,1.2654436871401142,0.9976447133515208,428.4668391757024,20.69944055223963,16.853933992196573,0.6597517831165145,32.210974500048906,3000
247,False,,"(3, 6, 8, 9)","(2, 7)",per_depth,100,100,20,2.0,10,5,3.0,True,True,True,False,0.1,0,True,256,0.03,3000,31,8,100,1.0,30,7.661026441189587,2.767855928546424,1.9096686415210598,0.9949282201943276,428.49096595703605,20.700023332282406,17.02477015096867,0.6597326238874275,85.14091800001916,3000
607,False,,"(3, 6, 8, 9)","(2, 7)",per_frame,100,100,20,2.0,10,5,3.0,True,True,True,False,0.1,0,True,256,0.03,3000,31,8,100,1.0,30,7.661026441189587,2.767855928546424,1.9096686415210598,0.9949282201943276,428.49096595703605,20.700023332282406,17.02477015096867,0.6597326238874275,66.68193680001423,3000
157,False,,"(3, 6, 8, 9)","(2, 7)",per_depth,100,100,20,2.0,10,5,3.0,True,True,True,False,0.1,0,True,128,0.03,3000,15,12,20,1.0,30,22.806943796219457,4.775661608219269,3.3752807341989333,0.9849012664474225,428.50769867102025,20.70042749971653,16.809969179770995,0.659719336333815,16.6469034999609,3000
517,False,,"(3, 6, 8, 9)","(2, 7)",per_frame,100,100,20,2.0,10,5,3.0,True,True,True,False,0.1,0,True,128,0.03,3000,15,12,20,1.0,30,22.806943796219457,4.775661608219269,3.3752807341989333,0.9849012664474225,428.50769867102025,20.70042749971653,16.809969179770995,0.659719336333815,15.334076100029051,3000
538,False,,"(3, 6, 8, 9)","(2, 7)",per_frame,100,100,20,2.0,10,5,3.0,True,True,True,False,0.1,0,True,128,0.03,3000,31,8,200,1.0,30,10.805462677185446,3.2871663598280882,2.233526706564575,0.9928465294020592,428.51049976135783,20.70049515739558,16.88398703018633,0.6597171119703275,20.581255099968985,3000
178,False,,"(3, 6, 8, 9)","(2, 7)",per_depth,100,100,20,2.0,10,5,3.0,True,True,True,False,0.1,0,True,128,0.03,3000,31,8,200,1.0,30,10.805462677185446,3.2871663598280882,2.233526706564575,0.9928465294020592,428.51049976135783,20.70049515739558,16.88398703018633,0.6597171119703275,22.608743900083937,3000
281,False,,"(3, 6, 8, 9)","(2, 7)",per_depth,100,100,20,2.0,10,5,3.0,True,True,True,False,0.1,0,True,256,0.03,3000,63,12,50,10.0,30,1.603129259342177,1.2661474082199817,0.8827135678831336,0.9989386907008049,428.56011776707084,20.701693596589408,16.947063482952803,0.6596777099993333,131.4656207000371,3000
641,False,,"(3, 6, 8, 9)","(2, 7)",per_frame,100,100,20,2.0,10,5,3.0,True,True,True,False,0.1,0,True,256,0.03,3000,63,12,50,10.0,30,1.603129259342177,1.2661474082199817,0.8827135678831336,0.9989386907008049,428.56011776707084,20.701693596589408,16.947063482952803,0.6596777099993333,131.27899900008924,3000
601,False,,"(3, 6, 8, 9)","(2, 7)",per_frame,100,100,20,2.0,10,5,3.0,True,True,True,False,0.1,0,True,256,0.03,3000,31,8,20,1.0,30,7.115821108696992,2.667549645029496,1.8904314020872874,0.9952891589557987,428.80134362821195,20.70751901190029,16.968198394420924,0.6594861510229668,69.82888749986887,3000
241,False,,"(3, 6, 8, 9)","(2, 7)",per_depth,100,100,20,2.0,10,5,3.0,True,True,True,False,0.1,0,True,256,0.03,3000,31,8,20,1.0,30,7.115821108696992,2.667549645029496,1.8904314020872874,0.9952891589557987,428.80134362821195,20.70751901190029,16.968198394420924,0.6594861510229668,85.28705629997421,3000
259,False,,"(3, 6, 8, 9)","(2, 7)",per_depth,100,100,20,2.0,10,5,3.0,True,True,True,False,0.1,0,True,256,0.03,3000,31,12,100,1.0,30,7.294290617013147,2.7007944418287644,1.8759785813161471,0.9951710079410288,429.0460411263549,20.713426590652617,17.020457801536768,0.6592918351977815,92.3821455000434,3000
619,False,,"(3, 6, 8, 9)","(2, 7)",per_frame,100,100,20,2.0,10,5,3.0,True,True,True,False,0.1,0,True,256,0.03,3000,31,12,100,1.0,30,7.294290617013147,2.7007944418287644,1.8759785813161471,0.9951710079410288,429.0460411263549,20.713426590652617,17.020457801536768,0.6592918351977815,71.70706919999793,3000
212,False,,"(3, 6, 8, 9)","(2, 7)",per_depth,100,100,20,2.0,10,5,3.0,True,True,True,False,0.1,0,True,128,0.03,3000,63,12,100,10.0,30,2.5340715221128325,1.5918767295594318,1.080053141033545,0.9983223850132038,429.2530103394391,20.718422004087063,16.863664758480315,0.6591274796414982,38.68346690002363,3000
572,False,,"(3, 6, 8, 9)","(2, 7)",per_frame,100,100,20,2.0,10,5,3.0,True,True,True,False,0.1,0,True,128,0.03,3000,63,12,100,10.0,30,2.5340715221128325,1.5918767295594318,1.080053141033545,0.9983223850132038,429.2530103394391,20.718422004087063,16.863664758480315,0.6591274796414982,34.3001977999229,3000
604,False,,"(3, 6, 8, 9)","(2, 7)",per_frame,100,100,20,2.0,10,5,3.0,True,True,True,False,0.1,0,True,256,0.03,3000,31,8,50,1.0,30,7.166732903199675,2.6770754384588558,1.865866856313207,0.9952554541496332,429.5869982529404,20.72648060460194,17.033117499334693,0.658862257734832,67.9543735999614,3000
244,False,,"(3, 6, 8, 9)","(2, 7)",per_depth,100,100,20,2.0,10,5,3.0,True,True,True,False,0.1,0,True,256,0.03,3000,31,8,50,1.0,30,7.166732903199675,2.6770754384588558,1.865866856313207,0.9952554541496332,429.5869982529404,20.72648060460194,17.033117499334693,0.658862257734832,84.84770210005809,3000
255,False,,"(3, 6, 8, 9)","(2, 7)",per_depth,100,100,20,2.0,10,5,3.0,True,True,True,False,0.1,0,True,256,0.03,3000,31,12,20,20.0,30,8.28890001940809,2.8790449839153416,1.9959254093260206,0.9945125531085957,429.6484357893047,20.727962654088913,16.97327998322949,0.6588134698000693,99.33144830004312,3000
615,False,,"(3, 6, 8, 9)","(2, 7)",per_frame,100,100,20,2.0,10,5,3.0,True,True,True,False,0.1,0,True,256,0.03,3000,31,12,20,20.0,30,8.28890001940809,2.8790449839153416,1.9959254093260206,0.9945125531085957,429.6484357893047,20.727962654088913,16.97327998322949,0.6588134698000693,80.36521789990366,3000
624,False,,"(3, 6, 8, 9)","(2, 7)",per_frame,100,100,20,2.0,10,5,3.0,True,True,True,False,0.1,0,True,256,0.03,3000,31,12,200,20.0,30,8.592192574662551,2.931244202495342,2.02140192934471,0.9943117662990528,429.74738280614986,20.730349317031536,17.015078103452378,0.6587348953504986,70.47891779989004,3000
264,False,,"(3, 6, 8, 9)","(2, 7)",per_depth,100,100,20,2.0,10,5,3.0,True,True,True,False,0.1,0,True,256,0.03,3000,31,12,200,20.0,30,8.592192574662551,2.931244202495342,2.02140192934471,0.9943117662990528,429.74738280614986,20.730349317031536,17.015078103452378,0.6587348953504986,86.89381839998532,3000
545,False,,"(3, 6, 8, 9)","(2, 7)",per_frame,100,100,20,2.0,10,5,3.0,True,True,True,False,0.1,0,True,128,0.03,3000,31,12,50,10.0,30,9.40556431288494,3.066849248477163,2.1070132717269727,0.993773295065715,429.82846059794497,20.732304758466796,16.9317116231035,0.6586705109651394,22.644875099882483,3000
185,False,,"(3, 6, 8, 9)","(2, 7)",per_depth,100,100,20,2.0,10,5,3.0,True,True,True,False,0.1,0,True,128,0.03,3000,31,12,50,10.0,30,9.40556431288494,3.066849248477163,2.1070132717269727,0.993773295065715,429.82846059794497,20.732304758466796,16.9317116231035,0.6586705109651394,25.85993839998264,3000
616,False,,"(3, 6, 8, 9)","(2, 7)",per_frame,100,100,20,2.0,10,5,3.0,True,True,True,False,0.1,0,True,256,0.03,3000,31,12,50,1.0,30,6.843837751388269,2.616072963697356,1.8401167371996434,0.9954692183394422,429.9218208020489,20.734556199785153,17.056683284366425,0.6585963730387707,73.95107029983774,3000
256,False,,"(3, 6, 8, 9)","(2, 7)",per_depth,100,100,20,2.0,10,5,3.0,True,True,True,False,0.1,0,True,256,0.03,3000,31,12,50,1.0,30,6.843837751388269,2.616072963697356,1.8401167371996434,0.9954692183394422,429.9218208020489,20.734556199785153,17.056683284366425,0.6585963730387707,91.23010759998579,3000
564,False,,"(3, 6, 8, 9)","(2, 7)",per_frame,100,100,20,2.0,10,5,3.0,True,True,True,False,0.1,0,True,128,0.03,3000,63,8,200,20.0,30,4.824797021139106,2.1965420599522116,1.5003224283450431,0.9968058708208188,430.05904309514074,20.73786495990223,16.901630735156196,0.6584874039511489,28.43755690008402,3000
204,False,,"(3, 6, 8, 9)","(2, 7)",per_depth,100,100,20,2.0,10,5,3.0,True,True,True,False,0.1,0,True,128,0.03,3000,63,8,200,20.0,30,4.824797021139106,2.1965420599522116,1.5003224283450431,0.9968058708208188,430.05904309514074,20.73786495990223,16.901630735156196,0.6584874039511489,34.00029390002601,3000
58,False,,"(3, 6, 8, 9)","(2, 7)",per_depth,100,100,20,2.0,10,5,3.0,True,True,True,False,0.1,0,True,64,0.03,3000,63,8,200,1.0,30,6.681983843663036,2.5849533542528453,1.7621664616600488,0.9955763694355743,430.2628234776022,20.74277762204479,16.99686927623432,0.6583255806653568,24.9829872000264,3000
418,False,,"(3, 6, 8, 9)","(2, 7)",per_frame,100,100,20,2.0,10,5,3.0,True,True,True,False,0.1,0,True,64,0.03,3000,63,8,200,1.0,30,6.681983843663036,2.5849533542528453,1.7621664616600488,0.9955763694355743,430.2628234776022,20.74277762204479,16.99686927623432,0.6583255806653568,20.06311900005676,3000
574,False,,"(3, 6, 8, 9)","(2, 7)",per_frame,100,100,20,2.0,10,5,3.0,True,True,True,False,0.1,0,True,128,0.03,3000,63,12,200,1.0,30,2.8884643001923083,1.6995482635666186,1.1613912553937669,0.9980877686535113,430.3520758153728,20.74492891806026,16.89838600526772,0.6582547048215283,32.6660384000279,3000
214,False,,"(3, 6, 8, 9)","(2, 7)",per_depth,100,100,20,2.0,10,5,3.0,True,True,True,False,0.1,0,True,128,0.03,3000,63,12,200,1.0,30,2.8884643001923083,1.6995482635666186,1.1613912553937669,0.9980877686535113,430.3520758153728,20.74492891806026,16.89838600526772,0.6582547048215283,37.69528220000211,3000
213,False,,"(3, 6, 8, 9)","(2, 7)",per_depth,100,100,20,2.0,10,5,3.0,True,True,True,False,0.1,0,True,128,0.03,3000,63,12,100,20.0,30,2.768976452399559,1.664024174223307,1.1317124178144977,0.9981668724208864,430.5113172311856,20.748766643614882,16.885799320677243,0.6581282502098049,40.31892069999594,3000
573,False,,"(3, 6, 8, 9)","(2, 7)",per_frame,100,100,20,2.0,10,5,3.0,True,True,True,False,0.1,0,True,128,0.03,3000,63,12,100,20.0,30,2.768976452399559,1.664024174223307,1.1317124178144977,0.9981668724208864,430.5113172311856,20.748766643614882,16.885799320677243,0.6581282502098049,35.12039090017788,3000
326,False,,"(3, 6, 8, 9)","(2, 7)",per_depth,100,100,20,2.0,10,5,3.0,True,True,True,False,0.1,0,True,512,0.03,3000,31,12,20,10.0,30,6.489056253575817,2.547362607399233,1.8125688120666557,0.9957040920407464,430.58635027839074,20.750574697544902,17.08056485419762,0.6580686659942143,130.45443419995718,3000
686,False,,"(3, 6, 8, 9)","(2, 7)",per_frame,100,100,20,2.0,10,5,3.0,True,True,True,False,0.1,0,True,512,0.03,3000,31,12,20,10.0,30,6.489056253575817,2.547362607399233,1.8125688120666557,0.9957040920407464,430.58635027839074,20.750574697544902,17.08056485419762,0.6580686659942143,148.49406319996342,3000
532,False,,"(3, 6, 8, 9)","(2, 7)",per_frame,100,100,20,2.0,10,5,3.0,True,True,True,False,0.1,0,True,128,0.03,3000,31,8,50,1.0,30,9.061220845309517,3.0101861811704467,2.060166755977675,0.994001258545344,430.6978102220767,20.753260231155892,16.966471020842036,0.6579801549505917,21.397932399995625,3000
172,False,,"(3, 6, 8, 9)","(2, 7)",per_depth,100,100,20,2.0,10,5,3.0,True,True,True,False,0.1,0,True,128,0.03,3000,31,8,50,1.0,30,9.061220845309517,3.0101861811704467,2.060166755977675,0.994001258545344,430.6978102220767,20.753260231155892,16.966471020842036,0.6579801549505917,23.560666600009426,3000
239,False,,"(3, 6, 8, 9)","(2, 7)",per_depth,100,100,20,2.0,10,5,3.0,True,True,True,False,0.1,0,True,256,0.03,3000,15,12,200,10.0,30,22.14782778794824,4.706147871449455,3.2884116225706577,0.9853376167571372,430.7098708591998,20.753550801229167,16.954599729259815,0.6579705775226548,49.36914800002705,3000
599,False,,"(3, 6, 8, 9)","(2, 7)",per_frame,100,100,20,2.0,10,5,3.0,True,True,True,False,0.1,0,True,256,0.03,3000,15,12,200,10.0,30,22.14782778794824,4.706147871449455,3.2884116225706577,0.9853376167571372,430.7098708591998,20.753550801229167,16.954599729259815,0.6579705775226548,41.73175609996542,3000
608,False,,"(3, 6, 8, 9)","(2, 7)",per_frame,100,100,20,2.0,10,5,3.0,True,True,True,False,0.1,0,True,256,0.03,3000,31,8,100,10.0,30,8.079132978750385,2.842381568113329,1.9606407809847903,0.9946514238263605,430.72295404706193,20.753866002435835,17.045845262987715,0.6579601880807324,67.39114469988272,3000
248,False,,"(3, 6, 8, 9)","(2, 7)",per_depth,100,100,20,2.0,10,5,3.0,True,True,True,False,0.1,0,True,256,0.03,3000,31,8,100,10.0,30,8.079132978750385,2.842381568113329,1.9606407809847903,0.9946514238263605,430.72295404706193,20.753866002435835,17.045845262987715,0.6579601880807324,84.66426400002092,3000
491,False,,"(3, 6, 8, 9)","(2, 7)",per_frame,100,100,20,2.0,10,5,3.0,True,True,True,False,0.1,0,True,96,0.03,3000,63,8,200,10.0,30,5.148085777263545,2.2689393507239335,1.5508035092288237,0.9965918460556912,430.86046573319874,20.75717865542422,16.9770100773438,0.6578509891842701,24.14785629999824,3000
131,False,,"(3, 6, 8, 9)","(2, 7)",per_depth,100,100,20,2.0,10,5,3.0,True,True,True,False,0.1,0,True,96,0.03,3000,63,8,200,10.0,30,5.148085777263545,2.2689393507239335,1.5508035092288237,0.9965918460556912,430.86046573319874,20.75717865542422,16.9770100773438,0.6578509891842701,30.02616540004965,3000
618,False,,"(3, 6, 8, 9)","(2, 7)",per_frame,100,100,20,2.0,10,5,3.0,True,True,True,False,0.1,0,True,256,0.03,3000,31,12,50,20.0,30,8.108344123684722,2.8475154299291727,1.976731679370811,0.9946320853609322,430.9097152559426,20.758364946593037,17.04482698668525,0.6578118798279237,76.8608177001588,3000
258,False,,"(3, 6, 8, 9)","(2, 7)",per_depth,100,100,20,2.0,10,5,3.0,True,True,True,False,0.1,0,True,256,0.03,3000,31,12,50,20.0,30,8.108344123684722,2.8475154299291727,1.976731679370811,0.9946320853609322,430.9097152559426,20.758364946593037,17.04482698668525,0.6578118798279237,96.64658210007474,3000
200,False,,"(3, 6, 8, 9)","(2, 7)",per_depth,100,100,20,2.0,10,5,3.0,True,True,True,False,0.1,0,True,128,0.03,3000,63,8,100,10.0,30,3.2550719320657295,1.8041817901934742,1.209388925751441,0.9978450657731317,431.2205924709777,20.76585159513035,16.90364417041978,0.6575650102725367,37.51348029996734,3000
560,False,,"(3, 6, 8, 9)","(2, 7)",per_frame,100,100,20,2.0,10,5,3.0,True,True,True,False,0.1,0,True,128,0.03,3000,63,8,100,10.0,30,3.2550719320657295,1.8041817901934742,1.209388925751441,0.9978450657731317,431.2205924709777,20.76585159513035,16.90364417041978,0.6575650102725367,32.00915279984474,3000
249,False,,"(3, 6, 8, 9)","(2, 7)",per_depth,100,100,20,2.0,10,5,3.0,True,True,True,False,0.1,0,True,256,0.03,3000,31,8,100,20.0,30,8.634696837408656,2.9384854665981686,2.0232656319698976,0.9942836274767807,431.2663177211085,20.76695253813396,17.041215629285507,0.6575286995632796,81.5243225999875,3000
609,False,,"(3, 6, 8, 9)","(2, 7)",per_frame,100,100,20,2.0,10,5,3.0,True,True,True,False,0.1,0,True,256,0.03,3000,31,8,100,20.0,30,8.634696837408656,2.9384854665981686,2.0232656319698976,0.9942836274767807,431.2663177211085,20.76695253813396,17.041215629285507,0.6575286995632796,68.17502720002085,3000
242,False,,"(3, 6, 8, 9)","(2, 7)",per_depth,100,100,20,2.0,10,5,3.0,True,True,True,False,0.1,0,True,256,0.03,3000,31,8,20,10.0,30,7.9141962952140945,2.813218138576192,1.957945802341712,0.9947606157926323,431.3303229041795,20.768493515519598,17.055957577499296,0.6574778726440877,89.61571439995896,3000
602,False,,"(3, 6, 8, 9)","(2, 7)",per_frame,100,100,20,2.0,10,5,3.0,True,True,True,False,0.1,0,True,256,0.03,3000,31,8,20,10.0,30,7.9141962952140945,2.813218138576192,1.957945802341712,0.9947606157926323,431.3303229041795,20.768493515519598,17.055957577499296,0.6574778726440877,72.10696650017053,3000
571,False,,"(3, 6, 8, 9)","(2, 7)",per_frame,100,100,20,2.0,10,5,3.0,True,True,True,False,0.1,0,True,128,0.03,3000,63,12,100,1.0,30,2.355670332505708,1.5348193159149737,1.0386057465894893,0.9984404907993806,431.4209725684142,20.770675785068097,16.902330632813364,0.6574058871745091,33.84813129995018,3000
211,False,,"(3, 6, 8, 9)","(2, 7)",per_depth,100,100,20,2.0,10,5,3.0,True,True,True,False,0.1,0,True,128,0.03,3000,63,12,100,1.0,30,2.355670332505708,1.5348193159149737,1.0386057465894893,0.9984404907993806,431.4209725684142,20.770675785068097,16.902330632813364,0.6574058871745091,40.90275979996659,3000
240,False,,"(3, 6, 8, 9)","(2, 7)",per_depth,100,100,20,2.0,10,5,3.0,True,True,True,False,0.1,0,True,256,0.03,3000,15,12,200,20.0,30,22.636483233600018,4.757781335202367,3.322191450448319,0.9850141153516514,431.68288789394666,20.776979758712447,16.991428502542007,0.6571978985640992,49.65755509992596,3000
600,False,,"(3, 6, 8, 9)","(2, 7)",per_frame,100,100,20,2.0,10,5,3.0,True,True,True,False,0.1,0,True,256,0.03,3000,15,12,200,20.0,30,22.636483233600018,4.757781335202367,3.322191450448319,0.9850141153516514,431.68288789394666,20.776979758712447,16.991428502542007,0.6571978985640992,41.14993499987759,3000
216,False,,"(3, 6, 8, 9)","(2, 7)",per_depth,100,100,20,2.0,10,5,3.0,True,True,True,False,0.1,0,True,128,0.03,3000,63,12,200,20.0,30,3.1418814722499397,1.7725353232728367,1.2161921144131604,0.9979200005214576,431.78166076322293,20.779356601281545,16.88126866924751,0.6571194624062103,37.855517900083214,3000
576,False,,"(3, 6, 8, 9)","(2, 7)",per_frame,100,100,20,2.0,10,5,3.0,True,True,True,False,0.1,0,True,128,0.03,3000,63,12,200,20.0,30,3.1418814722499397,1.7725353232728367,1.2161921144131604,0.9979200005214576,431.78166076322293,20.779356601281545,16.88126866924751,0.6571194624062103,33.278464399976656,3000
342,False,,"(3, 6, 8, 9)","(2, 7)",per_depth,100,100,20,2.0,10,5,3.0,True,True,True,False,0.1,0,True,512,0.03,3000,63,8,50,20.0,30,1.5290704363033387,1.236555876741257,0.8575532346269604,0.9989877193846247,431.96037761123995,20.783656502435754,17.126993077818195,0.6569775422310533,189.9192733000964,3000
702,False,,"(3, 6, 8, 9)","(2, 7)",per_frame,100,100,20,2.0,10,5,3.0,True,True,True,False,0.1,0,True,512,0.03,3000,63,8,50,20.0,30,1.5290704363033387,1.236555876741257,0.8575532346269604,0.9989877193846247,431.96037761123995,20.783656502435754,17.126993077818195,0.6569775422310533,190.71430080011487,3000
588,False,,"(3, 6, 8, 9)","(2, 7)",per_frame,100,100,20,2.0,10,5,3.0,True,True,True,False,0.1,0,True,256,0.03,3000,15,8,200,20.0,30,22.787386216956037,4.773613538710066,3.329909861780569,0.9849142140251809,431.99299119844,20.784441084581513,17.014447757513423,0.6569516435759499,40.95037580002099,3000
228,False,,"(3, 6, 8, 9)","(2, 7)",per_depth,100,100,20,2.0,10,5,3.0,True,True,True,False,0.1,0,True,256,0.03,3000,15,8,200,20.0,30,22.787386216956037,4.773613538710066,3.329909861780569,0.9849142140251809,431.99299119844,20.784441084581513,17.014447757513423,0.6569516435759499,48.85144990007393,3000
339,False,,"(3, 6, 8, 9)","(2, 7)",per_depth,100,100,20,2.0,10,5,3.0,True,True,True,False,0.1,0,True,512,0.03,3000,63,8,20,20.0,30,1.5131773563580717,1.2301127413201083,0.8491787510446056,0.9989982409775907,432.1908726696943,20.78920086654834,17.129353584775327,0.6567945046527184,199.53207630012184,3000
699,False,,"(3, 6, 8, 9)","(2, 7)",per_frame,100,100,20,2.0,10,5,3.0,True,True,True,False,0.1,0,True,512,0.03,3000,63,8,20,20.0,30,1.5131773563580717,1.2301127413201083,0.8491787510446056,0.9989982409775907,432.1908726696943,20.78920086654834,17.129353584775327,0.6567945046527184,201.20538350008428,3000
508,False,,"(3, 6, 8, 9)","(2, 7)",per_frame,100,100,20,2.0,10,5,3.0,True,True,True,False,0.1,0,True,128,0.03,3000,15,8,50,1.0,30,23.092240164771844,4.805438602747084,3.3584173986849497,0.9847123935370151,432.210841988515,20.789681142059756,16.90685257061435,0.6567786468908103,15.00347979995422,3000
148,False,,"(3, 6, 8, 9)","(2, 7)",per_depth,100,100,20,2.0,10,5,3.0,True,True,True,False,0.1,0,True,128,0.03,3000,15,8,50,1.0,30,23.092240164771844,4.805438602747084,3.3584173986849497,0.9847123935370151,432.210841988515,20.789681142059756,16.90685257061435,0.6567786468908103,16.098375500063412,3000
645,False,,"(3, 6, 8, 9)","(2, 7)",per_frame,100,100,20,2.0,10,5,3.0,True,True,True,False,0.1,0,True,256,0.03,3000,63,12,100,20.0,30,1.8556649972142647,1.3622279534697064,0.9419912758676113,0.9987715060989265,432.33623804944915,20.792696747883596,17.046750295350826,0.6566790690886655,126.69936589989811,3000
285,False,,"(3, 6, 8, 9)","(2, 7)",per_depth,100,100,20,2.0,10,5,3.0,True,True,True,False,0.1,0,True,256,0.03,3000,63,12,100,20.0,30,1.8556649972142647,1.3622279534697064,0.9419912758676113,0.9987715060989265,432.33623804944915,20.792696747883596,17.046750295350826,0.6566790690886655,126.30760810011998,3000
587,False,,"(3, 6, 8, 9)","(2, 7)",per_frame,100,100,20,2.0,10,5,3.0,True,True,True,False,0.1,0,True,256,0.03,3000,15,8,200,10.0,30,22.181040778098666,4.709675230639441,3.291146908482049,0.9853156289759927,432.4463644631679,20.79534477865582,17.000341585282914,0.6565916170095929,40.85641200002283,3000
227,False,,"(3, 6, 8, 9)","(2, 7)",per_depth,100,100,20,2.0,10,5,3.0,True,True,True,False,0.1,0,True,256,0.03,3000,15,8,200,10.0,30,22.181040778098666,4.709675230639441,3.291146908482049,0.9853156289759927,432.4463644631679,20.79534477865582,17.000341585282914,0.6565916170095929,48.129264599992894,3000
632,False,,"(3, 6, 8, 9)","(2, 7)",per_frame,100,100,20,2.0,10,5,3.0,True,True,True,False,0.1,0,True,256,0.03,3000,63,8,100,10.0,30,2.0825899446175202,1.4431181325925886,0.9898975214272635,0.9986212764430862,432.6272337402782,20.799693116492804,17.046239709172166,0.6564479875769298,106.69167850003578,3000
272,False,,"(3, 6, 8, 9)","(2, 7)",per_depth,100,100,20,2.0,10,5,3.0,True,True,True,False,0.1,0,True,256,0.03,3000,63,8,100,10.0,30,2.0825899446175202,1.4431181325925886,0.9898975214272635,0.9986212764430862,432.6272337402782,20.799693116492804,17.046239709172166,0.6564479875769298,105.96744579996448,3000
246,False,,"(3, 6, 8, 9)","(2, 7)",per_depth,100,100,20,2.0,10,5,3.0,True,True,True,False,0.1,0,True,256,0.03,3000,31,8,50,20.0,30,8.440125817714774,2.9051894633078192,2.005168870063904,0.9944124380710304,432.84994321164174,20.805046099724024,17.07117902606318,0.6562711325823629,87.8299079000717,3000
606,False,,"(3, 6, 8, 9)","(2, 7)",per_frame,100,100,20,2.0,10,5,3.0,True,True,True,False,0.1,0,True,256,0.03,3000,31,8,50,20.0,30,8.440125817714774,2.9051894633078192,2.005168870063904,0.9944124380710304,432.84994321164174,20.805046099724024,17.07117902606318,0.6562711325823629,70.96009019995108,3000
231,False,,"(3, 6, 8, 9)","(2, 7)",per_depth,100,100,20,2.0,10,5,3.0,True,True,True,False,0.1,0,True,256,0.03,3000,15,12,20,20.0,30,22.251829306705087,4.717184468165845,3.315544258274925,0.9852687653040533,432.9211012020849,20.80675614318784,16.964692992000526,0.6562146255737648,52.52625510003418,3000
591,False,,"(3, 6, 8, 9)","(2, 7)",per_frame,100,100,20,2.0,10,5,3.0,True,True,True,False,0.1,0,True,256,0.03,3000,15,12,20,20.0,30,22.251829306705087,4.717184468165845,3.315544258274925,0.9852687653040533,432.9211012020849,20.80675614318784,16.964692992000526,0.6562146255737648,43.9166886000894,3000
610,False,,"(3, 6, 8, 9)","(2, 7)",per_frame,100,100,20,2.0,10,5,3.0,True,True,True,False,0.1,0,True,256,0.03,3000,31,8,200,1.0,30,8.50837679748008,2.9169122025662824,2.012338804344757,0.9943672543161447,433.1287191048887,20.811744739566855,17.083851832407905,0.6560497548888875,64.57518759998493,3000
250,False,,"(3, 6, 8, 9)","(2, 7)",per_depth,100,100,20,2.0,10,5,3.0,True,True,True,False,0.1,0,True,256,0.03,3000,31,8,200,1.0,30,8.50837679748008,2.9169122025662824,2.012338804344757,0.9943672543161447,433.1287191048887,20.811744739566855,17.083851832407905,0.6560497548888875,78.35423369996715,3000
284,False,,"(3, 6, 8, 9)","(2, 7)",per_depth,100,100,20,2.0,10,5,3.0,True,True,True,False,0.1,0,True,256,0.03,3000,63,12,100,10.0,30,1.6751504143672333,1.2942760193896947,0.8950426426750213,0.9988910110011665,433.2082165328243,20.813654569364417,17.036486334116965,0.6559866254804274,124.17086209985428,3000
644,False,,"(3, 6, 8, 9)","(2, 7)",per_frame,100,100,20,2.0,10,5,3.0,True,True,True,False,0.1,0,True,256,0.03,3000,63,12,100,10.0,30,1.6751504143672333,1.2942760193896947,0.8950426426750213,0.9988910110011665,433.2082165328243,20.813654569364417,17.036486334116965,0.6559866254804274,124.68624989991076,3000
559,False,,"(3, 6, 8, 9)","(2, 7)",per_frame,100,100,20,2.0,10,5,3.0,True,True,True,False,0.1,0,True,128,0.03,3000,63,8,100,1.0,30,2.9824282500451975,1.72697083068742,1.1589985913287417,0.9980255623072751,433.3290363257356,20.816556783621436,16.94047619987857,0.655890681721556,31.81185090006329,3000
199,False,,"(3, 6, 8, 9)","(2, 7)",per_depth,100,100,20,2.0,10,5,3.0,True,True,True,False,0.1,0,True,128,0.03,3000,63,8,100,1.0,30,2.9824282500451975,1.72697083068742,1.1589985913287417,0.9980255623072751,433.3290363257356,20.816556783621436,16.94047619987857,0.655890681721556,46.28291399998125,3000
132,False,,"(3, 6, 8, 9)","(2, 7)",per_depth,100,100,20,2.0,10,5,3.0,True,True,True,False,0.1,0,True,96,0.03,3000,63,8,200,20.0,30,5.514263038079284,2.3482468009302777,1.601577491886696,0.9963494280910804,433.37993752594195,20.817779361063995,17.013783678491986,0.6558502607577288,27.086046200012788,3000
492,False,,"(3, 6, 8, 9)","(2, 7)",per_frame,100,100,20,2.0,10,5,3.0,True,True,True,False,0.1,0,True,96,0.03,3000,63,8,200,20.0,30,5.514263038079284,2.3482468009302777,1.601577491886696,0.9963494280910804,433.37993752594195,20.817779361063995,17.013783678491986,0.6558502607577288,23.872113399906084,3000
226,False,,"(3, 6, 8, 9)","(2, 7)",per_depth,100,100,20,2.0,10,5,3.0,True,True,True,False,0.1,0,True,256,0.03,3000,15,8,200,1.0,30,21.760756834921384,4.664842637744749,3.2613331702265573,0.9855938668377229,433.4296818287118,20.818974082041407,17.040187912454723,0.655810758493446,48.65478009998333,3000
586,False,,"(3, 6, 8, 9)","(2, 7)",per_frame,100,100,20,2.0,10,5,3.0,True,True,True,False,0.1,0,True,256,0.03,3000,15,8,200,1.0,30,21.760756834921384,4.664842637744749,3.2613331702265573,0.9855938668377229,433.4296818287118,20.818974082041407,17.040187912454723,0.655810758493446,40.570648399880156,3000
594,False,,"(3, 6, 8, 9)","(2, 7)",per_frame,100,100,20,2.0,10,5,3.0,True,True,True,False,0.1,0,True,256,0.03,3000,15,12,50,20.0,30,22.252123967639687,4.71721570077516,3.310936517171343,0.9852685702315798,433.4593875591078,20.81968749907423,16.976143986944333,0.6557871689857541,43.14778919983655,3000
234,False,,"(3, 6, 8, 9)","(2, 7)",per_depth,100,100,20,2.0,10,5,3.0,True,True,True,False,0.1,0,True,256,0.03,3000,15,12,50,20.0,30,22.252123967639687,4.71721570077516,3.310936517171343,0.9852685702315798,433.4593875591078,20.81968749907423,16.976143986944333,0.6557871689857541,52.23808570008259,3000
714,False,,"(3, 6, 8, 9)","(2, 7)",per_frame,100,100,20,2.0,10,5,3.0,True,True,True,False,0.1,0,True,512,0.03,3000,63,12,50,20.0,30,1.333043389848666,1.1545749823414095,0.814247704855044,0.9991174939028575,433.508512877856,20.820867246055244,17.119114531739886,0.6557481582605833,225.59619820001535,3000
354,False,,"(3, 6, 8, 9)","(2, 7)",per_depth,100,100,20,2.0,10,5,3.0,True,True,True,False,0.1,0,True,512,0.03,3000,63,12,50,20.0,30,1.333043389848666,1.1545749823414095,0.814247704855044,0.9991174939028575,433.508512877856,20.820867246055244,17.119114531739886,0.6557481582605833,224.40978089999408,3000
340,False,,"(3, 6, 8, 9)","(2, 7)",per_depth,100,100,20,2.0,10,5,3.0,True,True,True,False,0.1,0,True,512,0.03,3000,63,8,50,1.0,30,1.1547672587414615,1.0746009765217326,0.7536249049456089,0.999235516897364,433.5759621845265,20.822486935631066,17.137845740686796,0.6556945963411385,183.70500419987366,3000
700,False,,"(3, 6, 8, 9)","(2, 7)",per_frame,100,100,20,2.0,10,5,3.0,True,True,True,False,0.1,0,True,512,0.03,3000,63,8,50,1.0,30,1.1547672587414615,1.0746009765217326,0.7536249049456089,0.999235516897364,433.5759621845265,20.822486935631066,17.137845740686796,0.6556945963411385,184.1230506999418,3000
263,False,,"(3, 6, 8, 9)","(2, 7)",per_depth,100,100,20,2.0,10,5,3.0,True,True,True,False,0.1,0,True,256,0.03,3000,31,12,200,10.0,30,8.191192487428667,2.862025941082412,1.9778509657357397,0.9945772377943045,433.94788019546667,20.83141570310253,17.074487156596586,0.6553992539050875,86.89334339997731,3000
623,False,,"(3, 6, 8, 9)","(2, 7)",per_frame,100,100,20,2.0,10,5,3.0,True,True,True,False,0.1,0,True,256,0.03,3000,31,12,200,10.0,30,8.191192487428667,2.862025941082412,1.9778509657357397,0.9945772377943045,433.94788019546667,20.83141570310253,17.074487156596586,0.6553992539050875,69.68933010008186,3000
698,False,,"(3, 6, 8, 9)","(2, 7)",per_frame,100,100,20,2.0,10,5,3.0,True,True,True,False,0.1,0,True,512,0.03,3000,63,8,20,10.0,30,1.32044926441557,1.1491080299151903,0.8035820832138469,0.9991258315102959,434.45172319839,20.843505540057077,17.142845512833556,0.6549991490016048,197.06678970018402,3000
338,False,,"(3, 6, 8, 9)","(2, 7)",per_depth,100,100,20,2.0,10,5,3.0,True,True,True,False,0.1,0,True,512,0.03,3000,63,8,20,10.0,30,1.32044926441557,1.1491080299151903,0.8035820832138469,0.9991258315102959,434.45172319839,20.843505540057077,17.142845512833556,0.6549991490016048,196.24189129984006,3000
622,False,,"(3, 6, 8, 9)","(2, 7)",per_frame,100,100,20,2.0,10,5,3.0,True,True,True,False,0.1,0,True,256,0.03,3000,31,12,200,1.0,30,7.939698427236126,2.8177470481283673,1.948782659068266,0.9947437327810432,434.45922464851765,20.843685486221425,17.1548951368126,0.6549931920527897,69.74736180016771,3000
262,False,,"(3, 6, 8, 9)","(2, 7)",per_depth,100,100,20,2.0,10,5,3.0,True,True,True,False,0.1,0,True,256,0.03,3000,31,12,200,1.0,30,7.939698427236126,2.8177470481283673,1.948782659068266,0.9947437327810432,434.45922464851765,20.843685486221425,17.1548951368126,0.6549931920527897,87.3833609999856,3000
353,False,,"(3, 6, 8, 9)","(2, 7)",per_depth,100,100,20,2.0,10,5,3.0,True,True,True,False,0.1,0,True,512,0.03,3000,63,12,50,10.0,30,1.1624073060010314,1.0781499459727442,0.7683836204868755,0.9992304590062704,434.79524472167986,20.851744404765753,17.141544514693877,0.6547263563953315,218.48582540010102,3000
713,False,,"(3, 6, 8, 9)","(2, 7)",per_frame,100,100,20,2.0,10,5,3.0,True,True,True,False,0.1,0,True,512,0.03,3000,63,12,50,10.0,30,1.1624073060010314,1.0781499459727442,0.7683836204868755,0.9992304590062704,434.79524472167986,20.851744404765753,17.141544514693877,0.6547263563953315,219.7940185999032,3000
575,False,,"(3, 6, 8, 9)","(2, 7)",per_frame,100,100,20,2.0,10,5,3.0,True,True,True,False,0.1,0,True,128,0.03,3000,63,12,200,10.0,30,2.9886903871553154,1.7287829207726793,1.1840351800817852,0.9980214166251294,434.8803046616888,20.853783941090615,16.948608785890766,0.6546588097609829,32.98734450014308,3000
215,False,,"(3, 6, 8, 9)","(2, 7)",per_depth,100,100,20,2.0,10,5,3.0,True,True,True,False,0.1,0,True,128,0.03,3000,63,12,200,10.0,30,2.9886903871553154,1.7287829207726793,1.1840351800817852,0.9980214166251294,434.8803046616888,20.853783941090615,16.948608785890766,0.6546588097609829,38.124505699961446,3000
130,False,,"(3, 6, 8, 9)","(2, 7)",per_depth,100,100,20,2.0,10,5,3.0,True,True,True,False,0.1,0,True,96,0.03,3000,63,8,200,1.0,30,5.155081596365382,2.270480476983976,1.548860122948238,0.9965872146587997,435.06687640711925,20.85825679214635,17.098951603688473,0.6545106519622939,27.957852100022137,3000
490,False,,"(3, 6, 8, 9)","(2, 7)",per_frame,100,100,20,2.0,10,5,3.0,True,True,True,False,0.1,0,True,96,0.03,3000,63,8,200,1.0,30,5.155081596365382,2.270480476983976,1.548860122948238,0.9965872146587997,435.06687640711925,20.85825679214635,17.098951603688473,0.6545106519622939,24.13969470001757,3000
218,False,,"(3, 6, 8, 9)","(2, 7)",per_depth,100,100,20,2.0,10,5,3.0,True,True,True,False,0.1,0,True,256,0.03,3000,15,8,20,10.0,30,21.52302252483274,4.639291166205538,3.2694882260020557,0.9857512525460583,435.1281807042709,20.859726285459043,17.002972830737754,0.6544619698336296,51.539406200055964,3000
578,False,,"(3, 6, 8, 9)","(2, 7)",per_frame,100,100,20,2.0,10,5,3.0,True,True,True,False,0.1,0,True,256,0.03,3000,15,8,20,10.0,30,21.52302252483274,4.639291166205538,3.2694882260020557,0.9857512525460583,435.1281807042709,20.859726285459043,17.002972830737754,0.6544619698336296,43.482252300018445,3000
596,False,,"(3, 6, 8, 9)","(2, 7)",per_frame,100,100,20,2.0,10,5,3.0,True,True,True,False,0.1,0,True,256,0.03,3000,15,12,100,10.0,30,21.631439882946154,4.65096117839594,3.262566638534579,0.9856794777033939,435.2236767264078,20.862015164561832,17.05277938431311,0.6543861358407024,42.05561560019851,3000
236,False,,"(3, 6, 8, 9)","(2, 7)",per_depth,100,100,20,2.0,10,5,3.0,True,True,True,False,0.1,0,True,256,0.03,3000,15,12,100,10.0,30,21.631439882946154,4.65096117839594,3.262566638534579,0.9856794777033939,435.2236767264078,20.862015164561832,17.05277938431311,0.6543861358407024,48.64440270001069,3000
579,False,,"(3, 6, 8, 9)","(2, 7)",per_frame,100,100,20,2.0,10,5,3.0,True,True,True,False,0.1,0,True,256,0.03,3000,15,8,20,20.0,30,22.231866165288487,4.7150679915870235,3.313672161440964,0.9852819813735019,435.24966228697593,20.862637951298872,17.03417359892775,0.6543655005433128,43.46340630017221,3000
219,False,,"(3, 6, 8, 9)","(2, 7)",per_depth,100,100,20,2.0,10,5,3.0,True,True,True,False,0.1,0,True,256,0.03,3000,15,8,20,20.0,30,22.231866165288487,4.7150679915870235,3.313672161440964,0.9852819813735019,435.24966228697593,20.862637951298872,17.03417359892775,0.6543655005433128,51.05882679997012,3000
687,False,,"(3, 6, 8, 9)","(2, 7)",per_frame,100,100,20,2.0,10,5,3.0,True,True,True,False,0.1,0,True,512,0.03,3000,31,12,20,20.0,30,6.992526420653702,2.644338560141969,1.864542221087527,0.9953707829410133,435.252674411723,20.86271014062466,17.165194974341944,0.6543631085960708,154.29736339999363,3000
327,False,,"(3, 6, 8, 9)","(2, 7)",per_depth,100,100,20,2.0,10,5,3.0,True,True,True,False,0.1,0,True,512,0.03,3000,31,12,20,20.0,30,6.992526420653702,2.644338560141969,1.864542221087527,0.9953707829410133,435.252674411723,20.86271014062466,17.165194974341944,0.6543631085960708,132.1721846999135,3000
582,False,,"(3, 6, 8, 9)","(2, 7)",per_frame,100,100,20,2.0,10,5,3.0,True,True,True,False,0.1,0,True,256,0.03,3000,15,8,50,20.0,30,22.267520088140508,4.718847326216489,3.306582381574957,0.9852583776374618,435.2628017818438,20.862952853847027,17.009550388042634,0.6543550663876424,42.5757420998998,3000
222,False,,"(3, 6, 8, 9)","(2, 7)",per_depth,100,100,20,2.0,10,5,3.0,True,True,True,False,0.1,0,True,256,0.03,3000,15,8,50,20.0,30,22.267520088140508,4.718847326216489,3.306582381574957,0.9852583776374618,435.2628017818438,20.862952853847027,17.009550388042634,0.6543550663876424,50.89143699989654,3000
562,False,,"(3, 6, 8, 9)","(2, 7)",per_frame,100,100,20,2.0,10,5,3.0,True,True,True,False,0.1,0,True,128,0.03,3000,63,8,200,1.0,30,4.504656034569453,2.122417497706201,1.4441905194159186,0.9970178116884189,435.7130125767348,20.873739784157863,17.015712988212385,0.6539975511585103,28.293370299972594,3000
202,False,,"(3, 6, 8, 9)","(2, 7)",per_depth,100,100,20,2.0,10,5,3.0,True,True,True,False,0.1,0,True,128,0.03,3000,63,8,200,1.0,30,4.504656034569453,2.122417497706201,1.4441905194159186,0.9970178116884189,435.7130125767348,20.873739784157863,17.015712988212385,0.6539975511585103,31.892345399945043,3000
584,False,,"(3, 6, 8, 9)","(2, 7)",per_frame,100,100,20,2.0,10,5,3.0,True,True,True,False,0.1,0,True,256,0.03,3000,15,8,100,10.0,30,21.71664924191866,4.66011257824515,3.26857459147,0.9856230671023591,435.92645742217286,20.878851918201175,17.056785237048892,0.65382805326177,41.07406949996948,3000
224,False,,"(3, 6, 8, 9)","(2, 7)",per_depth,100,100,20,2.0,10,5,3.0,True,True,True,False,0.1,0,True,256,0.03,3000,15,8,100,10.0,30,21.71664924191866,4.66011257824515,3.26857459147,0.9856230671023591,435.92645742217286,20.878851918201175,17.056785237048892,0.65382805326177,52.27759650000371,3000
647,False,,"(3, 6, 8, 9)","(2, 7)",per_frame,100,100,20,2.0,10,5,3.0,True,True,True,False,0.1,0,True,256,0.03,3000,63,12,200,10.0,30,1.9690876717288612,1.403241843635252,0.9775296772570218,0.9986964176190049,435.98996974981384,20.880372835507842,17.07461959511086,0.6537776177221808,116.84621959994547,3000
287,False,,"(3, 6, 8, 9)","(2, 7)",per_depth,100,100,20,2.0,10,5,3.0,True,True,True,False,0.1,0,True,256,0.03,3000,63,12,200,10.0,30,1.9690876717288612,1.403241843635252,0.9775296772570218,0.9986964176190049,435.98996974981384,20.880372835507842,17.07461959511086,0.6537776177221808,116.4956851999741,3000
273,False,,"(3, 6, 8, 9)","(2, 7)",per_depth,100,100,20,2.0,10,5,3.0,True,True,True,False,0.1,0,True,256,0.03,3000,63,8,100,20.0,30,2.2944026805680475,1.5147285831356216,1.0385413509001773,0.9984810514268923,436.18844410678696,20.885124948316374,17.104043485710182,0.6536200079846637,105.70081780001055,3000
633,False,,"(3, 6, 8, 9)","(2, 7)",per_frame,100,100,20,2.0,10,5,3.0,True,True,True,False,0.1,0,True,256,0.03,3000,63,8,100,20.0,30,2.2944026805680475,1.5147285831356216,1.0385413509001773,0.9984810514268923,436.18844410678696,20.885124948316374,17.104043485710182,0.6536200079846637,106.34821339999326,3000
315,False,,"(3, 6, 8, 9)","(2, 7)",per_depth,100,100,20,2.0,10,5,3.0,True,True,True,False,0.1,0,True,512,0.03,3000,31,8,20,20.0,30,7.200637186502071,2.683400303067373,1.8837240692727601,0.9952330087161526,436.2418131398513,20.886402589719737,17.195939121362752,0.6535776272992135,121.50914480001666,3000
675,False,,"(3, 6, 8, 9)","(2, 7)",per_frame,100,100,20,2.0,10,5,3.0,True,True,True,False,0.1,0,True,512,0.03,3000,31,8,20,20.0,30,7.200637186502071,2.683400303067373,1.8837240692727601,0.9952330087161526,436.2418131398513,20.886402589719737,17.195939121362752,0.6535776272992135,134.49131579999812,3000
261,False,,"(3, 6, 8, 9)","(2, 7)",per_depth,100,100,20,2.0,10,5,3.0,True,True,True,False,0.1,0,True,256,0.03,3000,31,12,100,20.0,30,8.14442137813047,2.8538432644646887,1.9762519583429157,0.994608201369414,436.29865499301417,20.88776328363126,17.175743728101814,0.6535324888254399,88.71896740002558,3000
621,False,,"(3, 6, 8, 9)","(2, 7)",per_frame,100,100,20,2.0,10,5,3.0,True,True,True,False,0.1,0,True,256,0.03,3000,31,12,100,20.0,30,8.14442137813047,2.8538432644646887,1.9762519583429157,0.994608201369414,436.29865499301417,20.88776328363126,17.175743728101814,0.6535324888254399,73.6101208999753,3000
223,False,,"(3, 6, 8, 9)","(2, 7)",per_depth,100,100,20,2.0,10,5,3.0,True,True,True,False,0.1,0,True,256,0.03,3000,15,8,100,1.0,30,21.124200251991088,4.596107075775225,3.23286574201934,0.9860152822769277,436.3103294772,20.888042739261138,17.062211202773902,0.6535232180439836,48.10477040009573,3000
583,False,,"(3, 6, 8, 9)","(2, 7)",per_frame,100,100,20,2.0,10,5,3.0,True,True,True,False,0.1,0,True,256,0.03,3000,15,8,100,1.0,30,21.124200251991088,4.596107075775225,3.23286574201934,0.9860152822769277,436.3103294772,20.888042739261138,17.062211202773902,0.6535232180439836,40.893774199998006,3000
314,False,,"(3, 6, 8, 9)","(2, 7)",per_depth,100,100,20,2.0,10,5,3.0,True,True,True,False,0.1,0,True,512,0.03,3000,31,8,20,10.0,30,6.734945253596464,2.5951773067743296,1.8346148169361196,0.9955413077357561,436.4699685468418,20.891863692520154,17.17840579235598,0.6533964476528489,119.66410490009002,3000
674,False,,"(3, 6, 8, 9)","(2, 7)",per_frame,100,100,20,2.0,10,5,3.0,True,True,True,False,0.1,0,True,512,0.03,3000,31,8,20,10.0,30,6.734945253596464,2.5951773067743296,1.8346148169361196,0.9955413077357561,436.4699685468418,20.891863692520154,17.17840579235598,0.6533964476528489,131.68875989993103,3000
237,False,,"(3, 6, 8, 9)","(2, 7)",per_depth,100,100,20,2.0,10,5,3.0,True,True,True,False,0.1,0,True,256,0.03,3000,15,12,100,20.0,30,22.23023419387269,4.714894929250565,3.2988459006488187,0.9852830617769874,436.5133607060755,20.89290216092718,17.038285781188904,0.6533619896657747,52.21138019999489,3000
597,False,,"(3, 6, 8, 9)","(2, 7)",per_frame,100,100,20,2.0,10,5,3.0,True,True,True,False,0.1,0,True,256,0.03,3000,15,12,100,20.0,30,22.23023419387269,4.714894929250565,3.2988459006488187,0.9852830617769874,436.5133607060755,20.89290216092718,17.038285781188904,0.6533619896657747,42.51930020004511,3000
598,False,,"(3, 6, 8, 9)","(2, 7)",per_frame,100,100,20,2.0,10,5,3.0,True,True,True,False,0.1,0,True,256,0.03,3000,15,12,200,1.0,30,21.782076185637507,4.667127187643112,3.263950490832295,0.9855797529257997,436.9618122914804,20.90363155749451,17.09094404004708,0.653005871435981,41.154573099920526,3000
238,False,,"(3, 6, 8, 9)","(2, 7)",per_depth,100,100,20,2.0,10,5,3.0,True,True,True,False,0.1,0,True,256,0.03,3000,15,12,200,1.0,30,21.782076185637507,4.667127187643112,3.263950490832295,0.9855797529257997,436.9618122914804,20.90363155749451,17.09094404004708,0.653005871435981,49.786369499983266,3000
286,False,,"(3, 6, 8, 9)","(2, 7)",per_depth,100,100,20,2.0,10,5,3.0,True,True,True,False,0.1,0,True,256,0.03,3000,63,12,200,1.0,30,1.8533318348371821,1.361371306748156,0.9500388262875435,0.9987730507073309,436.9955792273148,20.9044392229812,17.15337027891071,0.6529790568994596,115.56726879999042,3000
646,False,,"(3, 6, 8, 9)","(2, 7)",per_frame,100,100,20,2.0,10,5,3.0,True,True,True,False,0.1,0,True,256,0.03,3000,63,12,200,1.0,30,1.8533318348371821,1.361371306748156,0.9500388262875435,0.9987730507073309,436.9955792273148,20.9044392229812,17.15337027891071,0.6529790568994596,116.45348410005681,3000
330,False,,"(3, 6, 8, 9)","(2, 7)",per_depth,100,100,20,2.0,10,5,3.0,True,True,True,False,0.1,0,True,512,0.03,3000,31,12,50,20.0,30,6.948925990056038,2.636081559826258,1.856086176818687,0.9953996474522014,437.1252135443826,20.90753963393069,17.217686910187304,0.6528761134714127,128.19023260008544,3000
690,False,,"(3, 6, 8, 9)","(2, 7)",per_frame,100,100,20,2.0,10,5,3.0,True,True,True,False,0.1,0,True,512,0.03,3000,31,12,50,20.0,30,6.948925990056038,2.636081559826258,1.856086176818687,0.9953996474522014,437.1252135443826,20.90753963393069,17.217686910187304,0.6528761134714127,146.35086130001582,3000
563,False,,"(3, 6, 8, 9)","(2, 7)",per_frame,100,100,20,2.0,10,5,3.0,True,True,True,False,0.1,0,True,128,0.03,3000,63,8,200,10.0,30,4.692263872583353,2.166163399326873,1.4772857127156493,0.9968936108843192,437.19060685242476,20.909103444490984,16.977989374778804,0.6528241842334341,28.470000199973583,3000
203,False,,"(3, 6, 8, 9)","(2, 7)",per_depth,100,100,20,2.0,10,5,3.0,True,True,True,False,0.1,0,True,128,0.03,3000,63,8,200,10.0,30,4.692263872583353,2.166163399326873,1.4772857127156493,0.9968936108843192,437.19060685242476,20.909103444490984,16.977989374778804,0.6528241842334341,31.68500179995317,3000
585,False,,"(3, 6, 8, 9)","(2, 7)",per_frame,100,100,20,2.0,10,5,3.0,True,True,True,False,0.1,0,True,256,0.03,3000,15,8,100,20.0,30,22.434583609141033,4.736515977925234,3.314968712994844,0.9851477776547337,437.3189090673382,20.912171314029976,17.043235724261383,0.6527222986361018,41.463305700104684,3000
225,False,,"(3, 6, 8, 9)","(2, 7)",per_depth,100,100,20,2.0,10,5,3.0,True,True,True,False,0.1,0,True,256,0.03,3000,15,8,100,20.0,30,22.434583609141033,4.736515977925234,3.314968712994844,0.9851477776547337,437.3189090673382,20.912171314029976,17.043235724261383,0.6527222986361018,49.77845580002759,3000
595,False,,"(3, 6, 8, 9)","(2, 7)",per_frame,100,100,20,2.0,10,5,3.0,True,True,True,False,0.1,0,True,256,0.03,3000,15,12,100,1.0,30,21.084400975626156,4.591775362060535,3.2296683122904537,0.9860416303345538,437.36440250803037,20.913259012120285,17.072884874537515,0.6526861720081807,41.79316879995167,3000
235,False,,"(3, 6, 8, 9)","(2, 7)",per_depth,100,100,20,2.0,10,5,3.0,True,True,True,False,0.1,0,True,256,0.03,3000,15,12,100,1.0,30,21.084400975626156,4.591775362060535,3.2296683122904537,0.9860416303345538,437.36440250803037,20.913259012120285,17.072884874537515,0.6526861720081807,49.25915429997258,3000
677,False,,"(3, 6, 8, 9)","(2, 7)",per_frame,100,100,20,2.0,10,5,3.0,True,True,True,False,0.1,0,True,512,0.03,3000,31,8,50,10.0,30,6.713917934812667,2.5911229100165563,1.826261267397357,0.9955552283156671,437.4376679234476,20.91501058865253,17.204635319638278,0.6526279914801313,126.28845639992505,3000
317,False,,"(3, 6, 8, 9)","(2, 7)",per_depth,100,100,20,2.0,10,5,3.0,True,True,True,False,0.1,0,True,512,0.03,3000,31,8,50,10.0,30,6.713917934812667,2.5911229100165563,1.826261267397357,0.9955552283156671,437.4376679234476,20.91501058865253,17.204635319638278,0.6526279914801313,115.72991649992764,3000
701,False,,"(3, 6, 8, 9)","(2, 7)",per_frame,100,100,20,2.0,10,5,3.0,True,True,True,False,0.1,0,True,512,0.03,3000,63,8,50,10.0,30,1.3398650113892865,1.1575253826112353,0.8061082254267046,0.9991129778288513,437.70131311806284,20.921312413853556,17.26268309248407,0.6524186291697823,187.68871369981207,3000
341,False,,"(3, 6, 8, 9)","(2, 7)",per_depth,100,100,20,2.0,10,5,3.0,True,True,True,False,0.1,0,True,512,0.03,3000,63,8,50,10.0,30,1.3398650113892865,1.1575253826112353,0.8061082254267046,0.9991129778288513,437.70131311806284,20.921312413853556,17.26268309248407,0.6524186291697823,186.63952379999682,3000
332,False,,"(3, 6, 8, 9)","(2, 7)",per_depth,100,100,20,2.0,10,5,3.0,True,True,True,False,0.1,0,True,512,0.03,3000,31,12,100,10.0,30,6.636970606832599,2.576231862009435,1.8111897826902297,0.9956061692577387,437.9753961699315,20.92786171996393,17.278414933997954,0.6522009780912165,121.36011260002851,3000
692,False,,"(3, 6, 8, 9)","(2, 7)",per_frame,100,100,20,2.0,10,5,3.0,True,True,True,False,0.1,0,True,512,0.03,3000,31,12,100,10.0,30,6.636970606832599,2.576231862009435,1.8111897826902297,0.9956061692577387,437.9753961699315,20.92786171996393,17.278414933997954,0.6522009780912165,137.24071000004187,3000
251,False,,"(3, 6, 8, 9)","(2, 7)",per_depth,100,100,20,2.0,10,5,3.0,True,True,True,False,0.1,0,True,256,0.03,3000,31,8,200,10.0,30,8.832714243027366,2.971988264281568,2.0518476418785982,0.9941525352939383,438.3196985652381,20.93608603739577,17.191092201905498,0.651927565389554,78.67572850000579,3000
611,False,,"(3, 6, 8, 9)","(2, 7)",per_frame,100,100,20,2.0,10,5,3.0,True,True,True,False,0.1,0,True,256,0.03,3000,31,8,200,10.0,30,8.832714243027366,2.971988264281568,2.0518476418785982,0.9941525352939383,438.3196985652381,20.93608603739577,17.191092201905498,0.651927565389554,63.517402899917215,3000
685,False,,"(3, 6, 8, 9)","(2, 7)",per_frame,100,100,20,2.0,10,5,3.0,True,True,True,False,0.1,0,True,512,0.03,3000,31,12,20,1.0,30,5.74434477754739,2.396736276177959,1.7461744505798464,0.9961971085645984,438.37778919837405,20.93747332412328,17.19426327325138,0.6518814352517348,143.27368270000443,3000
325,False,,"(3, 6, 8, 9)","(2, 7)",per_depth,100,100,20,2.0,10,5,3.0,True,True,True,False,0.1,0,True,512,0.03,3000,31,12,20,1.0,30,5.74434477754739,2.396736276177959,1.7461744505798464,0.9961971085645984,438.37778919837405,20.93747332412328,17.19426327325138,0.6518814352517348,126.70071020000614,3000
631,False,,"(3, 6, 8, 9)","(2, 7)",per_frame,100,100,20,2.0,10,5,3.0,True,True,True,False,0.1,0,True,256,0.03,3000,63,8,100,1.0,30,1.8815292014747276,1.371688449129294,0.9455151789698555,0.9987543833869942,438.39610838964444,20.937910793334765,17.16780600715552,0.6518668878665125,105.34069240000099,3000
271,False,,"(3, 6, 8, 9)","(2, 7)",per_depth,100,100,20,2.0,10,5,3.0,True,True,True,False,0.1,0,True,256,0.03,3000,63,8,100,1.0,30,1.8815292014747276,1.371688449129294,0.9455151789698555,0.9987543833869942,438.39610838964444,20.937910793334765,17.16780600715552,0.6518668878665125,104.53441800002474,3000
318,False,,"(3, 6, 8, 9)","(2, 7)",per_depth,100,100,20,2.0,10,5,3.0,True,True,True,False,0.1,0,True,512,0.03,3000,31,8,50,20.0,30,7.262531445441806,2.694908429880653,1.8843143745150375,0.9951920332600583,438.52800855844936,20.941060349429524,17.264978509836673,0.6517621451113231,117.48367940005846,3000
678,False,,"(3, 6, 8, 9)","(2, 7)",per_frame,100,100,20,2.0,10,5,3.0,True,True,True,False,0.1,0,True,512,0.03,3000,31,8,50,20.0,30,7.262531445441806,2.694908429880653,1.8843143745150375,0.9951920332600583,438.52800855844936,20.941060349429524,17.264978509836673,0.6517621451113231,129.69696349999867,3000
283,False,,"(3, 6, 8, 9)","(2, 7)",per_depth,100,100,20,2.0,10,5,3.0,True,True,True,False,0.1,0,True,256,0.03,3000,63,12,100,1.0,30,1.5307018805061572,1.2372153735329017,0.8561824889814251,0.9989866393301665,438.6373434402989,20.943670725073456,17.15659746551986,0.6516753215926956,122.95677250018343,3000
643,False,,"(3, 6, 8, 9)","(2, 7)",per_frame,100,100,20,2.0,10,5,3.0,True,True,True,False,0.1,0,True,256,0.03,3000,63,12,100,1.0,30,1.5307018805061572,1.2372153735329017,0.8561824889814251,0.9989866393301665,438.6373434402989,20.943670725073456,17.15659746551986,0.6516753215926956,123.55807130015455,3000
581,False,,"(3, 6, 8, 9)","(2, 7)",per_frame,100,100,20,2.0,10,5,3.0,True,True,True,False,0.1,0,True,256,0.03,3000,15,8,50,10.0,30,21.547878040027474,4.6419691985220535,3.2679110914671887,0.9857347976100269,438.69237675858665,20.944984525145554,17.095539585214755,0.6516316192878624,41.967927699908614,3000
221,False,,"(3, 6, 8, 9)","(2, 7)",per_depth,100,100,20,2.0,10,5,3.0,True,True,True,False,0.1,0,True,256,0.03,3000,15,8,50,10.0,30,21.547878040027474,4.6419691985220535,3.2679110914671887,0.9857347976100269,438.69237675858665,20.944984525145554,17.095539585214755,0.6516316192878624,49.98425839992706,3000
328,False,,"(3, 6, 8, 9)","(2, 7)",per_depth,100,100,20,2.0,10,5,3.0,True,True,True,False,0.1,0,True,512,0.03,3000,31,12,50,1.0,30,5.913535541258998,2.4317762111795975,1.7384289812998754,0.9960851002971312,438.712926578028,20.94547508599478,17.23314317643208,0.6516153005467535,122.76574259996414,3000
688,False,,"(3, 6, 8, 9)","(2, 7)",per_frame,100,100,20,2.0,10,5,3.0,True,True,True,False,0.1,0,True,512,0.03,3000,31,12,50,1.0,30,5.913535541258998,2.4317762111795975,1.7384289812998754,0.9960851002971312,438.712926578028,20.94547508599478,17.23314317643208,0.6516153005467535,139.88325389986858,3000
319,False,,"(3, 6, 8, 9)","(2, 7)",per_depth,100,100,20,2.0,10,5,3.0,True,True,True,False,0.1,0,True,512,0.03,3000,31,8,100,1.0,30,6.476716390746422,2.5449393687760855,1.7875950133420762,0.9957122613203571,438.7867927514379,20.947238308460566,17.236726181219748,0.6515566429529966,111.07167560001835,3000
679,False,,"(3, 6, 8, 9)","(2, 7)",per_frame,100,100,20,2.0,10,5,3.0,True,True,True,False,0.1,0,True,512,0.03,3000,31,8,100,1.0,30,6.476716390746422,2.5449393687760855,1.7875950133420762,0.9957122613203571,438.7867927514379,20.947238308460566,17.236726181219748,0.6515566429529966,122.29090599995106,3000
257,False,,"(3, 6, 8, 9)","(2, 7)",per_depth,100,100,20,2.0,10,5,3.0,True,True,True,False,0.1,0,True,256,0.03,3000,31,12,50,10.0,30,7.680140232185458,2.7713065929603418,1.9312129996039875,0.9949155664148468,438.79056456653126,20.94732833958859,17.21973666375067,0.6515536477308637,92.43723849998787,3000
617,False,,"(3, 6, 8, 9)","(2, 7)",per_frame,100,100,20,2.0,10,5,3.0,True,True,True,False,0.1,0,True,256,0.03,3000,31,12,50,10.0,30,7.680140232185458,2.7713065929603418,1.9312129996039875,0.9949155664148468,438.79056456653126,20.94732833958859,17.21973666375067,0.6515536477308637,75.53950310009532,3000
593,False,,"(3, 6, 8, 9)","(2, 7)",per_frame,100,100,20,2.0,10,5,3.0,True,True,True,False,0.1,0,True,256,0.03,3000,15,12,50,10.0,30,21.434979426503595,4.629792590009146,3.263329404480661,0.985809539149239,438.96850904425304,20.951575335622213,17.122057097652462,0.6514123408998249,42.93505010008812,3000
233,False,,"(3, 6, 8, 9)","(2, 7)",per_depth,100,100,20,2.0,10,5,3.0,True,True,True,False,0.1,0,True,256,0.03,3000,15,12,50,10.0,30,21.434979426503595,4.629792590009146,3.263329404480661,0.985809539149239,438.96850904425304,20.951575335622213,17.122057097652462,0.6514123408998249,54.12705669994466,3000
230,False,,"(3, 6, 8, 9)","(2, 7)",per_depth,100,100,20,2.0,10,5,3.0,True,True,True,False,0.1,0,True,256,0.03,3000,15,12,20,10.0,30,21.367657116362313,4.62251631866912,3.266446641418514,0.9858541081029774,439.16753861542867,20.95632454929606,17.11925440944808,0.6512542902632112,53.38389649998862,3000
590,False,,"(3, 6, 8, 9)","(2, 7)",per_frame,100,100,20,2.0,10,5,3.0,True,True,True,False,0.1,0,True,256,0.03,3000,15,12,20,10.0,30,21.367657116362313,4.62251631866912,3.266446641418514,0.9858541081029774,439.16753861542867,20.95632454929606,17.11925440944808,0.6512542902632112,44.13393309991807,3000
691,False,,"(3, 6, 8, 9)","(2, 7)",per_frame,100,100,20,2.0,10,5,3.0,True,True,True,False,0.1,0,True,512,0.03,3000,31,12,100,1.0,30,6.223363880410174,2.4946670880921515,1.761950702772943,0.9958799866448295,439.1889805979951,20.95683613043713,17.260899511410255,0.6512372630497429,135.90713730012067,3000
331,False,,"(3, 6, 8, 9)","(2, 7)",per_depth,100,100,20,2.0,10,5,3.0,True,True,True,False,0.1,0,True,512,0.03,3000,31,12,100,1.0,30,6.223363880410174,2.4946670880921515,1.761950702772943,0.9958799866448295,439.1889805979951,20.95683613043713,17.260899511410255,0.6512372630497429,119.89525300008245,3000
717,False,,"(3, 6, 8, 9)","(2, 7)",per_frame,100,100,20,2.0,10,5,3.0,True,True,True,False,0.1,0,True,512,0.03,3000,63,12,100,20.0,30,1.3444497956823314,1.1595041162852038,0.8174563607553705,0.9991099425937469,439.2462549714916,20.958202570151183,17.179613859604018,0.651191781108847,212.60814070003107,3000
357,False,,"(3, 6, 8, 9)","(2, 7)",per_depth,100,100,20,2.0,10,5,3.0,True,True,True,False,0.1,0,True,512,0.03,3000,63,12,100,20.0,30,1.3444497956823314,1.1595041162852038,0.8174563607553705,0.9991099425937469,439.2462549714916,20.958202570151183,17.179613859604018,0.651191781108847,210.02448990009725,3000
589,False,,"(3, 6, 8, 9)","(2, 7)",per_frame,100,100,20,2.0,10,5,3.0,True,True,True,False,0.1,0,True,256,0.03,3000,15,12,20,1.0,30,20.308407905595736,4.506485094349668,3.2222760570293882,0.9865553560098448,439.2822996282281,20.959062470163786,17.15116640394518,0.6511631578198047,43.356632200069726,3000
229,False,,"(3, 6, 8, 9)","(2, 7)",per_depth,100,100,20,2.0,10,5,3.0,True,True,True,False,0.1,0,True,256,0.03,3000,15,12,20,1.0,30,20.308407905595736,4.506485094349668,3.2222760570293882,0.9865553560098448,439.2822996282281,20.959062470163786,17.15116640394518,0.6511631578198047,52.74137129995506,3000
220,False,,"(3, 6, 8, 9)","(2, 7)",per_depth,100,100,20,2.0,10,5,3.0,True,True,True,False,0.1,0,True,256,0.03,3000,15,8,50,1.0,30,20.839174855564618,4.56499450772557,3.2222473806689713,0.9862039757974105,439.2988261614049,20.95945672390878,17.14311448145428,0.6511500339956704,50.71559280005749,3000
580,False,,"(3, 6, 8, 9)","(2, 7)",per_frame,100,100,20,2.0,10,5,3.0,True,True,True,False,0.1,0,True,256,0.03,3000,15,8,50,1.0,30,20.839174855564618,4.56499450772557,3.2222473806689713,0.9862039757974105,439.2988261614049,20.95945672390878,17.14311448145428,0.6511500339956704,41.895554499933496,3000
577,False,,"(3, 6, 8, 9)","(2, 7)",per_frame,100,100,20,2.0,10,5,3.0,True,True,True,False,0.1,0,True,256,0.03,3000,15,8,20,1.0,30,20.54498937793538,4.532658091885531,3.231466343540793,0.9863987335072312,440.9202786892706,20.998101787763357,17.17989688060301,0.6498624283260488,42.89014660008252,3000
217,False,,"(3, 6, 8, 9)","(2, 7)",per_depth,100,100,20,2.0,10,5,3.0,True,True,True,False,0.1,0,True,256,0.03,3000,15,8,20,1.0,30,20.54498937793538,4.532658091885531,3.231466343540793,0.9863987335072312,440.9202786892706,20.998101787763357,17.17989688060301,0.6498624283260488,50.97305930010043,3000
673,False,,"(3, 6, 8, 9)","(2, 7)",per_frame,100,100,20,2.0,10,5,3.0,True,True,True,False,0.1,0,True,512,0.03,3000,31,8,20,1.0,30,6.073390869403593,2.4644250585894456,1.77443468092948,0.9959792723077179,440.9643654657672,20.9991515415687,17.289860139440304,0.6498274187390293,127.8748731999658,3000
313,False,,"(3, 6, 8, 9)","(2, 7)",per_depth,100,100,20,2.0,10,5,3.0,True,True,True,False,0.1,0,True,512,0.03,3000,31,8,20,1.0,30,6.073390869403593,2.4644250585894456,1.77443468092948,0.9959792723077179,440.9643654657672,20.9991515415687,17.289860139440304,0.6498274187390293,116.24152889987454,3000
335,False,,"(3, 6, 8, 9)","(2, 7)",per_depth,100,100,20,2.0,10,5,3.0,True,True,True,False,0.1,0,True,512,0.03,3000,31,12,200,10.0,30,7.0293017368142054,2.6512830359684734,1.856789757026784,0.9953464368162112,441.1281211523684,21.00305028209875,17.30952618658798,0.6496973793164271,118.25837519997731,3000
695,False,,"(3, 6, 8, 9)","(2, 7)",per_frame,100,100,20,2.0,10,5,3.0,True,True,True,False,0.1,0,True,512,0.03,3000,31,12,200,10.0,30,7.0293017368142054,2.6512830359684734,1.856789757026784,0.9953464368162112,441.1281211523684,21.00305028209875,17.30952618658798,0.6496973793164271,132.39771250006743,3000
232,False,,"(3, 6, 8, 9)","(2, 7)",per_depth,100,100,20,2.0,10,5,3.0,True,True,True,False,0.1,0,True,256,0.03,3000,15,12,50,1.0,30,20.672442881168106,4.546695820171843,3.2226881206243068,0.9863143562884837,441.14791077841465,21.003521389957797,17.14847780766258,0.6496816642496835,50.091162299970165,3000
592,False,,"(3, 6, 8, 9)","(2, 7)",per_frame,100,100,20,2.0,10,5,3.0,True,True,True,False,0.1,0,True,256,0.03,3000,15,12,50,1.0,30,20.672442881168106,4.546695820171843,3.2226881206243068,0.9863143562884837,441.14791077841465,21.003521389957797,17.14847780766258,0.6496816642496835,42.352712200023234,3000
321,False,,"(3, 6, 8, 9)","(2, 7)",per_depth,100,100,20,2.0,10,5,3.0,True,True,True,False,0.1,0,True,512,0.03,3000,31,8,100,20.0,30,7.3106817074175785,2.7038272332783353,1.8900523987003353,0.9951601566534181,441.80894216864226,21.01925170334668,17.304784763988046,0.6491567350573529,113.71407440002076,3000
681,False,,"(3, 6, 8, 9)","(2, 7)",per_frame,100,100,20,2.0,10,5,3.0,True,True,True,False,0.1,0,True,512,0.03,3000,31,8,100,20.0,30,7.3106817074175785,2.7038272332783353,1.8900523987003353,0.9951601566534181,441.80894216864226,21.01925170334668,17.304784763988046,0.6491567350573529,126.9002054000739,3000
252,False,,"(3, 6, 8, 9)","(2, 7)",per_depth,100,100,20,2.0,10,5,3.0,True,True,True,False,0.1,0,True,256,0.03,3000,31,8,200,20.0,30,9.038546061072095,3.0064174795048166,2.0732377646388063,0.9940162697861583,442.0995238083417,21.02616284081196,17.23547155433174,0.6489259823462283,79.91209219989832,3000
612,False,,"(3, 6, 8, 9)","(2, 7)",per_frame,100,100,20,2.0,10,5,3.0,True,True,True,False,0.1,0,True,256,0.03,3000,31,8,200,20.0,30,9.038546061072095,3.0064174795048166,2.0732377646388063,0.9940162697861583,442.0995238083417,21.02616284081196,17.23547155433174,0.6489259823462283,64.51638099993579,3000
356,False,,"(3, 6, 8, 9)","(2, 7)",per_depth,100,100,20,2.0,10,5,3.0,True,True,True,False,0.1,0,True,512,0.03,3000,63,12,100,10.0,30,1.2115364596704203,1.100698169195543,0.7754388012914879,0.9991979343502908,442.55484392135395,21.03698752011214,17.24200024104306,0.6485644097753809,206.22636760002933,3000
716,False,,"(3, 6, 8, 9)","(2, 7)",per_frame,100,100,20,2.0,10,5,3.0,True,True,True,False,0.1,0,True,512,0.03,3000,63,12,100,10.0,30,1.2115364596704203,1.100698169195543,0.7754388012914879,0.9991979343502908,442.55484392135395,21.03698752011214,17.24200024104306,0.6485644097753809,207.4116719001904,3000
672,False,,"(3, 6, 8, 9)","(2, 7)",per_frame,100,100,20,2.0,10,5,3.0,True,True,True,False,0.1,0,True,512,0.03,3000,15,12,200,20.0,30,21.104078878910034,4.5939175960077945,3.2413322198543226,0.9860286030994622,442.7321596026964,21.04120147716609,17.245565084269465,0.6484236022755092,77.48647059989162,3000
312,False,,"(3, 6, 8, 9)","(2, 7)",per_depth,100,100,20,2.0,10,5,3.0,True,True,True,False,0.1,0,True,512,0.03,3000,15,12,200,20.0,30,21.104078878910034,4.5939175960077945,3.2413322198543226,0.9860286030994622,442.7321596026964,21.04120147716609,17.245565084269465,0.6484236022755092,71.09142620000057,3000
648,False,,"(3, 6, 8, 9)","(2, 7)",per_frame,100,100,20,2.0,10,5,3.0,True,True,True,False,0.1,0,True,256,0.03,3000,63,12,200,20.0,30,2.077422374414088,1.4413266022710078,1.0044535827835133,0.9986246974961792,443.14856879554884,21.05109424223712,17.19317928796319,0.6480929291115498,117.50946120009758,3000
288,False,,"(3, 6, 8, 9)","(2, 7)",per_depth,100,100,20,2.0,10,5,3.0,True,True,True,False,0.1,0,True,256,0.03,3000,63,12,200,20.0,30,2.077422374414088,1.4413266022710078,1.0044535827835133,0.9986246974961792,443.14856879554884,21.05109424223712,17.19317928796319,0.6480929291115498,117.31215829984285,3000
682,False,,"(3, 6, 8, 9)","(2, 7)",per_frame,100,100,20,2.0,10,5,3.0,True,True,True,False,0.1,0,True,512,0.03,3000,31,8,200,1.0,30,7.217386585471735,2.6865194184058554,1.8824577487860272,0.995221920219839,443.23302573499524,21.0531001454654,17.335475817959523,0.6480258613237477,118.48355070012622,3000
322,False,,"(3, 6, 8, 9)","(2, 7)",per_depth,100,100,20,2.0,10,5,3.0,True,True,True,False,0.1,0,True,512,0.03,3000,31,8,200,1.0,30,7.217386585471735,2.6865194184058554,1.8824577487860272,0.995221920219839,443.23302573499524,21.0531001454654,17.335475817959523,0.6480258613237477,107.75160770001821,3000
333,False,,"(3, 6, 8, 9)","(2, 7)",per_depth,100,100,20,2.0,10,5,3.0,True,True,True,False,0.1,0,True,512,0.03,3000,31,12,100,20.0,30,7.0080989114060115,2.6472814190044116,1.856436224335998,0.9953604735856381,443.395282866873,21.056953313973818,17.370340775498327,0.6478970119128942,122.87813850003295,3000
693,False,,"(3, 6, 8, 9)","(2, 7)",per_frame,100,100,20,2.0,10,5,3.0,True,True,True,False,0.1,0,True,512,0.03,3000,31,12,100,20.0,30,7.0080989114060115,2.6472814190044116,1.856436224335998,0.9953604735856381,443.395282866873,21.056953313973818,17.370340775498327,0.6478970119128942,138.8480555000715,3000
696,False,,"(3, 6, 8, 9)","(2, 7)",per_frame,100,100,20,2.0,10,5,3.0,True,True,True,False,0.1,0,True,512,0.03,3000,31,12,200,20.0,30,7.267109805513766,2.695757742363688,1.8870144224439884,0.9951890022779394,443.49072170280397,21.05921939918011,17.33843122054014,0.6478212233318936,119.2225943999365,3000
336,False,,"(3, 6, 8, 9)","(2, 7)",per_depth,100,100,20,2.0,10,5,3.0,True,True,True,False,0.1,0,True,512,0.03,3000,31,12,200,20.0,30,7.267109805513766,2.695757742363688,1.8870144224439884,0.9951890022779394,443.49072170280397,21.05921939918011,17.33843122054014,0.6478212233318936,118.64589209994301,3000
344,False,,"(3, 6, 8, 9)","(2, 7)",per_depth,100,100,20,2.0,10,5,3.0,True,True,True,False,0.1,0,True,512,0.03,3000,63,8,100,10.0,30,1.4629809226639627,1.2095374829512158,0.8458479249231983,0.999031472198065,443.61408354570466,21.06214812277477,17.318028059708475,0.6477232609151073,176.85487050004303,3000
704,False,,"(3, 6, 8, 9)","(2, 7)",per_frame,100,100,20,2.0,10,5,3.0,True,True,True,False,0.1,0,True,512,0.03,3000,63,8,100,10.0,30,1.4629809226639627,1.2095374829512158,0.8458479249231983,0.999031472198065,443.61408354570466,21.06214812277477,17.318028059708475,0.6477232609151073,176.8367367000319,3000
676,False,,"(3, 6, 8, 9)","(2, 7)",per_frame,100,100,20,2.0,10,5,3.0,True,True,True,False,0.1,0,True,512,0.03,3000,31,8,50,1.0,30,6.165608837252315,2.4830644045719628,1.7611243906091194,0.99591822184266,443.7943718363919,21.066427600245657,17.367689889447462,0.6475800928474236,125.25821679993533,3000
316,False,,"(3, 6, 8, 9)","(2, 7)",per_depth,100,100,20,2.0,10,5,3.0,True,True,True,False,0.1,0,True,512,0.03,3000,31,8,50,1.0,30,6.165608837252315,2.4830644045719628,1.7611243906091194,0.99591822184266,443.7943718363919,21.066427600245657,17.367689889447462,0.6475800928474236,113.98533840011805,3000
705,False,,"(3, 6, 8, 9)","(2, 7)",per_frame,100,100,20,2.0,10,5,3.0,True,True,True,False,0.1,0,True,512,0.03,3000,63,8,100,20.0,30,1.645210203394481,1.2826574770352688,0.8946070511711303,0.9989108321254708,443.84922927662825,21.067729570996214,17.320751423598125,0.6475365302084592,178.03546890011057,3000
345,False,,"(3, 6, 8, 9)","(2, 7)",per_depth,100,100,20,2.0,10,5,3.0,True,True,True,False,0.1,0,True,512,0.03,3000,63,8,100,20.0,30,1.645210203394481,1.2826574770352688,0.8946070511711303,0.9989108321254708,443.84922927662825,21.067729570996214,17.320751423598125,0.6475365302084592,177.30046810000204,3000
320,False,,"(3, 6, 8, 9)","(2, 7)",per_depth,100,100,20,2.0,10,5,3.0,True,True,True,False,0.1,0,True,512,0.03,3000,31,8,100,10.0,30,6.880241302154323,2.623021407109428,1.8414235866954252,0.9954451183320806,444.09586504105494,21.07358215968645,17.374624452000237,0.6473406751938044,112.75794039992616,3000
680,False,,"(3, 6, 8, 9)","(2, 7)",per_frame,100,100,20,2.0,10,5,3.0,True,True,True,False,0.1,0,True,512,0.03,3000,31,8,100,10.0,30,6.880241302154323,2.623021407109428,1.8414235866954252,0.9954451183320806,444.09586504105494,21.07358215968645,17.374624452000237,0.6473406751938044,126.31478599994443,3000
689,False,,"(3, 6, 8, 9)","(2, 7)",per_frame,100,100,20,2.0,10,5,3.0,True,True,True,False,0.1,0,True,512,0.03,3000,31,12,50,10.0,30,6.485499386251982,2.546664364664488,1.8023865511935209,0.9957064467706254,444.3213511990134,21.078931452970128,17.33419586738611,0.6471616152149158,142.50264570000581,3000
329,False,,"(3, 6, 8, 9)","(2, 7)",per_depth,100,100,20,2.0,10,5,3.0,True,True,True,False,0.1,0,True,512,0.03,3000,31,12,50,10.0,30,6.485499386251982,2.546664364664488,1.8023865511935209,0.9957064467706254,444.3213511990134,21.078931452970128,17.33419586738611,0.6471616152149158,125.35508239991032,3000
300,False,,"(3, 6, 8, 9)","(2, 7)",per_depth,100,100,20,2.0,10,5,3.0,True,True,True,False,0.1,0,True,512,0.03,3000,15,8,200,20.0,30,21.26993544866987,4.611934024752508,3.2555649815738117,0.9859188021468609,444.55021880364563,21.08435957774496,17.3131907797489,0.6469798700079161,69.90482560009696,3000
660,False,,"(3, 6, 8, 9)","(2, 7)",per_frame,100,100,20,2.0,10,5,3.0,True,True,True,False,0.1,0,True,512,0.03,3000,15,8,200,20.0,30,21.26993544866987,4.611934024752508,3.2555649815738117,0.9859188021468609,444.55021880364563,21.08435957774496,17.3131907797489,0.6469798700079161,75.94996419991367,3000
324,False,,"(3, 6, 8, 9)","(2, 7)",per_depth,100,100,20,2.0,10,5,3.0,True,True,True,False,0.1,0,True,512,0.03,3000,31,8,200,20.0,30,7.736945943328388,2.781536615493024,1.9458199792986632,0.9948779596971526,444.87549515731973,21.092071855493945,17.35049212669205,0.6467215660058027,108.3188352000434,3000
684,False,,"(3, 6, 8, 9)","(2, 7)",per_frame,100,100,20,2.0,10,5,3.0,True,True,True,False,0.1,0,True,512,0.03,3000,31,8,200,20.0,30,7.736945943328388,2.781536615493024,1.9458199792986632,0.9948779596971526,444.87549515731973,21.092071855493945,17.35049212669205,0.6467215660058027,120.04304050002247,3000
694,False,,"(3, 6, 8, 9)","(2, 7)",per_frame,100,100,20,2.0,10,5,3.0,True,True,True,False,0.1,0,True,512,0.03,3000,31,12,200,1.0,30,6.719496304943623,2.592199125249375,1.8201999464130836,0.9955515353033539,445.0031590609002,21.095097986520475,17.382094198080367,0.6466201872955221,130.53012870019302,3000
334,False,,"(3, 6, 8, 9)","(2, 7)",per_depth,100,100,20,2.0,10,5,3.0,True,True,True,False,0.1,0,True,512,0.03,3000,31,12,200,1.0,30,6.719496304943623,2.592199125249375,1.8201999464130836,0.9955515353033539,445.0031590609002,21.095097986520475,17.382094198080367,0.6466201872955221,117.15841899998486,3000
658,False,,"(3, 6, 8, 9)","(2, 7)",per_frame,100,100,20,2.0,10,5,3.0,True,True,True,False,0.1,0,True,512,0.03,3000,15,8,200,1.0,30,20.43471840023085,4.520477673900276,3.1956994915647674,0.9864717354896897,445.2850689938515,21.101778811129915,17.296383359961663,0.646396320841369,75.49366110004485,3000
298,False,,"(3, 6, 8, 9)","(2, 7)",per_depth,100,100,20,2.0,10,5,3.0,True,True,True,False,0.1,0,True,512,0.03,3000,15,8,200,1.0,30,20.43471840023085,4.520477673900276,3.1956994915647674,0.9864717354896897,445.2850689938515,21.101778811129915,17.296383359961663,0.646396320841369,69.712408100022,3000
670,False,,"(3, 6, 8, 9)","(2, 7)",per_frame,100,100,20,2.0,10,5,3.0,True,True,True,False,0.1,0,True,512,0.03,3000,15,12,200,1.0,30,20.356445522600946,4.511811778277209,3.187102958904555,0.9865235539768261,445.461278923085,21.10595363690267,17.319951622808087,0.6462563914262147,75.22956879995763,3000
310,False,,"(3, 6, 8, 9)","(2, 7)",per_depth,100,100,20,2.0,10,5,3.0,True,True,True,False,0.1,0,True,512,0.03,3000,15,12,200,1.0,30,20.356445522600946,4.511811778277209,3.187102958904555,0.9865235539768261,445.461278923085,21.10595363690267,17.319951622808087,0.6462563914262147,70.9020282998681,3000
297,False,,"(3, 6, 8, 9)","(2, 7)",per_depth,100,100,20,2.0,10,5,3.0,True,True,True,False,0.1,0,True,512,0.03,3000,15,8,100,20.0,30,20.957726564805867,4.577960961476831,3.237195152583919,0.9861254917757883,446.196021440536,21.123352514232582,17.295989054049944,0.6456729277632808,71.4190270002,3000
657,False,,"(3, 6, 8, 9)","(2, 7)",per_frame,100,100,20,2.0,10,5,3.0,True,True,True,False,0.1,0,True,512,0.03,3000,15,8,100,20.0,30,20.957726564805867,4.577960961476831,3.237195152583919,0.9861254917757883,446.196021440536,21.123352514232582,17.295989054049944,0.6456729277632808,78.32296570017934,3000
659,False,,"(3, 6, 8, 9)","(2, 7)",per_frame,100,100,20,2.0,10,5,3.0,True,True,True,False,0.1,0,True,512,0.03,3000,15,8,200,10.0,30,20.789295505740867,4.5595279915514135,3.2205334563882513,0.9862369971009001,446.80159935564575,21.1376819768783,17.333167636591583,0.6451920345249698,76.02031689998694,3000
299,False,,"(3, 6, 8, 9)","(2, 7)",per_depth,100,100,20,2.0,10,5,3.0,True,True,True,False,0.1,0,True,512,0.03,3000,15,8,200,10.0,30,20.789295505740867,4.5595279915514135,3.2205334563882513,0.9862369971009001,446.80159935564575,21.1376819768783,17.333167636591583,0.6451920345249698,70.07618339988403,3000
311,False,,"(3, 6, 8, 9)","(2, 7)",per_depth,100,100,20,2.0,10,5,3.0,True,True,True,False,0.1,0,True,512,0.03,3000,15,12,200,10.0,30,20.758191855546638,4.556115873805959,3.217106209946043,0.9862575884493504,447.1353452323579,21.145575074524643,17.32866184164983,0.6449270048212429,70.73542909999378,3000
671,False,,"(3, 6, 8, 9)","(2, 7)",per_frame,100,100,20,2.0,10,5,3.0,True,True,True,False,0.1,0,True,512,0.03,3000,15,12,200,10.0,30,20.758191855546638,4.556115873805959,3.217106209946043,0.9862575884493504,447.1353452323579,21.145575074524643,17.32866184164983,0.6449270048212429,75.44631229992956,3000
655,False,,"(3, 6, 8, 9)","(2, 7)",per_frame,100,100,20,2.0,10,5,3.0,True,True,True,False,0.1,0,True,512,0.03,3000,15,8,100,1.0,30,19.867835260907917,4.457334995365271,3.159895154753058,0.9868470254694678,447.2151823326719,21.147462787121103,17.327656907675383,0.6448636056768068,71.9453687001951,3000
295,False,,"(3, 6, 8, 9)","(2, 7)",per_depth,100,100,20,2.0,10,5,3.0,True,True,True,False,0.1,0,True,512,0.03,3000,15,8,100,1.0,30,19.867835260907917,4.457334995365271,3.159895154753058,0.9868470254694678,447.2151823326719,21.147462787121103,17.327656907675383,0.6448636056768068,70.20315709989518,3000
275,False,,"(3, 6, 8, 9)","(2, 7)",per_depth,100,100,20,2.0,10,5,3.0,True,True,True,False,0.1,0,True,256,0.03,3000,63,8,200,10.0,30,3.180688921510879,1.7834486035518038,1.2331828747116174,0.9978943090767168,447.486605699383,21.153879211609937,17.290159293362542,0.644648066670984,90.28630839998368,3000
635,False,,"(3, 6, 8, 9)","(2, 7)",per_frame,100,100,20,2.0,10,5,3.0,True,True,True,False,0.1,0,True,256,0.03,3000,63,8,200,10.0,30,3.180688921510879,1.7834486035518038,1.2331828747116174,0.9978943090767168,447.486605699383,21.153879211609937,17.290159293362542,0.644648066670984,90.49014459992759,3000
715,False,,"(3, 6, 8, 9)","(2, 7)",per_frame,100,100,20,2.0,10,5,3.0,True,True,True,False,0.1,0,True,512,0.03,3000,63,12,100,1.0,30,1.0898665278384274,1.0439667273617619,0.734846980400643,0.999278482708655,447.6642989254757,21.15807880988904,17.3782508701525,0.6445069593604471,204.18075340008363,3000
355,False,,"(3, 6, 8, 9)","(2, 7)",per_depth,100,100,20,2.0,10,5,3.0,True,True,True,False,0.1,0,True,512,0.03,3000,63,12,100,1.0,30,1.0898665278384274,1.0439667273617619,0.734846980400643,0.999278482708655,447.6642989254757,21.15807880988904,17.3782508701525,0.6445069593604471,203.9232411000412,3000
656,False,,"(3, 6, 8, 9)","(2, 7)",per_frame,100,100,20,2.0,10,5,3.0,True,True,True,False,0.1,0,True,512,0.03,3000,15,8,100,10.0,30,20.484960442779784,4.526031423087978,3.2062701390619073,0.98643847407508,447.7096710833404,21.159151001005224,17.348966877777,0.6444709290439836,71.29353779996745,3000
296,False,,"(3, 6, 8, 9)","(2, 7)",per_depth,100,100,20,2.0,10,5,3.0,True,True,True,False,0.1,0,True,512,0.03,3000,15,8,100,10.0,30,20.484960442779784,4.526031423087978,3.2062701390619073,0.98643847407508,447.7096710833404,21.159151001005224,17.348966877777,0.6444709290439836,70.85777509980835,3000
323,False,,"(3, 6, 8, 9)","(2, 7)",per_depth,100,100,20,2.0,10,5,3.0,True,True,True,False,0.1,0,True,512,0.03,3000,31,8,200,10.0,30,7.431920879848871,2.726154962552362,1.910217946791747,0.9950798934679149,447.7493456085991,21.16008850663435,17.47151404298861,0.6444394232534749,108.23850670014508,3000
683,False,,"(3, 6, 8, 9)","(2, 7)",per_frame,100,100,20,2.0,10,5,3.0,True,True,True,False,0.1,0,True,512,0.03,3000,31,8,200,10.0,30,7.431920879848871,2.726154962552362,1.910217946791747,0.9950798934679149,447.7493456085991,21.16008850663435,17.47151404298861,0.6444394232534749,120.20483299996704,3000
667,False,,"(3, 6, 8, 9)","(2, 7)",per_frame,100,100,20,2.0,10,5,3.0,True,True,True,False,0.1,0,True,512,0.03,3000,15,12,100,1.0,30,19.87890207871974,4.4585762389713315,3.1665691252690555,0.9868396989756199,448.184114663758,21.17035934186659,17.330434400623698,0.644094170407167,76.3989256999921,3000
307,False,,"(3, 6, 8, 9)","(2, 7)",per_depth,100,100,20,2.0,10,5,3.0,True,True,True,False,0.1,0,True,512,0.03,3000,15,12,100,1.0,30,19.87890207871974,4.4585762389713315,3.1665691252690555,0.9868396989756199,448.184114663758,21.17035934186659,17.330434400623698,0.644094170407167,71.59764680010267,3000
343,False,,"(3, 6, 8, 9)","(2, 7)",per_depth,100,100,20,2.0,10,5,3.0,True,True,True,False,0.1,0,True,512,0.03,3000,63,8,100,1.0,30,1.3274428557315772,1.1521470634131639,0.807273670098153,0.9991212015882511,448.6139354303526,21.180508384605705,17.419395819101087,0.6437528470279887,174.99946280010045,3000
703,False,,"(3, 6, 8, 9)","(2, 7)",per_frame,100,100,20,2.0,10,5,3.0,True,True,True,False,0.1,0,True,512,0.03,3000,63,8,100,1.0,30,1.3274428557315772,1.1521470634131639,0.807273670098153,0.9991212015882511,448.6139354303526,21.180508384605705,17.419395819101087,0.6437528470279887,175.93346400000155,3000
308,False,,"(3, 6, 8, 9)","(2, 7)",per_depth,100,100,20,2.0,10,5,3.0,True,True,True,False,0.1,0,True,512,0.03,3000,15,12,100,10.0,30,20.423031500018833,4.519184826937136,3.202020974011219,0.9864794724926802,449.1428309886759,21.192990137983735,17.359622669247393,0.6433328477323996,71.85982380015776,3000
668,False,,"(3, 6, 8, 9)","(2, 7)",per_frame,100,100,20,2.0,10,5,3.0,True,True,True,False,0.1,0,True,512,0.03,3000,15,12,100,10.0,30,20.423031500018833,4.519184826937136,3.202020974011219,0.9864794724926802,449.1428309886759,21.192990137983735,17.359622669247393,0.6433328477323996,76.7028191999998,3000
360,False,,"(3, 6, 8, 9)","(2, 7)",per_depth,100,100,20,2.0,10,5,3.0,True,True,True,False,0.1,0,True,512,0.03,3000,63,12,200,20.0,30,1.5300838809184474,1.2369655940722228,0.8754404885141619,0.9989870484604382,449.26719626112714,21.19592404829587,17.40099667638548,0.6432340884858844,195.77724269987084,3000
720,False,,"(3, 6, 8, 9)","(2, 7)",per_frame,100,100,20,2.0,10,5,3.0,True,True,True,False,0.1,0,True,512,0.03,3000,63,12,200,20.0,30,1.5300838809184474,1.2369655940722228,0.8754404885141619,0.9989870484604382,449.26719626112714,21.19592404829587,17.40099667638548,0.6432340884858844,196.55623200000264,3000
719,False,,"(3, 6, 8, 9)","(2, 7)",per_frame,100,100,20,2.0,10,5,3.0,True,True,True,False,0.1,0,True,512,0.03,3000,63,12,200,10.0,30,1.4455105797721741,1.2022938824481202,0.8501257745095357,0.9990430379762224,449.36956662569503,21.198338770424794,17.415085664179205,0.6431527955343156,195.5866076000966,3000
359,False,,"(3, 6, 8, 9)","(2, 7)",per_depth,100,100,20,2.0,10,5,3.0,True,True,True,False,0.1,0,True,512,0.03,3000,63,12,200,10.0,30,1.4455105797721741,1.2022938824481202,0.8501257745095357,0.9990430379762224,449.36956662569503,21.198338770424794,17.415085664179205,0.6431527955343156,193.50422479980625,3000
665,False,,"(3, 6, 8, 9)","(2, 7)",per_frame,100,100,20,2.0,10,5,3.0,True,True,True,False,0.1,0,True,512,0.03,3000,15,12,50,10.0,30,20.263719877213227,4.501524172678986,3.202716055191849,0.986584940536363,449.68778520048187,21.20584318532234,17.382810410468817,0.6429000961588897,79.41460329992697,3000
305,False,,"(3, 6, 8, 9)","(2, 7)",per_depth,100,100,20,2.0,10,5,3.0,True,True,True,False,0.1,0,True,512,0.03,3000,15,12,50,10.0,30,20.263719877213227,4.501524172678986,3.202716055191849,0.986584940536363,449.68778520048187,21.20584318532234,17.382810410468817,0.6429000961588897,73.00169950001873,3000
306,False,,"(3, 6, 8, 9)","(2, 7)",per_depth,100,100,20,2.0,10,5,3.0,True,True,True,False,0.1,0,True,512,0.03,3000,15,12,50,20.0,30,20.838212676163305,4.564889119810393,3.2345088060302585,0.9862046127828189,449.72538197753823,21.206729638903266,17.344560739609147,0.642870240321321,73.86895000003278,3000
666,False,,"(3, 6, 8, 9)","(2, 7)",per_frame,100,100,20,2.0,10,5,3.0,True,True,True,False,0.1,0,True,512,0.03,3000,15,12,50,20.0,30,20.838212676163305,4.564889119810393,3.2345088060302585,0.9862046127828189,449.72538197753823,21.206729638903266,17.344560739609147,0.642870240321321,79.9363470999524,3000
292,False,,"(3, 6, 8, 9)","(2, 7)",per_depth,100,100,20,2.0,10,5,3.0,True,True,True,False,0.1,0,True,512,0.03,3000,15,8,50,1.0,30,19.5556919273888,4.422181806234203,3.1540482867141653,0.9870536717025242,450.3186887437195,21.2207136718754,17.360092911400994,0.642399091679698,71.29080259986222,3000
652,False,,"(3, 6, 8, 9)","(2, 7)",per_frame,100,100,20,2.0,10,5,3.0,True,True,True,False,0.1,0,True,512,0.03,3000,15,8,50,1.0,30,19.5556919273888,4.422181806234203,3.1540482867141653,0.9870536717025242,450.3186887437195,21.2207136718754,17.360092911400994,0.642399091679698,70.8861567999702,3000
309,False,,"(3, 6, 8, 9)","(2, 7)",per_depth,100,100,20,2.0,10,5,3.0,True,True,True,False,0.1,0,True,512,0.03,3000,15,12,100,20.0,30,21.037310916461877,4.586644843070136,3.2418289162182052,0.9860728050619811,450.3596981467585,21.221679908686742,17.38698885645746,0.6423665258543327,72.73462150013074,3000
669,False,,"(3, 6, 8, 9)","(2, 7)",per_frame,100,100,20,2.0,10,5,3.0,True,True,True,False,0.1,0,True,512,0.03,3000,15,12,100,20.0,30,21.037310916461877,4.586644843070136,3.2418289162182052,0.9860728050619811,450.3596981467585,21.221679908686742,17.38698885645746,0.6423665258543327,78.33074799994938,3000
649,False,,"(3, 6, 8, 9)","(2, 7)",per_frame,100,100,20,2.0,10,5,3.0,True,True,True,False,0.1,0,True,512,0.03,3000,15,8,20,1.0,30,19.332394947049313,4.396861943141872,3.1635533494987835,0.9872014995587844,450.3976566159456,21.222574222180153,17.345356593792626,0.6423363827947639,72.15889740013517,3000
289,False,,"(3, 6, 8, 9)","(2, 7)",per_depth,100,100,20,2.0,10,5,3.0,True,True,True,False,0.1,0,True,512,0.03,3000,15,8,20,1.0,30,19.332394947049313,4.396861943141872,3.1635533494987835,0.9872014995587844,450.3976566159456,21.222574222180153,17.345356593792626,0.6423363827947639,72.01115020015277,3000
301,False,,"(3, 6, 8, 9)","(2, 7)",per_depth,100,100,20,2.0,10,5,3.0,True,True,True,False,0.1,0,True,512,0.03,3000,15,12,20,1.0,30,19.313015826137597,4.394657646067279,3.1654626922650277,0.987214328992914,450.60771755138825,21.22752264281888,17.355716897124903,0.6421695720822739,73.30014409986325,3000
661,False,,"(3, 6, 8, 9)","(2, 7)",per_frame,100,100,20,2.0,10,5,3.0,True,True,True,False,0.1,0,True,512,0.03,3000,15,12,20,1.0,30,19.313015826137597,4.394657646067279,3.1654626922650277,0.987214328992914,450.60771755138825,21.22752264281888,17.355716897124903,0.6421695720822739,79.79521130002104,3000
663,False,,"(3, 6, 8, 9)","(2, 7)",per_frame,100,100,20,2.0,10,5,3.0,True,True,True,False,0.1,0,True,512,0.03,3000,15,12,20,20.0,30,20.89696578784206,4.571319917468265,3.2429899054322746,0.9861657168401381,450.76909641653475,21.231323473032358,17.399626826486713,0.6420414201085659,82.65295269992203,3000
303,False,,"(3, 6, 8, 9)","(2, 7)",per_depth,100,100,20,2.0,10,5,3.0,True,True,True,False,0.1,0,True,512,0.03,3000,15,12,20,20.0,30,20.89696578784206,4.571319917468265,3.2429899054322746,0.9861657168401381,450.76909641653475,21.231323473032358,17.399626826486713,0.6420414201085659,74.83030969998799,3000
293,False,,"(3, 6, 8, 9)","(2, 7)",per_depth,100,100,20,2.0,10,5,3.0,True,True,True,False,0.1,0,True,512,0.03,3000,15,8,50,10.0,30,20.40752130460647,4.51746846193822,3.2103147607287204,0.9864897406070743,450.9635550481394,21.23590250138052,17.402391468098447,0.6418869992838683,71.92656020005234,3000
653,False,,"(3, 6, 8, 9)","(2, 7)",per_frame,100,100,20,2.0,10,5,3.0,True,True,True,False,0.1,0,True,512,0.03,3000,15,8,50,10.0,30,20.40752130460647,4.51746846193822,3.2103147607287204,0.9864897406070743,450.9635550481394,21.23590250138052,17.402391468098447,0.6418869992838683,70.98723759991117,3000
650,False,,"(3, 6, 8, 9)","(2, 7)",per_frame,100,100,20,2.0,10,5,3.0,True,True,True,False,0.1,0,True,512,0.03,3000,15,8,20,10.0,30,20.313436958047383,4.507043039293876,3.2102363730186556,0.9865520266587635,451.42414782956433,21.24674440542749,17.36429616580188,0.6415212396538097,73.45418540015817,3000
290,False,,"(3, 6, 8, 9)","(2, 7)",per_depth,100,100,20,2.0,10,5,3.0,True,True,True,False,0.1,0,True,512,0.03,3000,15,8,20,10.0,30,20.313436958047383,4.507043039293876,3.2102363730186556,0.9865520266587635,451.42414782956433,21.24674440542749,17.36429616580188,0.6415212396538097,72.86008269991726,3000
274,False,,"(3, 6, 8, 9)","(2, 7)",per_depth,100,100,20,2.0,10,5,3.0,True,True,True,False,0.1,0,True,256,0.03,3000,63,8,200,1.0,30,3.062753614342909,1.750072459740713,1.2147920126111411,0.9979723850256594,451.9739515057442,21.25967900758956,17.392953217892277,0.6410846370900827,90.40485390007962,3000
634,False,,"(3, 6, 8, 9)","(2, 7)",per_frame,100,100,20,2.0,10,5,3.0,True,True,True,False,0.1,0,True,256,0.03,3000,63,8,200,1.0,30,3.062753614342909,1.750072459740713,1.2147920126111411,0.9979723850256594,451.9739515057442,21.25967900758956,17.392953217892277,0.6410846370900827,90.68109379988164,3000
662,False,,"(3, 6, 8, 9)","(2, 7)",per_frame,100,100,20,2.0,10,5,3.0,True,True,True,False,0.1,0,True,512,0.03,3000,15,12,20,10.0,30,20.30603034768007,4.506221293687214,3.2146273429231655,0.9865569300091406,452.85609699893985,21.280415808882584,17.411329803345698,0.6403841197952809,81.67384220007807,3000
302,False,,"(3, 6, 8, 9)","(2, 7)",per_depth,100,100,20,2.0,10,5,3.0,True,True,True,False,0.1,0,True,512,0.03,3000,15,12,20,10.0,30,20.30603034768007,4.506221293687214,3.2146273429231655,0.9865569300091406,452.85609699893985,21.280415808882584,17.411329803345698,0.6403841197952809,74.32930819992907,3000
636,False,,"(3, 6, 8, 9)","(2, 7)",per_frame,100,100,20,2.0,10,5,3.0,True,True,True,False,0.1,0,True,256,0.03,3000,63,8,200,20.0,30,3.310008553977419,1.81934289071011,1.2617146684880136,0.9978086964364975,453.0083198390962,21.283992102965463,17.417561240806112,0.6402632386787124,91.18530170014128,3000
276,False,,"(3, 6, 8, 9)","(2, 7)",per_depth,100,100,20,2.0,10,5,3.0,True,True,True,False,0.1,0,True,256,0.03,3000,63,8,200,20.0,30,3.310008553977419,1.81934289071011,1.2617146684880136,0.9978086964364975,453.0083198390962,21.283992102965463,17.417561240806112,0.6402632386787124,90.76981640001759,3000
358,False,,"(3, 6, 8, 9)","(2, 7)",per_depth,100,100,20,2.0,10,5,3.0,True,True,True,False,0.1,0,True,512,0.03,3000,63,12,200,1.0,30,1.3729561346444579,1.171732108736659,0.8274226432258237,0.9990910707264596,453.0652154879821,21.28532864411499,17.500076417070797,0.640218057485416,193.11892580008134,3000
718,False,,"(3, 6, 8, 9)","(2, 7)",per_frame,100,100,20,2.0,10,5,3.0,True,True,True,False,0.1,0,True,512,0.03,3000,63,12,200,1.0,30,1.3729561346444579,1.171732108736659,0.8274226432258237,0.9990910707264596,453.0652154879821,21.28532864411499,17.500076417070797,0.640218057485416,193.26618949999101,3000
291,False,,"(3, 6, 8, 9)","(2, 7)",per_depth,100,100,20,2.0,10,5,3.0,True,True,True,False,0.1,0,True,512,0.03,3000,15,8,20,20.0,30,20.94506437103926,4.576577801265839,3.24159049193657,0.9861338744460655,453.1008181257246,21.286164946408842,17.427668864044662,0.6401897852064422,73.84678709995933,3000
651,False,,"(3, 6, 8, 9)","(2, 7)",per_frame,100,100,20,2.0,10,5,3.0,True,True,True,False,0.1,0,True,512,0.03,3000,15,8,20,20.0,30,20.94506437103926,4.576577801265839,3.24159049193657,0.9861338744460655,453.1008181257246,21.286164946408842,17.427668864044662,0.6401897852064422,74.02903939993121,3000
654,False,,"(3, 6, 8, 9)","(2, 7)",per_frame,100,100,20,2.0,10,5,3.0,True,True,True,False,0.1,0,True,512,0.03,3000,15,8,50,20.0,30,20.87470155089719,4.5688840596908555,3.2350452047840395,0.9861804562889825,453.1245161778326,21.286721592998596,17.42311821249753,0.6401709664339349,67.71815259987488,3000
294,False,,"(3, 6, 8, 9)","(2, 7)",per_depth,100,100,20,2.0,10,5,3.0,True,True,True,False,0.1,0,True,512,0.03,3000,15,8,50,20.0,30,20.87470155089719,4.5688840596908555,3.2350452047840395,0.9861804562889825,453.1245161778326,21.286721592998596,17.42311821249753,0.6401709664339349,72.6415066998452,3000
304,False,,"(3, 6, 8, 9)","(2, 7)",per_depth,100,100,20,2.0,10,5,3.0,True,True,True,False,0.1,0,True,512,0.03,3000,15,12,50,1.0,30,19.41466665818193,4.4062077411513325,3.1518611694874825,0.9871470337497569,453.4262327730455,21.293807380857128,17.410369431815948,0.6399313713844724,72.36221159994602,3000
664,False,,"(3, 6, 8, 9)","(2, 7)",per_frame,100,100,20,2.0,10,5,3.0,True,True,True,False,0.1,0,True,512,0.03,3000,15,12,50,1.0,30,19.41466665818193,4.4062077411513325,3.1518611694874825,0.9871470337497569,453.4262327730455,21.293807380857128,17.410369431815948,0.6399313713844724,77.91411149990745,3000
707,False,,"(3, 6, 8, 9)","(2, 7)",per_frame,100,100,20,2.0,10,5,3.0,True,True,True,False,0.1,0,True,512,0.03,3000,63,8,200,10.0,30,2.2577825036007804,1.502591928502473,1.0558234263507222,0.9985052948458973,454.8510466144231,21.327237200688305,17.539514618739073,0.6387999177348684,154.5987627999857,3000
347,False,,"(3, 6, 8, 9)","(2, 7)",per_depth,100,100,20,2.0,10,5,3.0,True,True,True,False,0.1,0,True,512,0.03,3000,63,8,200,10.0,30,2.2577825036007804,1.502591928502473,1.0558234263507222,0.9985052948458973,454.8510466144231,21.327237200688305,17.539514618739073,0.6387999177348684,153.87952709989622,3000
348,False,,"(3, 6, 8, 9)","(2, 7)",per_depth,100,100,20,2.0,10,5,3.0,True,True,True,False,0.1,0,True,512,0.03,3000,63,8,200,20.0,30,2.4320958368526866,1.559517821909287,1.0914036417730186,0.9983898953168351,458.0884190267391,21.403000234236767,17.6014172111802,0.636229099902624,154.397043999983,3000
708,False,,"(3, 6, 8, 9)","(2, 7)",per_frame,100,100,20,2.0,10,5,3.0,True,True,True,False,0.1,0,True,512,0.03,3000,63,8,200,20.0,30,2.4320958368526866,1.559517821909287,1.0914036417730186,0.9983898953168351,458.0884190267391,21.403000234236767,17.6014172111802,0.636229099902624,154.7705016999971,3000
706,False,,"(3, 6, 8, 9)","(2, 7)",per_frame,100,100,20,2.0,10,5,3.0,True,True,True,False,0.1,0,True,512,0.03,3000,63,8,200,1.0,30,2.1532641529406513,1.46740047462874,1.0299856821475666,0.9985744884538648,464.7079020468749,21.557084729779092,17.704644922360725,0.6309725267250481,154.8631853000261,3000
346,False,,"(3, 6, 8, 9)","(2, 7)",per_depth,100,100,20,2.0,10,5,3.0,True,True,True,False,0.1,0,True,512,0.03,3000,63,8,200,1.0,30,2.1532641529406513,1.46740047462874,1.0299856821475666,0.9985744884538648,464.7079020468749,21.557084729779092,17.704644922360725,0.6309725267250481,153.03792469995096,3000
