frame_id,timestamp_us,hand_id,hand_type,pronation_supination_deg,flexion_extension_deg,deviation_deg
22241,132476599986,58,right,-0.022040,-0.016286,0.001763
22242,132476617979,58,right,-0.037264,-0.027593,0.000526
22243,132476636660,58,right,-0.060997,-0.046577,-0.002661
22244,132476655274,58,right,-0.091897,-0.071063,-0.005718
22245,132476674102,58,right,-0.112232,-0.089827,-0.010574
22246,132476692687,58,right,-0.130636,-0.108633,-0.018039
22247,132476712294,58,right,-0.147907,-0.124856,-0.026763
22248,132476730636,58,right,-0.165299,-0.143338,-0.037155
22249,132476749454,58,right,-0.177619,-0.152145,-0.045041
22250,132476768524,58,right,-0.192064,-0.156462,-0.047487
22251,132476787609,58,right,-0.204216,-0.161044,-0.045642
22252,132476806258,58,right,-0.223997,-0.169661,-0.041108
22253,132476825018,58,right,-0.233334,-0.174770,-0.042673
22254,132476844372,58,right,-0.235993,-0.176778,-0.044163
22255,132476863249,58,right,-0.241420,-0.182974,-0.044553
22256,132476882287,58,right,-0.230415,-0.170747,-0.059360
22257,132476901040,58,right,-0.218372,-0.136248,-0.064498
22258,132476919605,58,right,-0.212790,-0.124402,-0.074067
22259,132476938400,58,right,-0.207708,-0.118630,-0.077835
22260,132476959205,58,right,-0.197446,-0.107057,-0.077580
22261,132476979197,58,right,-0.185937,-0.103234,-0.077848
22262,132476998082,58,right,-0.171910,-0.100988,-0.078148
22263,132477016872,58,right,-0.163472,-0.105006,-0.078279
22264,132477035611,58,right,-0.153038,-0.112612,-0.085757
22265,132477055290,58,right,-0.142043,-0.122520,-0.091872
22266,132477074573,58,right,-0.135257,-0.128980,-0.094479
22267,132477093541,58,right,-0.130547,-0.132918,-0.096562
22268,132477112532,58,right,-0.126104,-0.141163,-0.096737
22269,132477131233,58,right,-0.131087,-0.154032,-0.097290
22270,132477150230,58,right,-0.135506,-0.160938,-0.093800
22271,132477168865,58,right,-0.145589,-0.174307,-0.088976
22272,132477187394,58,right,-0.161980,-0.188517,-0.080257
22273,132477206178,58,right,-0.176760,-0.199214,-0.072934
22274,132477224600,58,right,-0.194086,-0.208770,-0.065014
22275,132477243888,58,right,-0.211351,-0.217901,-0.055619
22276,132477263075,58,right,-0.223553,-0.223512,-0.048160
22277,132477282550,58,right,-0.236369,-0.236352,-0.039403
22278,132477300778,58,right,-0.244885,-0.247360,-0.032069
22279,132477319393,58,right,-0.257244,-0.263011,-0.027869
22280,132477338418,58,right,-0.271481,-0.278978,-0.025252
22281,132477357531,58,right,-0.279724,-0.294482,-0.024286
22282,132477377893,58,right,-0.284703,-0.307522,-0.022966
22283,132477397179,58,right,-0.286850,-0.321537,-0.023435
22284,132477416548,58,right,-0.290161,-0.339695,-0.023880
22285,132477436050,58,right,-0.297104,-0.363350,-0.025671
22286,132477455346,58,right,-0.308878,-0.381382,-0.026187
22287,132477474578,58,right,-0.317080,-0.400542,-0.032700
22288,132477494559,58,right,-0.325480,-0.421485,-0.039192
22289,132477513958,58,right,-0.331958,-0.432075,-0.046476
22290,132477533849,58,right,-0.332757,-0.436573,-0.055604
22291,132477552151,58,right,-0.330929,-0.438988,-0.066816
22292,132477571898,58,right,-0.321324,-0.430933,-0.076605
22293,132477590944,58,right,-0.287795,-0.411101,-0.083262
22294,132477610965,58,right,-0.245512,-0.384437,-0.088709
22295,132477630439,58,right,-0.123665,-0.331399,-0.087160
22296,132477649978,58,right,0.036288,-0.248719,-0.081062
22297,132477669457,58,right,0.541651,-0.128091,-0.123820
22298,132477689445,58,right,1.117861,-0.157425,-0.201105
22299,132477708196,58,right,2.508568,-0.184705,-0.391034
22300,132477727166,58,right,4.546016,0.050796,-0.732275
22301,132477745689,58,right,6.880879,0.189968,-1.296994
22302,132477764318,58,right,9.717438,0.257130,-2.100339
22303,132477783481,58,right,12.666204,0.038011,-2.963925
22304,132477802098,58,right,15.867680,0.113362,-3.844668
22305,132477820456,58,right,20.572073,-0.130959,-4.991500
22306,132477838769,58,right,25.723263,-0.312590,-6.244289
22307,132477857584,58,right,30.022263,-0.755969,-7.075878
22308,132477876446,58,right,33.722546,-1.218161,-7.782806
22309,132477895083,58,right,37.648903,-1.255577,-8.082632
22310,132477913778,58,right,41.103989,-1.624607,-8.481791
22311,132477932698,58,right,45.339046,-2.029615,-8.411327
22312,132477951290,58,right,49.055367,-2.215041,-8.293842
22313,132477969676,58,right,51.944382,-2.269294,-8.288000
22314,132477988973,58,right,54.850864,-2.471363,-7.927954
22315,132478009585,58,right,57.540741,-2.554895,-7.628881
22316,132478028595,58,right,61.597374,-2.664007,-7.664821
22317,132478047595,58,right,65.301590,-2.607133,-7.519799
22318,132478066283,58,right,68.580887,-2.711917,-7.322833
22319,132478085646,58,right,71.559029,-2.874767,-7.648035
22320,132478104295,58,right,74.208717,-3.086077,-7.776785
22321,132478123495,58,right,77.833313,-3.371661,-8.011470
22322,132478142578,58,right,81.487282,-3.572272,-8.322401
22323,132478161486,58,right,85.364075,-3.781785,-8.943138
22324,132478179686,58,right,88.658401,-4.032648,-9.343847
22325,132478198337,58,right,91.637833,-4.350008,-9.924928
22326,132478217588,58,right,94.456017,-4.651907,-10.608685
22327,132478236229,58,right,98.337463,-5.281375,-11.222864
22328,132478254700,58,right,101.447548,-5.699110,-12.079831
22329,132478272859,58,right,104.109360,-5.877648,-12.857831
22330,132478291042,58,right,107.130051,-6.218187,-13.444939
22331,132478309215,58,right,109.439415,-6.366838,-14.139101
22332,132478327825,58,right,111.719704,-6.469161,-14.848748
22333,132478346447,58,right,114.840965,-6.892392,-15.457873
22334,132478365159,58,right,118.337471,-7.555083,-15.652147
22335,132478384166,58,right,122.855209,-8.344225,-15.086026
22336,132478402853,58,right,126.715454,-9.158750,-14.857134
22337,132478421112,58,right,-230.822433,-9.807738,-14.605766
22338,132478439321,58,right,-228.867722,-10.349215,-14.403283
22339,132478458170,58,right,-227.074524,-10.997305,-14.127996
22340,132478477105,58,right,-225.581757,-11.414766,-13.896855
22341,132478495829,58,right,-224.007401,-11.879843,-13.760301
22342,132478514250,58,right,-222.038666,-12.294384,-13.720531
22343,132478532489,58,right,-220.324936,-12.929796,-13.685362
22344,132478551101,58,right,-219.290619,-13.311996,-13.651586
22345,132478568873,58,right,-218.315155,-13.577598,-13.577212
22346,132478587739,58,right,-217.702057,-13.692788,-13.545447
22347,132478606369,58,right,-217.131516,-13.789259,-13.525499
22348,132478625421,58,right,-216.612595,-13.878015,-13.489287
22349,132478644138,58,right,-216.224335,-13.921600,-13.466120
22350,132478662621,58,right,-215.895279,-13.942080,-13.410525
22351,132478681295,58,right,-215.651703,-13.958799,-13.352070
22352,132478699397,58,right,-215.495483,-13.968738,-13.312357
22353,132478717823,58,right,-215.401840,-14.009777,-13.300334
22354,132478736243,58,right,-215.359741,-14.041855,-13.273811
22355,132478755079,58,right,-215.369888,-14.070589,-13.274913
22356,132478774197,58,right,-215.473175,-14.069575,-13.216766
22357,132478792701,58,right,-215.594574,-14.054665,-13.182978
22358,132478810841,58,right,-215.662796,-14.059895,-13.167632
22359,132478829267,58,right,-215.803253,-14.048615,-13.162547
22360,132478847584,58,right,-215.942978,-14.044022,-13.181069
22361,132478866422,58,right,-216.059830,-14.052557,-13.212563
22362,132478885140,58,right,-216.210052,-14.016605,-13.227155
22363,132478903657,58,right,-216.423965,-13.954744,-13.250198
22364,132478922821,58,right,-216.887115,-13.778490,-13.307326
22365,132478940788,58,right,-217.291794,-13.599721,-13.334814
22366,132478959153,58,right,-218.166138,-13.175988,-13.327546
22367,132478977401,58,right,-219.662323,-12.446255,-13.214422
22368,132478995690,58,right,-221.808655,-11.401012,-13.097625
22369,132479014841,58,right,-224.302246,-10.530499,-13.172289
22370,132479034391,58,right,-227.278687,-9.269592,-13.469457
22371,132479052885,58,right,-230.037125,-8.141938,-13.636249
22372,132479070981,58,right,126.797813,-7.111401,-14.094737
22373,132479089982,58,right,123.279648,-5.871812,-14.558771
22374,132479108924,58,right,119.602905,-4.668241,-14.864346
22375,132479128622,58,right,116.181824,-3.613145,-14.849995
22376,132479148924,58,right,111.817528,-2.621679,-14.180932
22377,132479169129,58,right,108.827057,-1.999095,-13.646894
22378,132479187736,58,right,105.841980,-1.568491,-12.994617
22379,132479206685,58,right,103.187668,-1.546950,-12.157918
22380,132479225619,58,right,99.967369,-1.183703,-10.999630
22381,132479244473,58,right,97.423958,-0.878461,-10.153129
22382,132479262581,58,right,94.706429,-0.266447,-9.249825
22383,132479281219,58,right,91.629387,0.245265,-8.333178
22384,132479300683,58,right,88.952347,0.448920,-7.353287
22385,132479320288,58,right,85.073395,0.578102,-6.663770
22386,132479338625,58,right,82.430588,0.234255,-6.192981
22387,132479357543,58,right,79.112534,0.012572,-6.035182
22388,132479376392,58,right,75.470612,0.392355,-6.198689
22389,132479394744,58,right,71.668274,0.803573,-6.077167
22390,132479413644,58,right,68.114876,1.221921,-5.818015
22391,132479433062,58,right,63.758202,1.437619,-5.336455
22392,132479451620,58,right,59.926472,1.601529,-5.088323
22393,132479470096,58,right,56.613373,1.729383,-5.050171
22394,132479488558,58,right,53.396618,1.669503,-4.901969
22395,132479507694,58,right,49.966019,1.542472,-4.587024
22396,132479526364,58,right,46.258163,1.461588,-4.270521
22397,132479544724,58,right,43.337612,0.827797,-3.923381
22398,132479563448,58,right,39.923229,0.481210,-4.036570
22399,132479582476,58,right,36.700638,-0.014677,-3.822083
22400,132479601067,58,right,33.675144,0.036459,-3.694386
22401,132479620193,58,right,31.210531,0.119952,-3.735761
22402,132479638721,58,right,28.145657,-0.599896,-3.589169
22403,132479657392,58,right,24.831411,-0.357603,-3.408649
22404,132479676101,58,right,21.216496,-0.360059,-2.883415
22405,132479694461,58,right,18.425402,-0.735824,-2.439483
22406,132479712433,58,right,15.690788,-0.914681,-2.008633
22407,132479731208,58,right,12.736605,-0.681446,-1.444294
22408,132479749903,58,right,10.237681,-0.796520,-1.077416
22409,132479768442,58,right,8.534734,-0.982774,-0.913660
22410,132479788166,58,right,6.996192,-0.761972,-0.641206
22411,132479806989,58,right,5.113722,-0.576727,-0.453837
22412,132479825165,58,right,3.607923,-0.469940,-0.313251
22413,132479843965,58,right,2.013394,-0.451966,-0.110791
22414,132479862646,58,right,0.785507,-0.434592,0.068417
22415,132479881996,58,right,-0.769759,-0.367344,0.318097
22416,132479900775,58,right,-1.939773,-0.127390,0.533527
22417,132479919422,58,right,-3.479919,-0.084810,0.815348
22418,132479937793,58,right,-4.598111,-0.160285,1.105287
22419,132479955635,58,right,-5.617745,-0.336647,1.444137
22420,132479974693,58,right,-6.476716,-0.543313,1.778091
22421,132479993430,58,right,-7.445297,-0.629973,2.131625
22422,132480014619,58,right,-8.641689,-0.795666,2.474800
22423,132480035382,58,right,-9.518642,-0.927761,2.745470
22424,132480054447,58,right,-10.451671,-1.223839,3.008876
22425,132480075046,58,right,-10.877482,-1.470580,3.231031
22426,132480097002,58,right,-11.327930,-1.666844,3.504644
22427,132480118165,58,right,-11.579559,-1.778177,3.694293
22428,132480137471,58,right,-11.798944,-1.836895,3.871266
22429,132480156595,58,right,-12.006402,-1.928184,4.030271
22430,132480175308,58,right,-12.147803,-1.999158,4.158628
22431,132480194931,58,right,-12.206523,-2.027807,4.274289
22432,132480213567,58,right,-12.226144,-2.084297,4.330321
22433,132480232327,58,right,-12.228457,-2.158700,4.367721
22434,132480251950,58,right,-12.207749,-2.232305,4.392316
22435,132480269966,58,right,-12.215409,-2.350731,4.398461
22436,132480288482,58,right,-12.282466,-2.406567,4.436888
22437,132480307578,58,right,-12.356346,-2.423105,4.487040
22438,132480326383,58,right,-12.495027,-2.449396,4.534132
22439,132480345952,58,right,-12.586668,-2.421980,4.586734
22440,132480364823,58,right,-12.663535,-2.402514,4.615153
22441,132480383576,58,right,-12.720615,-2.363974,4.641229
22442,132480402574,58,right,-12.750574,-2.325517,4.670257
22443,132480421934,58,right,-12.773770,-2.292981,4.695040
22444,132480441101,58,right,-12.789306,-2.259732,4.723218
22445,132480460082,58,right,-12.790447,-2.234443,4.746336
22446,132480479482,58,right,-12.774263,-2.212122,4.762455
22447,132480498366,58,right,-12.762867,-2.192738,4.773198
22448,132480518220,58,right,-12.759298,-2.187536,4.778501
22449,132480537323,58,right,-12.759818,-2.196086,4.775589
22450,132480556437,58,right,-12.759235,-2.225153,4.768878
22451,132480575846,58,right,-12.776164,-2.254236,4.762774
22452,132480595193,58,right,-12.779552,-2.258775,4.774780
22453,132480615543,58,right,-12.788658,-2.269378,4.786439
22454,132480634828,58,right,-12.799853,-2.279656,4.798333
22455,132480654200,58,right,-12.784651,-2.276679,4.817570
22456,132480673137,58,right,-12.699903,-2.261891,4.876035
22457,132480691529,58,right,-12.468992,-2.255253,4.937537
22458,132480709811,58,right,-11.926191,-2.189374,4.959672
22459,132480728613,58,right,-11.239968,-2.051514,4.890581
22460,132480747367,58,right,-10.322265,-1.814695,4.864218
22461,132480766149,58,right,-9.074835,-1.488245,4.743663
22462,132480785078,58,right,-7.684854,-1.031945,4.583151
22463,132480803403,58,right,-5.264580,-0.152567,4.232495
22464,132480822074,58,right,-4.128662,0.041474,3.945239
22465,132480840532,58,right,-2.988152,0.137718,3.533837
22466,132480858817,58,right,-1.701820,0.130292,3.096961
22467,132480878031,58,right,-0.264540,0.202357,2.725285
22468,132480896985,58,right,1.585014,0.445119,2.323969
22469,132480916002,58,right,4.761263,1.084460,1.658485
22470,132480935208,58,right,7.461485,1.441324,0.929029
22471,132480954159,58,right,10.772679,1.323595,-0.225377
22472,132480972679,58,right,14.607918,1.426204,-1.492728
22473,132480991356,58,right,18.967318,1.521319,-2.790030
22474,132481010472,58,right,24.284678,1.582136,-4.442589
22475,132481028987,58,right,31.186802,0.742478,-5.931512
22476,132481047452,58,right,36.812733,0.030297,-6.712852
22477,132481065833,58,right,41.825474,-0.923706,-7.183197
22478,132481084059,58,right,47.221481,-1.565514,-7.208228
22479,132481102601,58,right,51.565117,-2.040004,-7.236585
22480,132481121260,58,right,55.386116,-2.091563,-7.248901
22481,132481140614,58,right,59.240810,-2.315865,-7.292248
22482,132481159794,58,right,65.061623,-2.557966,-7.533484
22483,132481178343,58,right,70.402931,-2.628437,-7.659460
22484,132481196914,58,right,74.357414,-2.513579,-8.528452
22485,132481215748,58,right,77.723289,-2.670153,-8.800228
22486,132481234351,58,right,81.258690,-2.596403,-9.362638
22487,132481253028,58,right,85.050644,-2.781656,-10.065216
22488,132481272102,58,right,89.317581,-3.209371,-10.513752
22489,132481290195,58,right,91.935196,-3.434597,-11.077317
22490,132481309077,58,right,95.067886,-3.970619,-11.744448
22491,132481327212,58,right,98.377533,-4.626870,-12.326035
22492,132481345698,58,right,101.264297,-5.002771,-13.050562
22493,132481363952,58,right,103.965462,-5.143724,-14.029325
22494,132481382691,58,right,106.481308,-5.199750,-14.873728
22495,132481401250,58,right,108.587662,-5.349509,-15.358811
22496,132481420574,58,right,110.950447,-5.590125,-16.169697
22497,132481439364,58,right,113.211395,-5.833680,-16.612932
22498,132481457528,58,right,115.324036,-6.119293,-16.875692
22499,132481475986,58,right,117.290649,-6.356725,-16.978760
22500,132481494616,58,right,119.478745,-6.763294,-17.067266
22501,132481512857,58,right,121.508583,-7.124369,-17.024019
22502,132481531839,58,right,124.412712,-7.716586,-16.866688
22503,132481550244,58,right,126.260468,-8.240279,-16.648491
22504,132481568512,58,right,127.821152,-8.768867,-16.494591
22505,132481587126,58,right,-230.792633,-9.322433,-16.370872
22506,132481605641,58,right,-229.515244,-9.747218,-16.247942
22507,132481624636,58,right,-228.399902,-10.142450,-16.075832
22508,132481642914,58,right,-227.115158,-10.652992,-15.843746
22509,132481661403,58,right,-225.934982,-11.107852,-15.666870
22510,132481680955,58,right,-224.265335,-11.832103,-15.720039
22511,132481699538,58,right,-222.809708,-12.351160,-15.681943
22512,132481719091,58,right,-221.180115,-12.873454,-15.656385
22513,132481739991,58,right,-219.088882,-13.509639,-15.853872
22514,132481759410,58,right,-217.390244,-14.051522,-15.805979
22515,132481778096,58,right,-216.011902,-14.416660,-15.821009
22516,132481796632,58,right,-214.564758,-14.779965,-15.680696
22517,132481815190,58,right,-213.404739,-15.054214,-15.566374
22518,132481834398,58,right,-212.386581,-15.289515,-15.380127
22519,132481853046,58,right,-211.041306,-15.694602,-15.299598
22520,132481871350,58,right,-210.245575,-15.987745,-15.210792
22521,132481889911,58,right,-209.338272,-16.293621,-15.166555
22522,132481908127,58,right,-208.552582,-16.488077,-15.117433
22523,132481927503,58,right,-207.802750,-16.746016,-15.128308
22524,132481947276,58,right,-207.114914,-16.932451,-15.087841
22525,132481965773,58,right,-206.045212,-17.186211,-15.024889
22526,132481984128,58,right,-205.276413,-17.315100,-15.029847
22527,132482002886,58,right,-204.553955,-17.454050,-14.984698
22528,132482021911,58,right,-203.810303,-17.535395,-14.856455
22529,132482040533,58,right,-203.125336,-17.553644,-14.668962
22530,132482060801,58,right,-201.960953,-17.718096,-14.357147
22531,132482079475,58,right,-201.005005,-17.754215,-14.208487
22532,132482097879,58,right,-199.819977,-17.928452,-14.071992
22533,132482116251,58,right,-198.623276,-18.280666,-14.041800
22534,132482134846,58,right,-197.444611,-18.617010,-13.982206
22535,132482153722,58,right,-196.211731,-18.920286,-13.890995
22536,132482172377,58,right,-195.140488,-19.168400,-13.869074
22537,132482191800,58,right,-193.872299,-19.477444,-13.792966
22538,132482210384,58,right,-192.962067,-19.704893,-13.782167
22539,132482229142,58,right,-191.906631,-19.905094,-13.793069
22540,132482247676,58,right,-190.683060,-20.183754,-13.802956
22541,132482266678,58,right,-189.376816,-20.481840,-13.862695
22542,132482285132,58,right,-188.532410,-20.444111,-13.737208
22543,132482303912,58,right,-187.295090,-20.502850,-13.805474
22544,132482322290,58,right,-186.595398,-20.382837,-13.641453
22545,132482340634,58,right,-185.833939,-20.097044,-13.612964
22546,132482359256,58,right,-185.208572,-19.738510,-13.557484
22547,132482377622,58,right,-184.801971,-19.221573,-13.353646
22548,132482396631,58,right,-184.291855,-18.710781,-13.062488
22549,132482415434,58,right,-183.502258,-18.279648,-12.838123
22550,132482433801,58,right,-182.952988,-17.724863,-12.580378
22551,132482452250,58,right,-182.225433,-17.218798,-12.416703
22552,132482471607,58,right,-181.602585,-16.745888,-12.188180
22553,132482490371,58,right,-181.002243,-16.281401,-11.988851
22554,132482509756,58,right,-180.716934,-15.861937,-11.813811
22555,132482528692,58,right,-180.483673,-15.524001,-11.678395
22556,132482547572,58,right,-180.272324,-15.346088,-11.539697
22557,132482565962,58,right,-180.078537,-15.186431,-11.378670
22558,132482584372,58,right,-179.921082,-15.082795,-11.288307
22559,132482603043,58,right,-179.748840,-14.947890,-11.190263
22560,132482622170,58,right,-179.502350,-14.771152,-11.142375
22561,132482641303,58,right,-179.296616,-14.570332,-11.026997
22562,132482660392,58,right,-178.842911,-14.704268,-10.945443
22563,132482679084,58,right,-178.375595,-14.784161,-10.882737
22564,132482697223,58,right,-178.140335,-14.811080,-10.866653
22565,132482715661,58,right,-178.069107,-14.706590,-10.818395
22566,132482735202,58,right,-178.033295,-14.573622,-10.758440
22567,132482754506,58,right,-178.417801,-14.409412,-10.696560
22568,132482773507,58,right,-179.121796,-14.080701,-10.607110
22569,132482792410,58,right,-179.757584,-13.681520,-10.544574
22570,132482811012,58,right,-180.370667,-13.345142,-10.465933
22571,132482829648,58,right,-180.894348,-13.213699,-10.436447
22572,132482848282,58,right,-181.533279,-13.115819,-10.429405
22573,132482867187,58,right,-182.471405,-13.239010,-10.445415
22574,132482885874,58,right,-183.241882,-13.314883,-10.520484
22575,132482904784,58,right,-184.222122,-13.450867,-10.636495
22576,132482923174,58,right,-185.084549,-13.646126,-10.769694
22577,132482941538,58,right,-185.865234,-13.931195,-10.921541
22578,132482960139,58,right,-186.353012,-14.151307,-11.065031
22579,132482979016,58,right,-187.041290,-14.247005,-11.140842
22580,132482998282,58,right,-189.965363,-13.822127,-11.185915
22581,132483016945,58,right,-192.577408,-13.388928,-11.181099
22582,132483035650,58,right,-195.172531,-12.878410,-11.347339
22583,132483054112,58,right,-197.844421,-12.315825,-11.559362
22584,132483072898,58,right,-200.343765,-11.692832,-11.640420
22585,132483091395,58,right,-203.171555,-10.889312,-11.768141
22586,132483110037,58,right,-208.825562,-9.008369,-11.817328
22587,132483128660,58,right,-213.932938,-7.556960,-11.845428
22588,132483147468,58,right,-218.355927,-6.254097,-11.530583
22589,132483165986,58,right,-222.505630,-5.025493,-10.889591
22590,132483184882,58,right,-226.435257,-3.952787,-10.439384
22591,132483203732,58,right,-230.381851,-3.103503,-10.266767
22592,132483222557,58,right,124.041641,-2.446868,-10.289557
22593,132483241117,58,right,117.361702,-1.932241,-10.093121
22594,132483260958,58,right,113.212296,-1.668230,-9.676830
22595,132483280284,58,right,110.029396,-1.823666,-9.047616
22596,132483299747,58,right,106.811394,-1.989740,-8.270458
22597,132483319039,58,right,102.008354,-1.913899,-6.911159
22598,132483338128,58,right,99.137344,-1.744149,-5.705567
22599,132483356778,58,right,96.675507,-1.514728,-5.074956
22600,132483375930,58,right,94.161819,-1.106934,-4.564122
22601,132483395007,58,right,91.025085,-0.509251,-4.127457
22602,132483413686,58,right,87.124069,-0.055320,-3.866996
22603,132483432925,58,right,84.097084,0.253771,-4.216493
22604,132483452144,58,right,80.465797,0.316760,-4.285832
22605,132483471631,58,right,76.826759,0.362426,-4.273926
22606,132483490902,58,right,72.590286,0.288449,-3.989692
22607,132483510020,58,right,67.254059,-0.069874,-3.329987
22608,132483529523,58,right,62.290577,-0.581649,-2.793331
22609,132483549245,58,right,57.901840,-0.321368,-3.078220
22610,132483568684,58,right,53.418049,-0.646974,-3.075939
22611,132483587774,58,right,48.080765,-0.861884,-2.731801
22612,132483605861,58,right,43.807617,-1.142564,-2.292588
22613,132483624353,58,right,40.052979,-1.363010,-2.137994
22614,132483643168,58,right,36.790806,-1.789434,-1.913682
22615,132483661864,58,right,34.163425,-1.831775,-2.063318
22616,132483680235,58,right,31.504906,-2.219397,-2.177464
22617,132483698883,58,right,28.403824,-2.786553,-2.035028
22618,132483717924,58,right,24.761168,-3.016907,-2.183775
22619,132483736531,58,right,21.783157,-3.323393,-2.117006
22620,132483755265,58,right,18.934647,-3.223580,-1.849701
22621,132483774334,58,right,16.046473,-2.987531,-1.402841
22622,132483793423,58,right,13.352857,-2.886513,-1.053615
22623,132483812137,58,right,11.186862,-2.911075,-0.816771
22624,132483830790,58,right,8.419963,-2.613417,-0.366442
22625,132483849452,58,right,6.326358,-2.489450,-0.008410
22626,132483867988,58,right,4.619168,-2.377215,0.381504
22627,132483886773,58,right,2.888990,-2.022441,0.967409
22628,132483905395,58,right,0.973981,-1.405677,1.695475
22629,132483924117,58,right,-0.588810,-0.895259,2.528450
22630,132483942767,58,right,-2.992198,-0.870246,3.515535
22631,132483961525,58,right,-4.431672,-0.728277,4.427725
22632,132483979687,58,right,-5.927971,-0.788124,5.275437
22633,132483999552,58,right,-7.490606,-0.962402,6.121273
22634,132484019759,58,right,-8.869744,-1.161916,7.030945
22635,132484040097,58,right,-10.779431,-1.395426,8.089300
22636,132484059109,58,right,-12.165657,-1.524124,8.962365
22637,132484077518,58,right,-13.605097,-1.789694,9.744304
22638,132484096562,58,right,-14.872904,-2.079897,10.540647
22639,132484115534,58,right,-16.274370,-2.657831,11.143346
22640,132484134320,58,right,-18.308681,-3.277406,11.883414
22641,132484153400,58,right,-19.458973,-3.528199,12.536194
22642,132484171878,58,right,-20.535059,-3.445162,13.132789
22643,132484190406,58,right,-21.453688,-3.233255,13.722009
22644,132484208946,58,right,-22.502522,-3.075600,14.312417
22645,132484228366,58,right,-23.538754,-2.810081,14.888654
22646,132484247234,58,right,-25.052263,-2.479549,15.341362
22647,132484266267,58,right,-26.298018,-2.111247,15.793876
22648,132484284467,58,right,-27.390623,-1.712085,16.307070
22649,132484304086,58,right,-28.218496,-1.478482,16.553371
22650,132484323016,58,right,-28.871101,-1.238192,16.585629
22651,132484341409,58,right,-29.994522,-1.390934,16.547031
22652,132484360248,58,right,-30.715639,-1.551002,16.427708
22653,132484379184,58,right,-31.313210,-1.680884,16.317953
22654,132484398231,58,right,-32.139072,-1.942864,16.157433
22655,132484417116,58,right,-33.437126,-2.346390,15.982235
22656,132484435684,58,right,-34.729340,-2.811337,15.804495
22657,132484454142,58,right,-36.388123,-3.602216,15.558926
22658,132484472705,58,right,-37.338684,-4.077800,15.431641
22659,132484491185,58,right,-38.116386,-4.455567,15.432261
22660,132484509781,58,right,-39.000164,-4.960561,15.600898
22661,132484528567,58,right,-39.979652,-5.271792,15.985608
22662,132484547266,58,right,-41.189930,-5.653446,16.456669
22663,132484566417,58,right,-41.738022,-5.910532,16.921488
22664,132484585072,58,right,-43.002102,-6.363061,17.278709
22665,132484603158,58,right,-43.895302,-6.610892,17.864157
22666,132484622087,58,right,-44.522652,-6.811525,18.188194
22667,132484640452,58,right,-44.813847,-6.992145,18.348661
22668,132484659473,58,right,-45.255909,-7.193415,18.448053
22669,132484678601,58,right,-45.619926,-7.322543,18.603920
22670,132484697206,58,right,-46.329678,-7.552472,18.695518
22671,132484715803,58,right,-47.047977,-7.752069,18.846918
22672,132484734162,58,right,-47.646564,-7.919739,18.895258
22673,132484752918,58,right,-48.228596,-8.005474,19.054247
22674,132484771685,58,right,-48.584217,-8.121243,19.151337
22675,132484791193,58,right,-48.794834,-8.155176,19.148073
22676,132484810222,58,right,-48.742577,-8.011809,19.243399
22677,132484829377,58,right,-48.390686,-7.825972,19.382330
22678,132484847996,58,right,-47.667099,-7.466434,19.536718
22679,132484866663,58,right,-47.159157,-7.203070,19.594759
22680,132484885325,58,right,-46.698689,-6.926876,19.690275
22681,132484904473,58,right,-46.021149,-6.765780,19.700701
22682,132484923097,58,right,-44.148407,-5.972802,19.791178
22683,132484942443,58,right,-43.292419,-5.669069,19.587503
22684,132484961169,58,right,-41.400661,-5.224912,19.274776
22685,132484979937,58,right,-39.584122,-4.654649,19.140398
22686,132484998603,58,right,-37.998692,-4.283055,19.094730
22687,132485017984,58,right,-34.996403,-3.575191,19.012947
22688,132485037031,58,right,-32.948368,-3.177520,18.975361
22689,132485055684,58,right,-30.945034,-2.852505,19.068205
22690,132485074062,58,right,-28.608547,-2.550053,19.133335
22691,132485093537,58,right,-26.597733,-2.806184,18.788664
22692,132485111800,58,right,-24.349800,-2.627580,18.553915
22693,132485130839,58,right,-21.539543,-1.349289,18.358816
22694,132485149146,58,right,-19.357325,-0.172880,17.623951
22695,132485167852,58,right,-17.026907,0.318029,16.394033
22696,132485186151,58,right,-14.763735,0.905081,15.158459
22697,132485205187,58,right,-12.261844,2.007661,14.089570
22698,132485223944,58,right,-10.305582,2.672748,12.931530
22699,132485242306,58,right,-8.574843,2.881563,11.746658
22700,132485260764,58,right,-6.355278,2.546410,10.337064
22701,132485279550,58,right,-4.924525,1.763989,9.110864
22702,132485298324,58,right,-3.314807,1.559858,7.944521
22703,132485317063,58,right,-2.064878,1.355469,6.980944
22704,132485336619,58,right,-0.975147,0.887041,6.102482
22705,132485356097,58,right,0.680695,0.073028,5.328180
22706,132485374535,58,right,1.823525,-0.482432,4.612860
22707,132485393283,58,right,2.920096,-0.756543,4.224012
22708,132485412556,58,right,3.787349,-1.196652,3.759097
22709,132485431879,58,right,4.538023,-1.838303,3.368384
22710,132485451085,58,right,5.336658,-2.613096,2.905756
22711,132485469492,58,right,6.354035,-3.616692,2.370922
22712,132485488109,58,right,7.317892,-4.619179,1.714565
22713,132485507395,58,right,7.849327,-5.226265,1.273025
22714,132485526424,58,right,8.273405,-5.791677,0.893553
22715,132485545605,58,right,8.562360,-6.222341,0.598786
22716,132485564637,58,right,8.757244,-6.628281,0.376742
22717,132485583246,58,right,8.809342,-6.903992,0.225923
22718,132485601366,58,right,8.857534,-7.079186,0.104491
22719,132485620795,58,right,8.880198,-7.202997,0.033814
22720,132485639754,58,right,8.894807,-7.327749,-0.019194
22721,132485658479,58,right,8.890024,-7.435962,-0.054187
22722,132485677905,58,right,8.841907,-7.546978,-0.067713
22723,132485696494,58,right,8.756482,-7.636560,-0.065469
22724,132485715894,58,right,8.634032,-7.735093,-0.055559
22725,132485734931,58,right,8.484334,-7.889005,-0.053192
22726,132485753548,58,right,8.332211,-8.065326,-0.055664
22727,132485772651,58,right,8.269009,-8.215173,-0.087839
22728,132485791352,58,right,8.257103,-8.333251,-0.119453
22729,132485809849,58,right,8.235847,-8.499493,-0.153775
22730,132485828604,58,right,8.223879,-8.665726,-0.189776
22731,132485847498,58,right,8.193744,-8.780739,-0.218958
22732,132485865980,58,right,8.177641,-8.869524,-0.237401
22733,132485885504,58,right,8.167562,-8.966186,-0.257161
22734,132485904319,58,right,8.165236,-9.044789,-0.276801
22735,132485922764,58,right,8.146518,-9.130503,-0.294279
22736,132485941884,58,right,8.126631,-9.194965,-0.303633
22737,132485960756,58,right,8.114064,-9.250143,-0.310836
22738,132485979571,58,right,8.124145,-9.304100,-0.329564
22739,132485998274,58,right,8.117528,-9.365016,-0.352756
22740,132486016862,58,right,8.091432,-9.449086,-0.374339
22741,132486035386,58,right,8.071403,-9.494897,-0.391078
22742,132486054180,58,right,8.068128,-9.530176,-0.407243
22743,132486073012,58,right,8.085455,-9.550935,-0.422510
22744,132486091993,58,right,8.111741,-9.554968,-0.437337
22745,132486110654,58,right,8.133049,-9.520500,-0.455757
22746,132486128805,58,right,8.125506,-9.495019,-0.471198
22747,132486148133,58,right,8.114100,-9.465052,-0.478968
22748,132486166403,58,right,8.084795,-9.435907,-0.481925
22749,132486185371,58,right,8.056315,-9.396389,-0.482814
22750,132486204164,58,right,8.026681,-9.374434,-0.485143
22751,132486222721,58,right,7.995825,-9.366221,-0.488159
22752,132486241878,58,right,7.960504,-9.362518,-0.490538
22753,132486260373,58,right,7.914014,-9.372303,-0.487469
22754,132486279489,58,right,7.874937,-9.386364,-0.489559
22755,132486298873,58,right,7.836453,-9.410952,-0.495987
22756,132486317512,58,right,7.811333,-9.430370,-0.505914
22757,132486336870,58,right,7.771846,-9.468370,-0.520467
22758,132486355868,58,right,7.749513,-9.498784,-0.542086
22759,132486375268,58,right,7.738635,-9.549212,-0.560933
22760,132486394373,58,right,7.736225,-9.619913,-0.580022
22761,132486414732,58,right,7.706789,-9.692954,-0.602219
22762,132486434383,58,right,7.680328,-9.758023,-0.611140
22763,132486453125,58,right,7.669613,-9.820575,-0.619071
22764,132486471911,58,right,7.658582,-9.904222,-0.627824
22765,132486491752,58,right,7.671513,-9.958116,-0.636920
22766,132486511120,58,right,7.679717,-10.004508,-0.645610
22767,132486529988,58,right,7.685047,-10.050879,-0.656010
22768,132486548993,58,right,7.696326,-10.088448,-0.666855
22769,132486567873,58,right,7.709326,-10.072978,-0.671143
22770,132486586402,58,right,7.718493,-10.063788,-0.677971
22771,132486606949,58,right,7.718457,-10.055364,-0.683839
22772,132486626683,58,right,7.717543,-10.034075,-0.688241
22773,132486646244,58,right,7.710751,-10.014108,-0.692252
22774,132486664587,58,right,7.714565,-9.998994,-0.700072
22775,132486683233,58,right,7.711393,-9.977141,-0.708376
22776,132486702466,58,right,7.693405,-9.966503,-0.716878
22777,132486721001,58,right,7.684450,-9.928863,-0.724336
22778,132486739493,58,right,7.675835,-9.910395,-0.734600
22779,132486757775,58,right,7.641705,-9.902974,-0.741890
22780,132486776378,58,right,7.605831,-9.895579,-0.748499
22781,132486795185,58,right,7.583285,-9.871608,-0.755421
22782,132486813916,58,right,7.575938,-9.840258,-0.760262
22783,132486832453,58,right,7.570792,-9.799669,-0.762836
22784,132486851520,58,right,7.552770,-9.748545,-0.760858
22785,132486870156,58,right,7.517120,-9.701405,-0.756673
22786,132486888975,58,right,7.476775,-9.650194,-0.751907
22787,132486908484,58,right,7.446459,-9.618298,-0.749674
22788,132486928112,58,right,7.418169,-9.604676,-0.746623
22789,132486946269,58,right,7.399144,-9.588176,-0.744629
22790,132486964882,58,right,7.378398,-9.576292,-0.741456
22791,132486983712,58,right,7.351872,-9.560083,-0.738796
22792,132487002385,58,right,7.320705,-9.538574,-0.733704
22793,132487021175,58,right,7.305020,-9.514806,-0.725348
22794,132487039410,58,right,7.296035,-9.491183,-0.715582
22795,132487057897,58,right,7.278617,-9.477475,-0.706161
22796,132487076716,58,right,7.266998,-9.465425,-0.697309
22797,132487095405,58,right,7.255118,-9.454270,-0.691657
22798,132487114029,58,right,7.235864,-9.423231,-0.679735
22799,132487132864,58,right,7.231190,-9.404860,-0.673474
22800,132487151235,58,right,7.231481,-9.387398,-0.670457
22801,132487170151,58,right,7.211390,-9.383689,-0.670862
22802,132487189666,58,right,7.182594,-9.392400,-0.671952
22803,132487208264,58,right,7.169048,-9.395781,-0.669210
22804,132487226704,58,right,7.159178,-9.415505,-0.670403
22805,132487245409,58,right,7.152543,-9.446397,-0.669111
22806,132487264286,58,right,7.142960,-9.490605,-0.668017
22807,132487282356,58,right,7.133769,-9.536619,-0.664979
22808,132487300919,58,right,7.133638,-9.578269,-0.664752
22809,132487319594,58,right,7.146799,-9.610487,-0.667374
22810,132487338392,58,right,7.151163,-9.627738,-0.673609
22811,132487357016,58,right,7.142406,-9.635565,-0.677967
22812,132487375582,58,right,7.137330,-9.635097,-0.680585
22813,132487394083,58,right,7.134173,-9.636827,-0.680070
22814,132487412265,58,right,7.120482,-9.642745,-0.678139
22815,132487430808,58,right,7.102718,-9.651198,-0.675076
22816,132487450192,58,right,7.098936,-9.661972,-0.670440
22817,132487468782,58,right,7.098153,-9.672965,-0.664366
22818,132487487243,58,right,7.094058,-9.685574,-0.649345
22819,132487505929,58,right,7.093073,-9.698614,-0.638684
22820,132487524940,58,right,7.088325,-9.713258,-0.627177
22821,132487543654,58,right,7.080457,-9.723001,-0.616848
22822,132487562212,58,right,7.062405,-9.669915,-0.638516
22823,132487580685,58,right,6.861203,-9.549817,-0.729495
22824,132487599568,58,right,6.735720,-9.285262,-0.862462
22825,132487618216,58,right,6.532913,-8.829195,-1.686510
22826,132487637074,58,right,6.056112,-7.972347,-3.741642
22827,132487655613,58,right,5.840368,-7.295799,-5.868410
22828,132487673476,58,right,5.644766,-6.493136,-7.671156
22829,132487692126,58,right,5.375526,-5.528887,-9.469124
22830,132487711360,58,right,5.252389,-4.630379,-11.269794
22831,132487730109,58,right,5.470825,-3.941484,-13.062519
22832,132487748804,58,right,6.113759,-3.400229,-14.554429
22833,132487767307,58,right,6.549896,-2.811136,-15.439577
22834,132487785555,58,right,6.564429,-2.053595,-16.328463
22835,132487804328,58,right,6.670833,-1.341474,-16.924461
22836,132487822674,58,right,6.714430,-0.766549,-17.283144
22837,132487841486,58,right,6.865694,-0.408934,-17.537865
22838,132487860151,58,right,6.915672,-0.091639,-17.747232
22839,132487879151,58,right,6.989896,0.215669,-17.973415
22840,132487897570,58,right,7.035041,0.413582,-18.186291
22841,132487915644,58,right,7.167231,0.615450,-18.472841
22842,132487934490,58,right,7.222646,0.786170,-18.613071
22843,132487952480,58,right,7.190428,0.938592,-18.724276
22844,132487972420,58,right,7.127161,1.055372,-18.767195
22845,132487991182,58,right,7.030390,1.160175,-18.773493
22846,132488010052,58,right,6.962448,1.224741,-18.778095
22847,132488029133,58,right,6.960223,1.223438,-18.776062
22848,132488047036,58,right,6.938831,1.201339,-18.772871
22849,132488065752,58,right,6.948303,1.168615,-18.774828
22850,132488084352,58,right,6.950605,1.173896,-18.771082
22851,132488103276,58,right,6.941200,1.183582,-18.754017
22852,132488121801,58,right,6.935619,1.182544,-18.738289
22853,132488140183,58,right,6.936594,1.183567,-18.722090
22854,132488158466,58,right,6.929214,1.178750,-18.696203
22855,132488176798,58,right,6.921586,1.175382,-18.669752
22856,132488195639,58,right,6.899391,1.182795,-18.634741
22857,132488214174,58,right,6.902528,1.184224,-18.607960
22858,132488233575,58,right,6.913036,1.183679,-18.590853
22859,132488252276,58,right,6.904433,1.172685,-18.575338
22860,132488270795,58,right,6.888440,1.136123,-18.554348
22861,132488289083,58,right,6.876488,1.096803,-18.536098
22862,132488307794,58,right,6.886151,1.055705,-18.521370
22863,132488326629,58,right,6.921078,1.011236,-18.506699
22864,132488345072,58,right,6.958411,0.948694,-18.484997
22865,132488363682,58,right,6.997408,0.892995,-18.458439
22866,132488381915,58,right,7.052461,0.834115,-18.377411
22867,132488400450,58,right,7.193692,0.789004,-17.912529
22868,132488419163,58,right,7.131437,0.891803,-17.308443
22869,132488437548,58,right,7.069302,0.949123,-16.748022
22870,132488455956,58,right,7.063012,0.924686,-16.210014
22871,132488474818,58,right,6.997142,0.829688,-15.324336
22872,132488495164,58,right,6.703500,0.763436,-14.108074
22873,132488513827,58,right,6.828905,0.394406,-12.054970
22874,132488532653,58,right,6.848992,0.097426,-10.059993
22875,132488552071,58,right,6.771321,-0.265368,-8.120759
22876,132488570789,58,right,6.562600,-0.655317,-6.183109
22877,132488588816,58,right,6.743443,-0.943698,-4.340216
22878,132488607524,58,right,6.844562,-1.409351,-2.083062
22879,132488625993,58,right,7.319772,-2.135126,1.588332
22880,132488644919,58,right,7.638084,-2.800177,4.253321
22881,132488663176,58,right,7.396307,-4.017567,6.676329
22882,132488682054,58,right,7.416529,-4.842282,8.507750
22883,132488700676,58,right,7.593030,-5.437828,10.006045
22884,132488719240,58,right,8.063963,-5.956971,11.190891
22885,132488737712,58,right,8.404268,-6.557588,12.386066
22886,132488756424,58,right,8.284425,-7.577646,13.659760
22887,132488774964,58,right,8.205799,-8.674668,15.021199
22888,132488793894,58,right,8.205140,-9.469116,15.922357
22889,132488812401,58,right,8.233218,-10.161497,16.601948
22890,132488830921,58,right,8.212105,-10.757204,17.104773
22891,132488849155,58,right,8.244252,-11.178709,17.446663
22892,132488867330,58,right,8.328071,-11.477665,17.748232
22893,132488886329,58,right,8.444116,-11.718850,17.817886
22894,132488904922,58,right,8.624055,-11.917280,17.861568
22895,132488923713,58,right,8.845665,-12.031629,17.946634
22896,132488942544,58,right,8.987416,-12.027016,18.150215
22897,132488961468,58,right,9.077109,-12.074674,18.352980
22898,132488980041,58,right,9.114202,-12.177305,18.523922
22899,132488998500,58,right,9.082716,-12.411306,18.612402
22900,132489016675,58,right,9.053436,-12.696328,18.692820
22901,132489035386,58,right,9.010057,-12.979696,18.836889
22902,132489054193,58,right,8.866931,-13.341904,18.980461
22903,132489072736,58,right,8.741077,-13.699425,19.077719
22904,132489091312,58,right,8.592780,-14.056431,19.153852
22905,132489110504,58,right,8.456844,-14.363122,19.225229
22906,132489129082,58,right,8.387314,-14.616219,19.288889
22907,132489148080,58,right,8.272443,-14.831432,19.327160
22908,132489167720,58,right,8.147031,-15.044162,19.339426
22909,132489187103,58,right,8.054725,-15.236886,19.340139
22910,132489206365,58,right,7.983942,-15.439703,19.333908
22911,132489227472,58,right,7.898595,-15.576725,19.324478
22912,132489247565,58,right,7.812255,-15.691070,19.310303
22913,132489267302,58,right,7.705426,-15.818398,19.292742
22914,132489287472,58,right,7.623385,-15.918704,19.267025
22915,132489305787,58,right,7.543517,-15.999587,19.245522
22916,132489325452,58,right,7.458247,-16.061394,19.230253
22917,132489344055,58,right,7.384284,-16.097757,19.218601
22918,132489363222,58,right,7.291856,-16.147707,19.204912
22919,132489382741,58,right,7.218822,-16.187515,19.190077
22920,132489401570,58,right,7.124923,-16.242653,19.165665
22921,132489420844,58,right,7.070751,-16.295073,19.144146
22922,132489440165,58,right,6.973878,-16.407259,19.120724
22923,132489458717,58,right,6.933782,-16.607639,19.093380
22924,132489477209,58,right,7.054120,-16.778730,19.079653
22925,132489496045,58,right,7.208357,-16.870338,19.041988
22926,132489515218,58,right,7.294188,-16.913528,18.881990
22927,132489534071,58,right,7.375032,-16.891998,18.574358
22928,132489553725,58,right,7.510139,-16.670395,17.901934
22929,132489572748,58,right,7.692006,-16.462194,16.915203
22930,132489591080,58,right,7.880461,-16.120909,15.742887
22931,132489609325,58,right,8.242914,-15.454844,14.260881
22932,132489628127,58,right,8.559725,-14.595830,12.520426
22933,132489646859,58,right,8.746531,-13.628117,10.686766
22934,132489666134,58,right,8.971179,-12.686136,7.970799
22935,132489684884,58,right,8.635173,-12.477601,5.768703
22936,132489704080,58,right,8.391352,-12.021799,3.710866
22937,132489723090,58,right,8.441056,-11.120212,1.711957
22938,132489741877,58,right,8.705135,-10.059111,-0.588353
22939,132489760590,58,right,8.955574,-9.134053,-2.724062
22940,132489779479,58,right,9.324342,-8.357327,-5.410027
22941,132489798098,58,right,9.556374,-7.867297,-7.427525
22942,132489817423,58,right,9.504785,-7.450144,-9.429809
22943,132489836986,58,right,9.331373,-7.070259,-11.048130
22944,132489855727,58,right,9.343356,-6.859100,-12.393278
22945,132489874739,58,right,9.193708,-6.437782,-13.557778
22946,132489893339,58,right,9.101097,-6.051898,-14.748768
22947,132489911339,58,right,9.005451,-5.717918,-15.534011
22948,132489930164,58,right,8.950964,-5.389464,-16.131203
22949,132489948489,58,right,8.918527,-5.092276,-16.753326
22950,132489967065,58,right,9.115986,-4.861443,-17.148603
22951,132489986046,58,right,9.173280,-4.680604,-17.445347
22952,132490004609,58,right,9.304933,-4.485731,-17.630550
22953,132490023730,58,right,9.434887,-4.235286,-17.885788
22954,132490042184,58,right,9.483351,-4.040450,-18.056128
22955,132490060416,58,right,9.476699,-3.827250,-18.150949
22956,132490080093,58,right,9.455067,-3.599895,-18.257473
22957,132490098579,58,right,9.412448,-3.402877,-18.288155
22958,132490117217,58,right,9.342797,-3.270344,-18.299772
22959,132490135946,58,right,9.293397,-3.160971,-18.319321
22960,132490154792,58,right,9.253435,-3.054442,-18.322918
22961,132490173747,58,right,9.235489,-2.989296,-18.312349
22962,132490192628,58,right,9.195552,-2.901960,-18.297152
22963,132490211738,58,right,9.134278,-2.813910,-18.267969
22964,132490230478,58,right,9.083111,-2.728147,-18.228188
22965,132490249368,58,right,9.047149,-2.658645,-18.193830
22966,132490268259,58,right,9.019813,-2.599181,-18.164516
22967,132490286974,58,right,8.989977,-2.534361,-18.139559
22968,132490305869,58,right,8.972859,-2.477206,-18.118982
22969,132490324402,58,right,8.951340,-2.430976,-18.098734
22970,132490342641,58,right,8.931432,-2.406874,-18.073963
22971,132490361223,58,right,8.907693,-2.380275,-18.054760
22972,132490380099,58,right,8.878386,-2.357143,-18.038727
22973,132490398560,58,right,8.858841,-2.356882,-18.029179
22974,132490417591,58,right,8.844146,-2.359177,-18.022524
22975,132490436377,58,right,8.835281,-2.361372,-18.018148
22976,132490454338,58,right,8.821959,-2.359098,-18.009384
22977,132490473028,58,right,8.810802,-2.349553,-17.997673
22978,132490491353,58,right,8.800305,-2.341182,-17.988503
22979,132490509533,58,right,8.782626,-2.331614,-17.979885
22980,132490528133,58,right,8.766572,-2.332247,-17.969835
22981,132490546970,58,right,8.751027,-2.335535,-17.956745
22982,132490566290,58,right,8.724325,-2.345679,-17.930101
22983,132490585156,58,right,8.715705,-2.361512,-17.900846
22984,132490604650,58,right,8.735574,-2.381979,-17.858541
22985,132490623396,58,right,8.727676,-2.401708,-17.776995
22986,132490641629,58,right,8.682673,-2.450167,-17.652607
22987,132490660998,58,right,8.654841,-2.491039,-17.426254
22988,132490679670,58,right,8.588979,-2.532812,-17.103502
22989,132490698774,58,right,8.704383,-2.691791,-16.566214
22990,132490717233,58,right,8.508801,-2.847266,-15.869512
22991,132490735959,58,right,8.269533,-2.989058,-15.021958
22992,132490755017,58,right,7.938922,-3.119622,-13.792617
22993,132490773715,58,right,7.516953,-3.634373,-12.261716
22994,132490792777,58,right,6.701718,-3.963012,-10.457503
22995,132490811767,58,right,6.478456,-4.383777,-8.155238
22996,132490830945,58,right,6.343064,-4.766279,-6.302541
22997,132490849743,58,right,6.504606,-5.191660,-4.513446
22998,132490868186,58,right,6.578136,-5.714005,-2.494182
22999,132490887350,58,right,6.978310,-6.179540,0.352644
23000,132490906012,58,right,7.291702,-6.772899,3.212267
23001,132490924763,58,right,7.329676,-8.040433,6.544991
23002,132490943551,58,right,7.309412,-9.278617,8.672956
23003,132490962097,58,right,7.562555,-10.470126,10.176147
23004,132490980819,58,right,8.036173,-11.484494,11.410557
23005,132490999644,58,right,8.300513,-12.486602,12.539701
23006,132491018694,58,right,8.328742,-13.123203,13.536506
23007,132491037533,58,right,8.234234,-13.826780,14.347587
23008,132491055895,58,right,8.283679,-14.560885,15.127687
23009,132491074218,58,right,8.205142,-15.312380,15.657528
23010,132491092397,58,right,8.118093,-15.918756,16.006308
23011,132491111152,58,right,8.294649,-16.266195,16.279497
23012,132491129828,58,right,8.350576,-16.523584,16.552181
23013,132491148886,58,right,8.412234,-16.720455,16.775146
23014,132491167495,58,right,8.581957,-16.916220,16.861675
23015,132491186110,58,right,8.670077,-17.145912,17.098269
23016,132491204526,58,right,8.791362,-17.342010,17.305609
23017,132491222854,58,right,8.825895,-17.545816,17.526480
23018,132491241602,58,right,8.867611,-17.716227,17.713165
23019,132491260161,58,right,8.917323,-17.851274,17.842115
23020,132491278959,58,right,8.967628,-17.982592,17.942926
23021,132491297012,58,right,9.068267,-18.099100,17.989183
23022,132491315018,58,right,9.145136,-18.201029,18.081402
23023,132491333537,58,right,9.170918,-18.333376,18.146921
23024,132491352142,58,right,9.268904,-18.399698,18.214275
23025,132491370725,58,right,9.333797,-18.437922,18.260693
23026,132491389488,58,right,9.395500,-18.477541,18.287212
23027,132491407979,58,right,9.450592,-18.539326,18.309343
23028,132491426785,58,right,9.532364,-18.610155,18.308998
23029,132491445472,58,right,9.577330,-18.683447,18.308670
23030,132491463862,58,right,9.579012,-18.759184,18.313959
23031,132491482502,58,right,9.564379,-18.833677,18.318203
23032,132491501049,58,right,9.563770,-18.896797,18.321638
23033,132491519811,58,right,9.528240,-18.973080,18.319202
23034,132491539420,58,right,9.504394,-18.999607,18.322445
23035,132491557831,58,right,9.482645,-19.029633,18.318188
23036,132491576543,58,right,9.464137,-19.043425,18.314251
23037,132491594905,58,right,9.446306,-19.050392,18.298426
23038,132491613317,58,right,9.433498,-19.065733,18.278767
23039,132491632111,58,right,9.389432,-19.111069,18.248098
23040,132491650793,58,right,9.348598,-19.157349,18.203241
23041,132491670152,58,right,9.354725,-19.113625,18.148394
23042,132491688499,58,right,9.404927,-18.972805,18.037111
23043,132491706745,58,right,9.501140,-18.740229,17.891491
23044,132491725644,58,right,9.702482,-18.558491,17.686144
23045,132491744076,58,right,10.267074,-18.158367,17.480122
23046,132491763200,58,right,11.159362,-17.637720,17.128239
23047,132491781956,58,right,12.555420,-16.914919,16.525497
23048,132491802130,58,right,16.612314,-14.605680,14.962868
23049,132491822428,58,right,21.235624,-11.837343,13.284736
23050,132491843048,58,right,28.069572,-9.182655,10.616094
23051,132491861771,58,right,34.684338,-7.840610,8.695199
23052,132491880576,58,right,43.445179,-6.766076,6.693245
23053,132491899708,58,right,50.657547,-5.545002,5.201846
23054,132491918119,58,right,56.710579,-4.305718,4.076690
23055,132491937163,58,right,63.542599,-3.188615,2.788037
23056,132491955861,58,right,72.278412,-2.823959,1.276071
23057,132491974557,58,right,78.945908,-2.624824,-0.368528
23058,132491993393,58,right,84.063377,-2.503421,-2.586072
23059,132492012181,58,right,88.663101,-2.449562,-4.501783
23060,132492030393,58,right,92.481941,-2.313662,-6.615520
23061,132492049514,58,right,95.536995,-2.018229,-8.400475
23062,132492068565,58,right,99.237373,-2.188204,-10.529568
23063,132492087402,58,right,100.925980,-2.145331,-12.470665
23064,132492105936,58,right,102.437859,-2.189523,-14.104441
23065,132492125242,58,right,103.526917,-2.197017,-15.393969
23066,132492143834,58,right,104.407707,-2.175633,-16.395767
23067,132492162167,58,right,105.066788,-2.084859,-17.131687
23068,132492181204,58,right,105.620308,-1.928930,-17.745829
23069,132492200918,58,right,106.142609,-1.741251,-18.318806
23070,132492219896,58,right,106.559738,-1.591315,-18.741060
23071,132492239147,58,right,106.872025,-1.447654,-18.990080
23072,132492258741,58,right,107.079300,-1.297106,-19.150778
23073,132492277610,58,right,107.288475,-1.145323,-19.288622
23074,132492296603,58,right,107.502617,-0.994043,-19.479242
23075,132492315559,58,right,107.759193,-0.870002,-19.647995
23076,132492334981,58,right,107.855545,-0.703283,-19.775410
23077,132492354729,58,right,107.954620,-0.502652,-19.892246
23078,132492373786,58,right,107.986115,-0.358654,-19.989964
23079,132492392129,58,right,107.999855,-0.265533,-20.082855
23080,132492410876,58,right,108.031342,-0.194640,-20.146557
23081,132492429755,58,right,108.051636,-0.142107,-20.189421
23082,132492448420,58,right,108.061249,-0.098994,-20.214926
23083,132492467261,58,right,108.087318,-0.057805,-20.219059
23084,132492485702,58,right,108.107506,-0.016351,-20.207750
23085,132492503646,58,right,108.128487,0.020275,-20.198517
23086,132492521964,58,right,108.158981,0.055264,-20.191359
23087,132492540072,58,right,108.191254,0.087571,-20.175816
23088,132492558859,58,right,108.231689,0.111226,-20.147375
23089,132492577773,58,right,108.272812,0.128246,-20.119825
23090,132492596148,58,right,108.306587,0.143485,-20.101076
23091,132492614409,58,right,108.368439,0.144776,-20.087263
23092,132492633206,58,right,108.453979,0.129158,-20.083303
23093,132492652409,58,right,108.507919,0.116501,-20.069340
23094,132492670811,58,right,108.547325,0.102310,-20.069689
23095,132492690443,58,right,108.589409,0.094513,-20.093014
23096,132492709308,58,right,108.635025,0.080525,-20.103746
23097,132492727813,58,right,108.686737,0.062504,-20.106262
23098,132492745850,58,right,108.734871,0.050096,-20.124088
23099,132492764304,58,right,108.773369,0.041406,-20.157839
23100,132492783381,58,right,108.804176,0.037738,-20.200506
23101,132492801898,58,right,108.833038,0.036570,-20.237547
23102,132492821045,58,right,108.874977,0.036537,-20.267597
23103,132492840350,58,right,108.929695,0.023416,-20.328133
23104,132492859910,58,right,108.993729,0.004641,-20.398977
23105,132492878424,58,right,109.070869,-0.020519,-20.472782
23106,132492897020,58,right,109.130440,-0.035543,-20.527637
23107,132492915924,58,right,109.181183,-0.048537,-20.574430
23108,132492934530,58,right,109.231697,-0.054567,-20.611353
23109,132492953795,58,right,109.279793,-0.067784,-20.653299
23110,132492972429,58,right,109.330658,-0.085385,-20.712641
23111,132492991116,58,right,109.375153,-0.102675,-20.767405
23112,132493009634,58,right,109.409996,-0.119156,-20.818396
23113,132493028568,58,right,109.396721,-0.136352,-20.886997
23114,132493047550,58,right,109.294807,-0.147562,-20.928621
23115,132493065923,58,right,109.000946,-0.257304,-20.791307
23116,132493084785,58,right,108.651901,-0.401864,-20.580833
23117,132493102949,58,right,107.984894,-0.487035,-20.319208
23118,132493121659,58,right,106.817085,-0.368654,-19.890163
23119,132493140419,58,right,105.269936,-0.020982,-19.223307
23120,132493159491,58,right,103.518166,0.269529,-18.331894
23121,132493178702,58,right,99.626610,1.337822,-17.164108
23122,132493197396,58,right,96.129448,1.861910,-16.116076
23123,132493217459,58,right,92.301857,2.104972,-15.122081
23124,132493235883,58,right,88.409569,2.493422,-14.601007
23125,132493254555,58,right,83.762245,2.569162,-13.865780
23126,132493273526,58,right,78.515404,2.505860,-12.737246
23127,132493292533,58,right,70.973419,2.126951,-10.690347
23128,132493310863,58,right,63.502819,1.787017,-9.246907
23129,132493329516,58,right,56.683109,1.233942,-8.258023
23130,132493347924,58,right,51.704887,0.181037,-7.456556
23131,132493366417,58,right,46.857254,-0.410237,-7.176842
23132,132493385111,58,right,42.906662,-1.486144,-6.805200
23133,132493403930,58,right,38.172745,-2.427979,-6.662477
23134,132493422666,58,right,33.437973,-3.297906,-6.554148
23135,132493441255,58,right,28.901026,-3.760607,-6.124724
23136,132493459781,58,right,25.124483,-3.741183,-5.849775
23137,132493479060,58,right,22.446505,-4.079604,-5.525265
23138,132493497670,58,right,19.602549,-4.412458,-5.063876
23139,132493516143,58,right,16.858471,-4.255946,-4.809132
23140,132493534426,58,right,13.840347,-4.203020,-4.393107
23141,132493552759,58,right,11.593851,-4.117690,-4.026315
23142,132493571301,58,right,9.870033,-4.131408,-3.689639
23143,132493589523,58,right,8.523722,-4.165267,-3.389670
23144,132493608274,58,right,7.372218,-4.227786,-3.152939
23145,132493627288,58,right,6.525770,-4.221163,-2.919436
23146,132493646066,58,right,5.865006,-4.210526,-2.713384
23147,132493664677,58,right,5.459849,-4.122756,-2.520779
23148,132493682925,58,right,5.156779,-4.092445,-2.388709
23149,132493701666,58,right,4.912766,-4.083452,-2.273209
23150,132493722947,58,right,4.753131,-3.998318,-2.154742
23151,132493742310,58,right,4.513909,-3.870358,-2.000860
23152,132493761093,58,right,4.307525,-3.802666,-1.891582
23153,132493779884,58,right,4.107372,-3.763417,-1.786704
23154,132493798785,58,right,3.976790,-3.648108,-1.700060
23155,132493817765,58,right,3.882665,-3.503129,-1.633293
23156,132493836926,58,right,3.858793,-3.286391,-1.576387
23157,132493854814,58,right,3.803481,-3.050272,-1.491876
23158,132493873587,58,right,3.725442,-2.888305,-1.416325
23159,132493892428,58,right,3.590389,-2.746146,-1.328585
23160,132493911430,58,right,3.481416,-2.563353,-1.229617
23161,132493930246,58,right,3.401550,-2.409664,-1.145293
23162,132493949782,58,right,3.319922,-2.299551,-1.057350
23163,132493968629,58,right,3.242981,-2.199382,-0.953475
23164,132493987620,58,right,3.148054,-2.080073,-0.847128
23165,132494005857,58,right,3.083624,-1.982473,-0.748655
23166,132494024565,58,right,3.019171,-1.872700,-0.664174
23167,132494043758,58,right,2.943163,-1.786675,-0.581816
23168,132494063037,58,right,2.872218,-1.710706,-0.504959
23169,132494081952,58,right,2.789622,-1.669161,-0.443126
23170,132494100535,58,right,2.710844,-1.667345,-0.392253
23171,132494118604,58,right,2.642502,-1.675310,-0.334691
23172,132494137949,58,right,2.587459,-1.685451,-0.294748
23173,132494156683,58,right,2.541610,-1.694244,-0.258386
23174,132494175859,58,right,2.516058,-1.706597,-0.238392
23175,132494194529,58,right,2.493617,-1.716052,-0.217415
23176,132494212965,58,right,2.476362,-1.726786,-0.203353
23177,132494231007,58,right,2.477575,-1.725804,-0.196056
23178,132494250263,58,right,2.472519,-1.727541,-0.189066
23179,132494269213,58,right,2.466525,-1.732634,-0.182111
23180,132494287400,58,right,2.456030,-1.748251,-0.177583
23181,132494305820,58,right,2.461411,-1.790867,-0.183232
23182,132494324033,58,right,2.467457,-1.840628,-0.188728
23183,132494343517,58,right,2.475125,-1.887740,-0.191596
23184,132494364193,58,right,2.479446,-1.933058,-0.187386
23185,132494384067,58,right,2.473085,-1.983044,-0.176776
23186,132494402620,58,right,2.456134,-2.036526,-0.159456
23187,132494421414,58,right,2.396969,-2.079910,-0.118424
23188,132494439868,58,right,2.163893,-2.153841,-0.000394
23189,132494458217,58,right,1.815695,-2.140275,0.234943
23190,132494476810,58,right,1.212799,-1.907159,0.659133
23191,132494495557,58,right,0.402743,-1.475353,1.311338
23192,132494514812,58,right,-1.163011,-1.010418,2.192909
23193,132494533319,58,right,-2.332714,-0.645625,3.132667
23194,132494551970,58,right,-3.816482,-0.698172,3.860489
23195,132494570457,58,right,-5.410570,-1.156572,4.472883
23196,132494588892,58,right,-7.125614,-1.755775,5.061471
23197,132494607465,58,right,-8.658454,-2.477195,5.530340
23198,132494625916,58,right,-9.896258,-2.967261,5.998837
23199,132494644564,58,right,-11.839067,-3.778934,6.692746
23200,132494663684,58,right,-13.194072,-4.112967,7.577330
23201,132494682344,58,right,-14.722320,-4.799621,8.383855
23202,132494700800,58,right,-16.256878,-5.688618,9.123055
23203,132494719945,58,right,-17.285997,-6.295551,9.797126
23204,132494739046,58,right,-18.329277,-6.855653,10.365105
23205,132494759895,58,right,-19.484322,-7.473805,11.053527
23206,132494778508,58,right,-20.280230,-7.982377,11.694685
23207,132494797569,58,right,-20.786888,-8.657004,12.322474
23208,132494816994,58,right,-21.389177,-9.204275,13.024222
23209,132494835810,58,right,-22.576843,-10.170774,13.758639
23210,132494854682,58,right,-23.406073,-10.563826,14.466372
23211,132494873084,58,right,-24.084045,-10.767292,15.102037
23212,132494892333,58,right,-24.750603,-10.870069,15.646230
23213,132494910690,58,right,-25.331915,-11.069072,16.106741
23214,132494929308,58,right,-25.896152,-11.382191,16.545893
23215,132494948231,58,right,-26.950661,-11.869472,17.029690
23216,132494966916,58,right,-27.854698,-12.280228,17.462933
23217,132494985396,58,right,-28.606390,-12.616534,17.766018
23218,132495004290,58,right,-29.323759,-12.945730,17.930920
23219,132495023773,58,right,-30.029720,-13.187440,18.084475
23220,132495042745,58,right,-30.710434,-13.459064,18.204590
23221,132495062172,58,right,-31.678204,-13.847363,18.273146
23222,132495080830,58,right,-32.540527,-14.227512,18.217340
23223,132495100486,58,right,-33.224957,-14.472697,18.201488
23224,132495119558,58,right,-33.750664,-14.661613,18.189989
23225,132495138723,58,right,-34.311909,-14.864763,18.218683
23226,132495157825,58,right,-34.698952,-14.921676,18.239279
23227,132495177747,58,right,-35.066998,-14.941340,18.257034
23228,132495197128,58,right,-35.359043,-14.885401,18.290253
23229,132495215937,58,right,-35.601475,-14.797636,18.346815
23230,132495234616,58,right,-35.756618,-14.662424,18.404667
23231,132495253617,58,right,-35.881790,-14.545335,18.445501
23232,132495272579,58,right,-35.976028,-14.450418,18.470455
23233,132495292469,58,right,-36.026112,-14.340137,18.503191
23234,132495311307,58,right,-36.011978,-14.238411,18.538532
23235,132495330336,58,right,-35.997257,-14.143803,18.567226
23236,132495349532,58,right,-36.000645,-14.054485,18.575880
23237,132495368897,58,right,-36.020966,-13.985664,18.581284
23238,132495387738,58,right,-36.016899,-13.887254,18.580563
23239,132495406076,58,right,-35.968178,-13.795279,18.579777
23240,132495424658,58,right,-35.880566,-13.646414,18.603729
23241,132495442905,58,right,-35.756325,-13.497499,18.639277
23242,132495461228,58,right,-35.521481,-13.253819,18.740086
23243,132495480132,58,right,-35.162525,-12.874032,18.848492
23244,132495498852,58,right,-34.464508,-12.311200,18.899338
23245,132495517753,58,right,-33.241615,-11.626801,18.979191
23246,132495536197,58,right,-31.722132,-10.597270,19.067904
23247,132495554738,58,right,-29.107632,-9.059675,18.961498
23248,132495573842,58,right,-27.262173,-8.121955,18.779837
23249,132495592571,58,right,-25.384983,-7.339584,18.491779
23250,132495610968,58,right,-23.906019,-6.684752,17.999784
23251,132495629942,58,right,-22.823647,-6.393138,17.534132
23252,132495648539,58,right,-21.331194,-5.802775,17.253862
23253,132495666927,58,right,-19.423800,-4.795632,17.005375
23254,132495685798,58,right,-17.528889,-3.554098,16.465933
23255,132495704656,58,right,-16.262611,-2.553675,15.971265
23256,132495723431,58,right,-15.004858,-1.869201,15.489653
23257,132495742272,58,right,-13.472793,-0.875795,14.873323
23258,132495760813,58,right,-11.911469,-0.120367,13.933376
23259,132495779620,58,right,-10.272113,0.534071,12.950118
23260,132495797970,58,right,-8.815179,1.067255,12.058147
23261,132495816764,58,right,-7.804295,1.371141,11.243397
23262,132495835443,58,right,-6.959392,1.418318,10.504667
23263,132495854423,58,right,-6.177022,1.076152,9.708132
23264,132495873315,58,right,-5.467376,0.559188,8.831881
23265,132495892364,58,right,-4.689620,0.209050,7.983376
23266,132495911106,58,right,-3.883698,-0.006508,7.173053
23267,132495929581,58,right,-3.051708,-0.117139,6.499081
23268,132495948636,58,right,-2.374543,-0.240668,5.944201
23269,132495967607,58,right,-1.726609,-0.397260,5.476575
23270,132495986575,58,right,-1.244273,-0.611255,5.111926
23271,132496005107,58,right,-0.837156,-0.771673,4.781694
23272,132496023897,58,right,-0.318690,-0.894440,4.535180
23273,132496042273,58,right,0.065509,-1.028396,4.311676
23274,132496060668,58,right,0.370506,-1.147340,4.120082
23275,132496079063,58,right,0.652724,-1.293876,3.888120
23276,132496097610,58,right,0.961594,-1.505420,3.642224
23277,132496116853,58,right,1.186969,-1.823428,3.379915
23278,132496135746,58,right,1.371855,-2.121817,3.130291
23279,132496154075,58,right,1.467732,-2.402372,2.972521
23280,132496172549,58,right,1.539496,-2.646005,2.871858
23281,132496190473,58,right,1.619731,-2.808246,2.776799
23282,132496208828,58,right,1.715426,-2.952573,2.699856
23283,132496227239,58,right,1.725515,-3.128213,2.623456
23284,132496246095,58,right,1.732914,-3.245034,2.578428
23285,132496265047,58,right,1.667402,-3.306022,2.573378
23286,132496283850,58,right,1.594276,-3.363499,2.587082
23287,132496302446,58,right,1.499220,-3.428041,2.599314
23288,132496321458,58,right,1.402707,-3.499315,2.597826
23289,132496340259,58,right,1.309460,-3.591690,2.580633
23290,132496358804,58,right,1.267861,-3.652716,2.571153
23291,132496377740,58,right,1.224482,-3.713707,2.566092
23292,132496396812,58,right,1.195649,-3.755629,2.565724
23293,132496415238,58,right,1.183427,-3.787736,2.561413
23294,132496433350,58,right,1.185883,-3.805732,2.552295
23295,132496451591,58,right,1.243675,-3.777056,2.547212
23296,132496470281,58,right,1.371815,-3.700838,2.539566
23297,132496489683,58,right,1.623943,-3.581848,2.542562
23298,132496508631,58,right,2.401216,-3.420032,2.475257
23299,132496527576,58,right,3.477531,-3.415775,2.283158
23300,132496545710,58,right,5.080747,-3.333708,1.994181
23301,132496563710,58,right,7.585411,-3.074431,1.547555
23302,132496582477,58,right,10.253464,-2.902608,1.097053
23303,132496601377,58,right,14.264786,-2.690397,0.352776
23304,132496621033,58,right,19.082975,-2.192179,-0.673206
23305,132496639520,58,right,25.995127,-2.307163,-2.153998
23306,132496657845,58,right,32.004688,-2.296726,-3.582358
23307,132496676384,58,right,38.295509,-2.230694,-4.690945
23308,132496694947,58,right,44.132854,-2.591774,-5.291578
23309,132496713962,58,right,48.570869,-2.356302,-5.744911
23310,132496731957,58,right,53.013294,-1.992575,-5.944489
23311,132496750816,58,right,57.066544,-1.500380,-5.955125
23312,132496769263,58,right,61.109482,-0.927561,-6.139329
23313,132496787555,58,right,64.511230,-0.281488,-6.251134
23314,132496806331,58,right,68.385277,0.202318,-6.430160
23315,132496825083,58,right,72.258934,0.538588,-6.769347
23316,132496843880,58,right,75.910385,0.990825,-7.109989
23317,132496862773,58,right,79.421051,1.044297,-7.958399
23318,132496881618,58,right,83.292267,1.059108,-8.614692
23319,132496899817,58,right,85.913315,1.306031,-9.167264
23320,132496920787,58,right,87.842842,1.525861,-9.598248
23321,132496941514,58,right,89.669868,1.679953,-9.960686
23322,132496960379,58,right,91.710045,1.868972,-10.260416
23323,132496978723,58,right,92.906815,2.008799,-10.544188
23324,132496996923,58,right,93.925049,2.050205,-10.780833
23325,132497015469,58,right,94.858353,1.995956,-11.035839
23326,132497034272,58,right,95.746262,1.920918,-11.309362
23327,132497052868,58,right,96.493202,1.796781,-11.523717
23328,132497071185,58,right,97.246590,1.729677,-11.727423
23329,132497089754,58,right,98.163818,1.497227,-11.989094
23330,132497108778,58,right,98.902428,1.254425,-12.213572
23331,132497128155,58,right,99.586555,1.030596,-12.384307
23332,132497147550,58,right,100.208443,0.827357,-12.575371
23333,132497166755,58,right,100.678261,0.655503,-12.741024
23334,132497185625,58,right,101.097145,0.515658,-12.897859
23335,132497203995,58,right,101.462334,0.357568,-13.064917
23336,132497222951,58,right,101.810562,0.216161,-13.217136
23337,132497241971,58,right,102.124023,0.101249,-13.361552
23338,132497260471,58,right,102.395836,-0.004568,-13.505706
23339,132497279096,58,right,102.648621,-0.080873,-13.771608
23340,132497297740,58,right,103.051468,-0.248173,-14.010526
23341,132497316135,58,right,103.345627,-0.356101,-14.229299
23342,132497334129,58,right,103.521332,-0.416197,-14.342156
23343,132497352212,58,right,103.624153,-0.448636,-14.430200
23344,132497370452,58,right,103.725838,-0.495336,-14.502576
23345,132497389021,58,right,103.868851,-0.569597,-14.591088
23346,132497408573,58,right,104.030800,-0.650883,-14.706684
23347,132497427455,58,right,104.165298,-0.714432,-14.824515
23348,132497445764,58,right,104.316666,-0.800538,-14.944603
23349,132497464974,58,right,104.431763,-0.874326,-15.030845
23350,132497483735,58,right,104.540283,-0.926126,-15.093723
23351,132497502306,58,right,104.618515,-0.952353,-15.115355
23352,132497521121,58,right,104.708717,-0.987085,-15.137044
23353,132497540169,58,right,104.808319,-1.013149,-15.155865
23354,132497558503,58,right,104.951775,-1.025857,-15.154022
23355,132497577100,58,right,105.053192,-1.022663,-15.160309
23356,132497595506,58,right,105.150017,-1.011320,-15.182260
23357,132497613726,58,right,105.238403,-0.997066,-15.206862
23358,132497631976,58,right,105.327164,-1.006239,-15.219001
23359,132497650368,58,right,105.437912,-1.025798,-15.235313
23360,132497669374,58,right,105.578354,-1.053317,-15.251106
23361,132497687363,58,right,105.738235,-1.078487,-15.265136
23362,132497706424,58,right,105.890862,-1.089804,-15.274939
23363,132497724770,58,right,106.022751,-1.107159,-15.282165
23364,132497742559,58,right,106.148949,-1.119911,-15.281805
23365,132497761254,58,right,106.287514,-1.145522,-15.267899
23366,132497780116,58,right,106.385788,-1.165176,-15.295001
23367,132497799055,58,right,106.442596,-1.177462,-15.341986
23368,132497818180,58,right,106.451645,-1.180275,-15.375875
23369,132497836463,58,right,106.424545,-1.165492,-15.401341
23370,132497855232,58,right,106.384811,-1.149835,-15.409881
23371,132497873560,58,right,106.307457,-1.128495,-15.408293
23372,132497891992,58,right,106.159241,-1.073510,-15.384542
23373,132497910745,58,right,105.875031,-0.946927,-15.322883
23374,132497930001,58,right,105.530807,-0.780751,-15.247341
23375,132497949178,58,right,104.768692,-0.400841,-15.042561
23376,132497968361,58,right,104.091629,-0.125386,-14.892060
23377,132497986761,58,right,103.201149,0.297376,-14.702608
23378,132498006010,58,right,101.644188,0.889471,-14.276857
23379,132498024931,58,right,99.677452,1.546455,-13.814347
23380,132498043904,58,right,96.839737,2.126860,-13.047687
23381,132498063385,58,right,94.775108,2.152867,-12.471799
23382,132498082420,58,right,92.881340,2.128489,-11.951216
23383,132498101967,58,right,91.041039,2.105256,-11.485291
23384,132498121639,58,right,88.420364,2.044072,-10.909659
23385,132498140954,58,right,86.752518,1.886601,-10.438473
23386,132498160387,58,right,84.818886,1.610501,-9.815984
23387,132498179319,58,right,83.080902,1.325626,-9.091323
23388,132498198772,58,right,80.950348,0.971524,-8.232059
23389,132498218144,58,right,77.215630,0.852228,-6.922706
23390,132498237767,58,right,74.469566,0.451094,-5.811466
23391,132498257019,58,right,71.872375,-0.187615,-4.811711
23392,132498277156,58,right,69.334740,-1.024319,-3.958870
23393,132498298000,58,right,66.566483,-1.603440,-3.207351
23394,132498317648,58,right,63.906033,-1.998217,-2.877407
23395,132498337808,58,right,61.276054,-2.516514,-2.509609
23396,132498356785,58,right,58.167118,-3.151309,-2.204687
23397,132498376779,58,right,55.892067,-3.620259,-1.900626
23398,132498396335,58,right,54.089584,-4.299387,-1.643480
23399,132498416153,58,right,52.289658,-5.103884,-1.502520
23400,132498437270,58,right,49.556328,-5.705890,-1.471734
23401,132498457117,58,right,47.217758,-5.811282,-1.599054
23402,132498477183,58,right,44.804138,-6.026546,-1.810761
23403,132498496511,58,right,42.534405,-6.450869,-1.856803
23404,132498515121,58,right,40.832771,-6.699567,-1.982415
23405,132498535224,58,right,38.957615,-6.783742,-2.063907
23406,132498554230,58,right,37.011646,-6.848763,-2.082155
23407,132498573487,58,right,34.379940,-7.154484,-2.091651
23408,132498591870,58,right,32.370995,-7.488993,-2.126814
23409,132498610391,58,right,30.468027,-7.627373,-2.107661
23410,132498628724,58,right,28.453739,-7.368029,-2.086540
23411,132498647512,58,right,26.084558,-7.204604,-1.949193
23412,132498665962,58,right,23.862789,-6.960282,-1.818401
23413,132498684601,58,right,21.991028,-6.653467,-1.708304
23414,132498703269,58,right,20.070984,-6.171316,-1.692971
23415,132498721922,58,right,18.201380,-5.641320,-1.661172
23416,132498740827,58,right,16.339293,-5.206882,-1.507292
23417,132498759880,58,right,14.752159,-4.941225,-1.348381
23418,132498778762,58,right,13.502364,-4.664065,-1.092764
23419,132498797232,58,right,12.419846,-4.260154,-0.794813
23420,132498815961,58,right,10.965259,-3.735998,-0.497555
23421,132498834118,58,right,9.893649,-3.445643,-0.290549
23422,132498852899,58,right,8.797016,-3.347102,-0.102628
23423,132498871479,58,right,7.832114,-3.283044,0.077393
23424,132498890206,58,right,6.801651,-3.358498,0.284557
23425,132498908547,58,right,5.934909,-3.372617,0.500257
23426,132498927492,58,right,5.359321,-3.413218,0.665061
23427,132498947494,58,right,4.963404,-3.420694,0.819495
23428,132498965630,58,right,4.576340,-3.468851,0.953350
23429,132498984609,58,right,4.324243,-3.512865,1.062833
23430,132499003990,58,right,4.036227,-3.583634,1.178057
23431,132499022845,58,right,3.815078,-3.644921,1.265047
23432,132499041384,58,right,3.619777,-3.735142,1.351359
23433,132499060048,58,right,3.484591,-3.874113,1.428735
23434,132499078383,58,right,3.392814,-4.084719,1.492712
23435,132499096600,58,right,3.295158,-4.359402,1.596210
23436,132499115517,58,right,3.157999,-4.652906,1.733329
23437,132499134297,58,right,3.004298,-4.928548,1.882387
23438,132499153679,58,right,2.876342,-5.077341,1.984575
23439,132499173762,58,right,2.815459,-5.122749,2.060143
23440,132499191495,58,right,2.753019,-5.140444,2.121612
23441,132499210303,58,right,2.716345,-5.137856,2.177576
23442,132499229218,58,right,2.687844,-5.140213,2.225253
23443,132499248257,58,right,2.658145,-5.119984,2.267616
23444,132499266888,58,right,2.635991,-5.085673,2.309923
23445,132499285471,58,right,2.611394,-5.053406,2.345147
23446,132499304252,58,right,2.596688,-5.016303,2.380033
23447,132499322756,58,right,2.584408,-4.979403,2.412142
23448,132499341417,58,right,2.579521,-4.923635,2.444542
23449,132499360051,58,right,2.576013,-4.874390,2.475678
23450,132499379019,58,right,2.565613,-4.841892,2.500481
23451,132499397337,58,right,2.550292,-4.806513,2.530031
23452,132499415893,58,right,2.529884,-4.767583,2.559630
23453,132499434676,58,right,2.519901,-4.721520,2.582763
23454,132499453290,58,right,2.506534,-4.694092,2.594835
23455,132499472103,58,right,2.498649,-4.648610,2.608045
23456,132499490907,58,right,2.485138,-4.627603,2.618562
23457,132499510024,58,right,2.476906,-4.608820,2.619356
23458,132499528247,58,right,2.486918,-4.592824,2.608125
23459,132499546793,58,right,2.539754,-4.553827,2.574003
23460,132499566919,58,right,2.640586,-4.481825,2.514438
23461,132499587766,58,right,2.819580,-4.395743,2.424360
23462,132499608253,58,right,3.034201,-4.321032,2.332636
23463,132499627273,58,right,3.259263,-4.226176,2.249896
23464,132499646423,58,right,3.587270,-4.138469,2.151761
23465,132499666018,58,right,4.203563,-4.045382,2.033257
23466,132499685492,58,right,4.833715,-3.900605,1.927600
23467,132499704880,58,right,5.524506,-3.846220,1.823244
23468,132499724155,58,right,6.368874,-3.791316,1.707122
23469,132499743422,58,right,7.970394,-3.608776,1.576620
23470,132499762879,58,right,10.026045,-3.054817,1.470482
23471,132499781758,58,right,11.764196,-2.687910,1.234733
23472,132499800535,58,right,13.383883,-2.365484,1.016923
23473,132499820024,58,right,15.503428,-2.303963,0.658947
23474,132499839244,58,right,19.180496,-2.328130,0.119098
23475,132499858145,58,right,22.408682,-2.349840,-0.409652
23476,132499877238,58,right,25.668171,-2.475493,-1.008695
23477,132499895924,58,right,29.070332,-2.786923,-1.548566
23478,132499914754,58,right,32.376354,-3.075692,-1.920525
23479,132499934261,58,right,36.671566,-3.195859,-2.277297
23480,132499952529,58,right,40.020069,-3.120712,-2.515702
23481,132499971813,58,right,42.837215,-2.730691,-2.446503
23482,132499990349,58,right,45.801720,-2.903377,-2.172371
23483,132500009268,58,right,48.927738,-2.556429,-2.064718
23484,132500029462,58,right,52.486397,-2.189922,-1.723452
23485,132500047851,58,right,55.421860,-1.806835,-1.768059
23486,132500066135,58,right,57.813442,-1.032449,-1.803015
23487,132500084687,58,right,60.387604,-0.344733,-1.667620
23488,132500104054,58,right,63.897617,-0.083435,-1.713578
23489,132500123519,58,right,66.413429,0.396514,-1.973492
23490,132500142146,58,right,69.912903,0.896899,-2.250310
23491,132500160541,58,right,73.407722,1.319166,-2.655319
23492,132500179949,58,right,76.464828,1.774444,-3.370509
23493,132500198472,58,right,79.427422,2.011124,-4.433908
23494,132500217097,58,right,81.818611,2.277576,-5.259149
23495,132500235794,58,right,84.332077,2.437479,-6.056461
23496,132500254522,58,right,85.997406,2.652575,-6.558203
23497,132500273108,58,right,88.616089,2.776999,-7.191652
23498,132500291862,58,right,90.917793,2.898425,-7.829215
23499,132500310768,58,right,92.648338,3.006429,-8.254930
23500,132500329140,58,right,94.192009,3.141177,-8.817644
23501,132500347795,58,right,95.430176,3.221805,-9.217797
23502,132500366243,58,right,96.633339,3.251327,-9.676244
23503,132500385054,58,right,98.366600,3.155189,-10.399645
23504,132500403725,58,right,99.454704,3.121193,-10.949414
23505,132500422519,58,right,100.270638,3.085377,-11.418567
23506,132500441308,58,right,100.868202,3.080174,-11.833097
23507,132500459974,58,right,101.577309,3.089217,-12.266270
23508,132500478664,58,right,102.218567,3.038560,-12.577677
23509,132500497346,58,right,102.982719,2.927321,-12.851274
23510,132500515954,58,right,103.945007,2.806511,-13.171784
23511,132500534904,58,right,104.666847,2.817024,-13.433763
23512,132500554110,58,right,105.172417,2.874512,-13.666381
23513,132500572408,58,right,105.611801,2.966680,-13.849641
23514,132500591640,58,right,106.023819,3.056922,-13.989403
23515,132500610479,58,right,106.397957,3.106952,-14.086859
23516,132500629287,58,right,106.703171,3.172605,-14.174158
23517,132500648039,58,right,106.914841,3.240389,-14.281340
23518,132500666521,58,right,107.095085,3.269145,-14.357055
23519,132500685058,58,right,107.252632,3.291824,-14.447113
23520,132500704303,58,right,107.371780,3.305836,-14.522473
23521,132500722857,58,right,107.470367,3.325304,-14.598491
23522,132500741516,58,right,107.563210,3.345793,-14.654602
23523,132500759754,58,right,107.666252,3.372123,-14.663768
23524,132500778428,58,right,107.733002,3.407018,-14.689222
23525,132500797460,58,right,107.788368,3.449224,-14.706866
23526,132500817968,58,right,107.835968,3.501542,-14.755872
23527,132500838800,58,right,107.877487,3.545666,-14.799644
23528,132500858981,58,right,107.909660,3.592474,-14.829696
23529,132500879594,58,right,107.930939,3.634590,-14.863344
23530,132500901241,58,right,107.962936,3.665009,-14.899553
23531,132500923688,58,right,107.990425,3.690923,-14.932230
23532,132500943464,58,right,108.013199,3.714732,-14.945812
23533,132500965833,58,right,108.039383,3.734007,-14.958172
23534,132500987201,58,right,108.047928,3.747272,-14.977488
23535,132501008032,58,right,108.061638,3.756563,-14.993900
23536,132501027079,58,right,108.079491,3.762133,-15.018007
23537,132501045905,58,right,108.100418,3.761067,-15.040385
23538,132501064321,58,right,108.120285,3.757633,-15.056740
23539,132501083841,58,right,108.130775,3.756826,-15.057583
23540,132501103086,58,right,108.133064,3.752633,-15.058343
23541,132501122568,58,right,108.098457,3.751070,-15.040997
23542,132501141522,58,right,108.050003,3.753451,-15.011968
23543,132501160432,58,right,107.962791,3.756066,-14.998944
23544,132501180281,58,right,107.819984,3.772513,-14.978886
23545,132501199624,58,right,107.575912,3.799778,-14.917674
23546,132501218524,58,right,107.002846,3.914971,-14.741907
23547,132501237440,58,right,106.367661,3.961307,-14.540169
23548,132501255904,58,right,105.703339,4.005174,-14.310823
23549,132501274612,58,right,104.990379,3.999442,-14.075227
23550,132501294154,58,right,104.085205,4.073384,-13.806196
23551,132501312907,58,right,102.725891,4.375523,-13.447715
23552,132501332906,58,right,101.501640,4.548323,-13.073541
23553,132501351858,58,right,100.124825,4.661201,-12.677326
23554,132501371242,58,right,99.106789,4.704586,-12.400105
23555,132501390056,58,right,98.005569,4.797160,-12.133949
23556,132501408565,58,right,96.146690,5.007622,-11.571553
23557,132501426795,58,right,94.914024,5.059470,-11.033150
23558,132501445427,58,right,93.562820,5.149898,-10.610140
23559,132501463702,58,right,92.518799,5.139563,-10.278847
23560,132501483042,58,right,91.363220,5.151702,-9.938612
23561,132501501384,58,right,89.978821,5.120659,-9.632011
23562,132501520248,58,right,88.009766,5.146342,-9.208567
23563,132501538942,58,right,84.869743,5.285041,-8.610393
23564,132501557136,58,right,82.886803,5.035200,-8.146123
23565,132501575969,58,right,80.757706,5.046144,-7.769475
23566,132501598589,58,right,78.013145,4.943687,-7.194638
23567,132501617870,58,right,73.337852,4.661083,-5.743867
23568,132501636463,58,right,69.586830,4.132568,-4.401165
23569,132501654783,58,right,66.125771,3.316559,-3.328337
23570,132501673293,58,right,63.449509,2.309865,-2.476549
23571,132501692144,58,right,60.975002,1.541207,-1.905709
23572,132501710789,58,right,58.424328,1.040757,-1.477365
23573,132501729561,58,right,55.728874,0.086746,-1.122371
23574,132501748239,58,right,53.408680,-0.506911,-0.819206
23575,132501766684,58,right,51.337589,-0.941540,-0.577693
23576,132501785103,58,right,49.350903,-1.460635,-0.306542
23577,132501803588,58,right,47.720036,-2.193534,-0.297435
23578,132501822615,58,right,46.029568,-2.689646,-0.322694
23579,132501842060,58,right,43.674366,-3.011742,-0.351447
23580,132501860905,58,right,41.758595,-2.845464,-0.395097
23581,132501879362,58,right,40.098297,-2.835139,-0.513210
23582,132501898310,58,right,38.503223,-3.042217,-0.602686
23583,132501917429,58,right,36.865402,-3.178563,-0.700314
23584,132501936814,58,right,35.227802,-3.442160,-0.618146
23585,132501955642,58,right,33.202255,-3.433283,-0.525678
23586,132501974691,58,right,31.292770,-3.329096,-0.356451
23587,132501992972,58,right,29.271338,-3.418646,-0.147070
23588,132502011275,58,right,27.222754,-3.519805,0.032102
23589,132502029550,58,right,25.021603,-3.734684,0.271131
23590,132502048526,58,right,23.064615,-3.576271,0.508444
23591,132502067512,58,right,20.937832,-3.112211,0.786105
23592,132502086144,58,right,18.795330,-2.692273,1.088808
23593,132502104521,58,right,16.863701,-2.486292,1.438187
23594,132502123547,58,right,15.413334,-2.343443,1.633388
23595,132502142819,58,right,13.971764,-2.116504,1.953620
23596,132502161050,58,right,12.914302,-1.922241,2.131323
23597,132502179575,58,right,12.169593,-1.708656,2.253303
23598,132502198501,58,right,11.461165,-1.543321,2.421775
23599,132502216815,58,right,10.792383,-1.432091,2.592827
23600,132502234945,58,right,10.132227,-1.445707,2.767285
23601,132502253356,58,right,9.522648,-1.303643,2.973286
23602,132502272168,58,right,8.999277,-1.165001,3.160033
23603,132502290768,58,right,8.424316,-1.019645,3.376363
23604,132502309758,58,right,7.937541,-0.973722,3.581237
23605,132502328791,58,right,7.417748,-0.992810,3.825158
23606,132502347863,58,right,6.939645,-1.015259,4.085156
23607,132502366294,58,right,6.513812,-1.045141,4.323493
23608,132502385903,58,right,6.147481,-1.053160,4.553472
23609,132502405091,58,right,5.756754,-1.104886,4.784968
23610,132502423427,58,right,5.321007,-1.225035,4.995818
23611,132502442667,58,right,4.930543,-1.354217,5.177975
23612,132502461534,58,right,4.569473,-1.439591,5.352825
23613,132502480306,58,right,4.242244,-1.509264,5.503434
23614,132502498818,58,right,3.992984,-1.568633,5.637985
23615,132502517532,58,right,3.795806,-1.601320,5.730356
23616,132502535943,58,right,3.617384,-1.614936,5.835851
23617,132502554405,58,right,3.473315,-1.631717,5.913225
23618,132502573418,58,right,3.325644,-1.647695,5.999141
23619,132502591646,58,right,3.180684,-1.674338,6.069225
23620,132502610712,58,right,3.057048,-1.656584,6.136047
23621,132502629286,58,right,2.965894,-1.641492,6.204245
23622,132502648121,58,right,2.916174,-1.626694,6.262897
23623,132502666349,58,right,2.873349,-1.631705,6.312442
23624,132502685087,58,right,2.849699,-1.644489,6.344690
23625,132502704069,58,right,2.776172,-1.694093,6.366761
23626,132502722348,58,right,2.715541,-1.718456,6.388906
23627,132502741197,58,right,2.658046,-1.747446,6.406549
23628,132502760020,58,right,2.608673,-1.781667,6.422304
23629,132502778229,58,right,2.565373,-1.824035,6.435144
23630,132502796848,58,right,2.523959,-1.863332,6.441788
23631,132502815421,58,right,2.494603,-1.898394,6.441408
23632,132502833820,58,right,2.459143,-1.930352,6.452197
23633,132502852161,58,right,2.422517,-1.946090,6.473043
23634,132502870800,58,right,2.377439,-1.970074,6.492481
23635,132502890903,58,right,2.337257,-1.999109,6.513871
23636,132502909813,58,right,2.297271,-2.039107,6.527725
23637,132502929047,58,right,2.256389,-2.074359,6.541718
23638,132502947505,58,right,2.215870,-2.103680,6.558565
23639,132502966318,58,right,2.175353,-2.124895,6.571557
23640,132502984877,58,right,2.137435,-2.147638,6.574286
23641,132503004138,58,right,2.090034,-2.168306,6.576351
23642,132503022660,58,right,2.040706,-2.186497,6.578223
23643,132503041045,58,right,2.011249,-2.201398,6.568358
23644,132503060065,58,right,2.007129,-2.201802,6.549445
23645,132503078725,58,right,2.002137,-2.209663,6.535933
23646,132503097145,58,right,2.009211,-2.214626,6.521775
23647,132503116238,58,right,2.009336,-2.223268,6.511437
23648,132503135599,58,right,2.078229,-2.227273,6.468713
23649,132503154472,58,right,2.183290,-2.227722,6.407055
23650,132503173175,58,right,2.378953,-2.240118,6.318079
23651,132503192805,58,right,2.705683,-2.166583,6.216322
23652,132503211420,58,right,3.162497,-2.074263,6.098668
23653,132503229917,58,right,4.002614,-1.953094,5.902647
23654,132503248634,58,right,4.552855,-1.863829,5.733107
23655,132503267398,58,right,5.221379,-1.738949,5.558681
23656,132503286090,58,right,5.968832,-1.704057,5.376949
23657,132503305323,58,right,6.885785,-1.652393,5.184120
23658,132503324216,58,right,8.179954,-1.391723,4.942646
23659,132503342594,58,right,10.332725,-1.124719,4.505229
23660,132503360882,58,right,12.264389,-0.764846,4.073602
23661,132503379466,58,right,14.323043,-0.484420,3.601932
23662,132503398332,58,right,16.577124,-0.587447,3.133665
23663,132503417424,58,right,19.272762,-0.625161,2.477499
23664,132503436157,58,right,21.898211,-0.433040,1.810838
23665,132503454962,58,right,25.494177,-0.098311,0.962939
23666,132503473685,58,right,28.518898,0.099578,0.235802
23667,132503492078,58,right,31.807745,0.157268,-0.528103
23668,132503510628,58,right,34.970806,0.219754,-1.154876
23669,132503529080,58,right,37.946892,0.232513,-1.557873
23670,132503547527,58,right,40.728901,0.213051,-1.854266
23671,132503566530,58,right,43.832069,-0.053525,-1.956424
23672,132503585099,58,right,47.755959,-0.278409,-1.978781
23673,132503603921,58,right,50.535473,0.023595,-2.154351
23674,132503622266,58,right,52.849438,0.195417,-2.263114
23675,132503640318,58,right,54.964211,0.572326,-2.395642
23676,132503659142,58,right,56.816910,1.057336,-2.488515
23677,132503678051,58,right,59.133350,1.493869,-2.524450
23678,132503696793,58,right,61.787376,1.684567,-2.684394
23679,132503715503,58,right,65.424179,1.742465,-2.894984
23680,132503734199,58,right,67.922417,2.183004,-3.127746
23681,132503752819,58,right,70.743988,2.503051,-3.628511
23682,132503771100,58,right,73.508575,2.418323,-4.007318
23683,132503789524,58,right,75.846519,2.534517,-4.532954
23684,132503808716,58,right,78.598404,2.536790,-5.319683
23685,132503827786,58,right,81.993668,2.412084,-6.155707
23686,132503846540,58,right,84.136948,2.449298,-6.862221
23687,132503865152,58,right,86.014954,2.370408,-7.318588
23688,132503883887,58,right,87.802834,2.337716,-7.821460
23689,132503903677,58,right,89.895805,2.199751,-8.425725
23690,132503923472,58,right,92.200264,1.980358,-9.018848
23691,132503942819,58,right,93.686745,1.984684,-9.380043
23692,132503961604,58,right,94.832710,2.099679,-9.815913
23693,132503980866,58,right,95.938263,2.060270,-10.186471
23694,132504000335,58,right,97.354630,1.965096,-10.737478
23695,132504019776,58,right,99.272781,1.584358,-11.261066
23696,132504039076,58,right,100.365929,1.381378,-11.679038
23697,132504058345,58,right,101.355019,1.239318,-12.104339
23698,132504079731,58,right,102.592178,1.030032,-12.483664
23699,132504099300,58,right,103.329041,0.981158,-12.851578
23700,132504120574,58,right,104.048904,0.872017,-13.178981
23701,132504142372,58,right,105.003090,0.594701,-13.517828
23702,132504165027,58,right,105.797676,0.468672,-13.772589
23703,132504187589,58,right,106.768394,0.280049,-14.100404
23704,132504212659,58,right,107.498589,0.289861,-14.455304
23705,132504235862,58,right,108.151291,0.242025,-14.755829
23706,132504255108,58,right,108.670929,0.321576,-15.009259
23707,132504273437,58,right,108.999329,0.424493,-15.183586
23708,132504291551,58,right,109.240128,0.510984,-15.296452
23709,132504310045,58,right,109.488884,0.576589,-15.403514
23710,132504328730,58,right,109.792397,0.604908,-15.524225
23711,132504347368,58,right,110.011635,0.652550,-15.588567
23712,132504366115,58,right,110.216957,0.675332,-15.620402
23713,132504384453,58,right,110.373016,0.728383,-15.631271
23714,132504403079,58,right,110.517159,0.782941,-15.681890
23715,132504421692,58,right,110.663513,0.828071,-15.749300
23716,132504440726,58,right,110.786682,0.863054,-15.817459
23717,132504459331,58,right,110.903168,0.883591,-15.859174
23718,132504479547,58,right,110.956070,0.906675,-15.867000
23719,132504497682,58,right,110.994904,0.933788,-15.892573
23720,132504516186,58,right,111.044266,0.948865,-15.913332
23721,132504534586,58,right,111.075417,0.955058,-15.917293
23722,132504553292,58,right,111.099716,0.954841,-15.917427
23723,132504572319,58,right,111.113052,0.956605,-15.920261
23724,132504591009,58,right,111.126122,0.958194,-15.926931
23725,132504609687,58,right,111.127945,0.960907,-15.922153
23726,132504628327,58,right,111.107132,0.965750,-15.929172
23727,132504646574,58,right,111.086853,0.971553,-15.937757
23728,132504665118,58,right,111.068687,0.977054,-15.929891
23729,132504683900,58,right,111.050690,0.981459,-15.928280
23730,132504702898,58,right,111.031250,0.983889,-15.942274
23731,132504721415,58,right,111.017418,0.988907,-15.950185
23732,132504740737,58,right,111.022514,0.989355,-15.964018
23733,132504759122,58,right,111.031769,0.988502,-15.959849
23734,132504777770,58,right,111.049263,0.986497,-15.953084
23735,132504796467,58,right,111.065826,0.983133,-15.958364
23736,132504815345,58,right,111.088989,0.979992,-15.957093
23737,132504834385,58,right,111.110512,0.978899,-15.956754
23738,132504852697,58,right,111.129402,0.981611,-15.955632
23739,132504871129,58,right,111.151230,0.983975,-15.954736
23740,132504889922,58,right,111.174316,0.986528,-15.946667
23741,132504908863,58,right,111.195229,0.989945,-15.934576
23742,132504928189,58,right,111.212166,0.995662,-15.925223
23743,132504947355,58,right,111.217842,1.002511,-15.906065
23744,132504965677,58,right,111.228554,1.012958,-15.870103
23745,132504984266,58,right,111.210350,1.029636,-15.838426
23746,132505002856,58,right,111.156494,1.057822,-15.783342
23747,132505021952,58,right,111.008217,1.114398,-15.699138
23748,132505040793,58,right,110.762749,1.209876,-15.608804
23749,132505059318,58,right,110.245056,1.336871,-15.425854
23750,132505077936,58,right,109.751160,1.447005,-15.277512
23751,132505096338,58,right,109.156403,1.541116,-15.076220
23752,132505115366,58,right,108.494041,1.660638,-14.834439
23753,132505134095,58,right,107.710487,1.799026,-14.573791
23754,132505153155,58,right,106.895760,1.978555,-14.352734
23755,132505172065,58,right,105.515800,2.388128,-14.025262
23756,132505190328,58,right,104.665535,2.557617,-13.705025
23757,132505209339,58,right,103.831108,2.718271,-13.421297
23758,132505227747,58,right,103.014572,2.792585,-13.162556
23759,132505248305,58,right,102.146820,2.912056,-12.941323
23760,132505267767,58,right,100.790337,3.235684,-12.587463
23761,132505286147,58,right,99.780563,3.361537,-12.318857
23762,132505305071,58,right,98.873413,3.524111,-12.088824
23763,132505323831,58,right,97.987183,3.702023,-11.856658
23764,132505342459,58,right,97.170914,3.779343,-11.622414
23765,132505360922,58,right,96.235466,3.900545,-11.340152
23766,132505379461,58,right,95.164536,3.993186,-11.123362
23767,132505398101,58,right,93.674377,4.270175,-10.928410
23768,132505416442,58,right,92.599266,4.454575,-10.941056
23769,132505434939,58,right,91.145943,4.635517,-10.900414
23770,132505452989,58,right,89.717186,4.736458,-10.784676
23771,132505471857,58,right,88.190758,4.831534,-10.603763
23772,132505490819,58,right,86.738258,4.817166,-10.290857
23773,132505509423,58,right,85.317299,4.748304,-10.044610
23774,132505527742,58,right,82.961891,4.955075,-9.567914
23775,132505546726,58,right,80.915176,5.033947,-9.033730
23776,132505564982,58,right,78.802216,5.010887,-8.485206
23777,132505584286,58,right,76.793831,4.761892,-7.621835
23778,132505603206,58,right,75.392738,4.301852,-6.808472
23779,132505621815,58,right,74.441139,3.960953,-6.202696
23780,132505640398,58,right,72.997635,3.690167,-5.512740
23781,132505658662,58,right,71.448151,3.520479,-4.928766
23782,132505676834,58,right,70.110802,3.202959,-4.409321
23783,132505695087,58,right,68.738350,2.750989,-3.879213
23784,132505713203,58,right,67.466682,2.237486,-3.338769
23785,132505731750,58,right,66.097061,1.775532,-2.925846
23786,132505751502,58,right,64.390961,1.518515,-2.509820
23787,132505769948,58,right,62.359810,1.329544,-2.217424
23788,132505788774,58,right,59.668686,1.083459,-1.923166
23789,132505808247,58,right,57.247250,0.751377,-1.663991
23790,132505827091,58,right,55.043179,0.419291,-1.449334
23791,132505846227,58,right,52.845318,-0.071895,-1.101164
23792,132505865175,58,right,50.995014,-0.477596,-0.812785
23793,132505884437,58,right,49.070889,-0.959924,-0.613053
23794,132505903408,58,right,47.568104,-1.306150,-0.430280
23795,132505921656,58,right,46.292038,-1.799160,-0.459638
23796,132505941188,58,right,44.525394,-1.898891,-0.364957
23797,132505960333,58,right,42.480679,-1.662607,-0.332709
23798,132505979351,58,right,40.726040,-1.522620,-0.339296
23799,132505998867,58,right,39.183044,-1.368309,-0.371472
23800,132506018333,58,right,37.823135,-1.441547,-0.438322
23801,132506037857,58,right,36.342503,-1.528867,-0.332377
23802,132506056593,58,right,34.384430,-1.819394,-0.223309
23803,132506074852,58,right,32.776299,-1.860333,-0.033190
23804,132506092631,58,right,31.306686,-1.937075,0.154286
23805,132506111194,58,right,29.774939,-1.958307,0.435756
23806,132506129306,58,right,28.339315,-2.080368,0.646311
23807,132506147707,58,right,26.534870,-2.223256,0.880199
23808,132506166173,58,right,24.646984,-2.427109,1.160463
23809,132506185761,58,right,22.896189,-2.297513,1.410692
23810,132506204836,58,right,20.844734,-1.977815,1.724859
23811,132506223842,58,right,19.222387,-1.863861,1.999511
23812,132506242545,58,right,17.679405,-1.705953,2.287622
23813,132506261432,58,right,16.265207,-1.737773,2.607213
23814,132506280846,58,right,14.992004,-1.748415,2.879861
23815,132506299044,58,right,13.723763,-1.379725,3.205307
23816,132506317767,58,right,12.254404,-0.975799,3.504156
23817,132506336261,58,right,11.319446,-0.669729,3.611050
23818,132506354690,58,right,10.503886,-0.502534,3.749665
23819,132506373290,58,right,9.693785,-0.317196,3.901577
23820,132506391613,58,right,8.741991,-0.269698,4.185271
23821,132506410575,58,right,7.906753,-0.348025,4.409710
23822,132506429412,58,right,6.952693,-0.424052,4.680373
23823,132506447815,58,right,6.075851,-0.639306,4.929792
23824,132506466753,58,right,5.417131,-0.718847,5.152983
23825,132506485599,58,right,4.951711,-0.784855,5.361509
23826,132506503989,58,right,4.627454,-0.898981,5.503888
23827,132506523250,58,right,4.400224,-0.967444,5.615086
23828,132506542250,58,right,4.231114,-1.046661,5.711349
23829,132506560883,58,right,4.105845,-1.152223,5.762953
23830,132506579749,58,right,3.976936,-1.259364,5.837750
23831,132506598255,58,right,3.884132,-1.341095,5.901533
23832,132506616673,58,right,3.842474,-1.462835,5.935931
23833,132506635665,58,right,3.821818,-1.581951,5.976140
23834,132506653975,58,right,3.777037,-1.828069,6.009252
23835,132506672486,58,right,3.804376,-2.438853,5.977261
23836,132506691047,58,right,3.791377,-3.355674,5.905139
23837,132506709328,58,right,3.682070,-4.582784,5.740344
23838,132506728391,58,right,3.806263,-6.073078,5.536196
23839,132506747151,58,right,3.767159,-7.614573,5.421318
23840,132506766078,58,right,3.776899,-9.308414,5.236157
23841,132506786623,58,right,3.791508,-11.491721,5.131807
23842,132506806851,58,right,3.615916,-13.473258,4.961109
23843,132506827076,58,right,3.549859,-15.140662,4.827456
23844,132506846797,58,right,4.288484,-17.442974,4.778893
23845,132506865519,58,right,4.874789,-19.452839,4.701444
23846,132506885078,58,right,5.421010,-21.384962,4.669176
23847,132506903856,58,right,6.025307,-23.266127,4.631606
23848,132506923893,58,right,6.684526,-25.634249,4.459285
23849,132506942931,58,right,7.355988,-27.584995,4.195476
23850,132506962605,58,right,8.239227,-29.352083,3.989912
23851,132506981685,58,right,9.168019,-31.296812,3.796794
23852,132507000410,58,right,10.159511,-32.961948,3.763490
23853,132507019137,58,right,11.270843,-35.095783,3.760544
23854,132507038094,58,right,11.728857,-36.875084,3.675038
23855,132507057584,58,right,12.267186,-38.485302,3.470665
23856,132507076733,58,right,13.062125,-40.041340,3.374714
23857,132507096299,58,right,13.710740,-41.382767,3.281959
23858,132507115558,58,right,14.964640,-43.065609,3.566805
23859,132507134731,58,right,16.000517,-44.602070,3.933181
23860,132507153118,58,right,17.043211,-45.824482,4.402349
23861,132507171388,58,right,18.035810,-47.090561,4.971359
23862,132507189967,58,right,19.014944,-48.150974,5.431818
23863,132507209008,58,right,20.087414,-49.218117,5.917707
23864,132507228225,58,right,21.102879,-50.291355,6.274457
23865,132507246629,58,right,21.917568,-51.432552,6.531340
23866,132507264927,58,right,22.546921,-52.351818,6.692958
23867,132507283751,58,right,22.936831,-53.315704,6.852061
23868,132507302372,58,right,23.242367,-54.025299,6.953797
23869,132507321613,58,right,23.498737,-54.712399,6.970667
23870,132507340519,58,right,23.825344,-55.437222,7.051634
23871,132507359230,58,right,24.019934,-56.165981,7.154927
23872,132507378585,58,right,24.021049,-56.891476,7.187140
23873,132507397361,58,right,23.975143,-57.488174,7.213700
23874,132507415974,58,right,23.898672,-57.923805,7.205297
23875,132507434864,58,right,23.805084,-58.282944,7.195851
23876,132507453117,58,right,23.730980,-58.496593,7.193336
23877,132507472022,58,right,23.618229,-58.652260,7.165106
23878,132507490721,58,right,23.383938,-58.609066,7.094445
23879,132507509644,58,right,23.025433,-58.358860,6.909432
23880,132507528371,58,right,22.618727,-57.602478,6.633657
23881,132507547100,58,right,22.257187,-56.600323,6.247563
23882,132507565634,58,right,21.143457,-54.625374,5.011395
23883,132507584091,58,right,20.164373,-52.394901,3.997014
23884,132507602467,58,right,19.039864,-50.122929,2.784547
23885,132507620760,58,right,17.997549,-47.551537,1.831770
23886,132507639947,58,right,17.074471,-44.576130,1.246958
23887,132507658445,58,right,16.464205,-41.932457,1.143389
23888,132507677054,58,right,15.907795,-38.956886,1.288405
23889,132507696006,58,right,15.058613,-34.410519,1.415808
23890,132507714343,58,right,14.024869,-30.880257,1.630584
23891,132507733041,58,right,12.514723,-28.215366,1.680369
23892,132507751743,58,right,11.086306,-25.875654,1.777813
23893,132507770546,58,right,9.837459,-23.686041,1.990620
23894,132507789305,58,right,8.673606,-21.233444,2.332666
23895,132507808317,58,right,7.126517,-18.645266,2.568234
23896,132507826752,58,right,6.046242,-17.020309,2.650010
23897,132507845235,58,right,5.320672,-15.937766,2.684592
23898,132507863642,58,right,4.697059,-14.519319,2.859406
23899,132507882126,58,right,4.365700,-13.253730,3.168484
23900,132507900963,58,right,3.911239,-11.954196,3.618302
23901,132507920151,58,right,3.423066,-10.885054,4.236552
23902,132507938629,58,right,3.346540,-9.392548,5.155753
23903,132507957305,58,right,3.027931,-8.100741,6.153931
23904,132507975483,58,right,3.029413,-6.581354,7.228127
23905,132507994131,58,right,2.777816,-5.269586,8.358048
23906,132508012611,58,right,2.773582,-4.033969,9.481413
23907,132508031454,58,right,2.674430,-2.735229,10.628068
23908,132508050240,58,right,2.728242,-1.236156,11.693786
23909,132508069268,58,right,2.949146,0.729300,12.817934
23910,132508088023,58,right,3.270343,2.352505,13.612042
23911,132508106881,58,right,3.595961,3.821768,14.329120
23912,132508125479,58,right,3.739163,5.123512,14.932113
23913,132508144397,58,right,3.883775,6.415670,15.374917
23914,132508162885,58,right,3.957296,7.778044,15.786367
23915,132508181762,58,right,4.189176,9.841987,16.129271
23916,132508200037,58,right,4.459971,11.912699,16.382715
23917,132508218745,58,right,4.765652,13.716992,16.516075
23918,132508237752,58,right,5.174622,15.603257,16.511644
23919,132508256799,58,right,5.515039,17.257576,16.470146
23920,132508275475,58,right,5.823630,18.633373,16.281837
23921,132508293959,58,right,5.881823,19.942160,16.105230
23922,132508311894,58,right,6.170003,21.185783,15.774922
23923,132508330464,58,right,6.324584,22.124941,15.550277
23924,132508348780,58,right,6.501637,22.916651,15.343966
23925,132508368248,58,right,6.679388,23.678804,15.124533
23926,132508388114,58,right,6.771956,24.278536,14.970025
23927,132508406683,58,right,6.805817,24.911470,14.808160
23928,132508425301,58,right,6.857054,25.401573,14.714746
23929,132508444251,58,right,6.906618,25.851740,14.617427
23930,132508462201,58,right,6.930322,26.298798,14.565055
23931,132508481002,58,right,6.961473,26.733370,14.509881
23932,132508499490,58,right,7.013632,27.094398,14.442562
23933,132508518163,58,right,7.065961,27.361486,14.350267
23934,132508537154,58,right,6.980233,27.503344,14.396960
23935,132508555597,58,right,6.935699,27.600451,14.418880
23936,132508574088,58,right,6.938317,27.672907,14.407186
23937,132508592398,58,right,6.954294,27.730284,14.385931
23938,132508611007,58,right,6.976859,27.791735,14.352192
23939,132508629139,58,right,6.964209,27.888046,14.305939
23940,132508647585,58,right,7.003716,28.144131,14.219083
23941,132508665903,58,right,7.015431,28.538857,14.058923
23942,132508684438,58,right,6.816690,29.651100,13.692168
23943,132508702864,58,right,6.672400,31.010151,13.053806
23944,132508722160,58,right,6.429831,32.354881,12.303085
23945,132508740511,58,right,6.228087,33.710129,11.414353
23946,132508759240,58,right,6.075186,35.100533,10.445881
23947,132508777999,58,right,5.902388,36.243866,9.570938
23948,132508796595,58,right,5.639814,36.974319,8.947688
23949,132508815623,58,right,5.506169,37.756889,8.293801
23950,132508833767,58,right,5.215774,38.363754,7.831283
23951,132508852656,58,right,5.142175,38.732124,7.353134
23952,132508871403,58,right,5.129004,38.992069,6.873733
23953,132508890162,58,right,5.132728,39.393932,6.402295
23954,132508909918,58,right,5.079463,39.668743,5.991145
23955,132508929615,58,right,5.015934,39.896969,5.773617
23956,132508947843,58,right,5.044610,40.091080,5.505167
23957,132508966567,58,right,5.093757,40.249676,5.249338
23958,132508985130,58,right,5.119526,40.345177,5.092614
23959,132509003483,58,right,5.175420,40.412106,4.930065
23960,132509022062,58,right,5.194180,40.420044,4.833279
23961,132509040285,58,right,5.213030,40.420792,4.766011
23962,132509059120,58,right,5.240883,40.403233,4.711827
23963,132509078121,58,right,5.271705,40.391750,4.664953
23964,132509096632,58,right,5.323775,40.356014,4.605357
23965,132509115491,58,right,5.381548,40.275471,4.554971
23966,132509134499,58,right,5.382674,40.113338,4.603780
23967,132509152790,58,right,5.363503,39.671318,4.793045
23968,132509172284,58,right,5.381561,39.036652,5.147551
23969,132509191302,58,right,5.448793,38.067886,5.585614
23970,132509210479,58,right,5.546508,36.897308,6.100631
23971,132509229282,58,right,5.701745,35.803200,6.684387
23972,132509247568,58,right,6.100864,34.373177,7.143162
23973,132509265947,58,right,6.409770,32.044140,8.015808
23974,132509285629,58,right,7.015672,30.107605,8.519466
23975,132509304635,58,right,7.433399,28.463428,9.084227
23976,132509323813,58,right,7.610271,26.616129,9.760419
23977,132509343535,58,right,7.444326,23.300402,10.871954
23978,132509363004,58,right,7.480366,20.421049,11.616219
23979,132509383296,58,right,7.439021,18.232079,12.124542
23980,132509404344,58,right,6.962194,16.137003,12.653603
23981,132509423131,58,right,6.696368,14.600219,12.980076
23982,132509441512,58,right,6.284417,12.962836,13.358777
23983,132509460756,58,right,5.852227,10.919105,13.736396
23984,132509481259,58,right,5.492684,9.094101,14.072547
23985,132509499969,58,right,5.407208,7.245916,14.232189
23986,132509518976,58,right,5.434627,5.475911,14.140235
23987,132509537194,58,right,5.399687,3.617681,14.047429
23988,132509556154,58,right,5.540918,1.467604,13.891026
23989,132509575252,58,right,5.658470,-0.888366,13.796403
23990,132509594144,58,right,5.798170,-3.058177,13.729768
23991,132509613102,58,right,5.741443,-5.516080,13.725932
23992,132509631025,58,right,5.790911,-7.495062,13.677742
23993,132509649401,58,right,5.927622,-9.302233,13.634017
23994,132509667758,58,right,6.054901,-11.321503,13.485443
23995,132509686767,58,right,6.312973,-13.643717,13.290306
23996,132509706074,58,right,6.290293,-15.925972,13.134857
23997,132509724918,58,right,6.407434,-18.931036,12.867102
23998,132509744642,58,right,6.364487,-21.050596,12.586384
23999,132509763659,58,right,6.371980,-22.846252,12.200065
24000,132509782856,58,right,6.650006,-24.293163,11.880501
24001,132509802140,58,right,7.034360,-25.872072,11.543588
24002,132509821379,58,right,8.222041,-28.221615,11.138429
24003,132509841025,58,right,8.861217,-29.962488,10.799352
24004,132509861185,58,right,9.490826,-31.418636,10.663706
24005,132509880930,58,right,10.302536,-33.464867,10.523732
24006,132509899904,58,right,10.667552,-35.469261,9.937230
24007,132509918885,58,right,11.391399,-37.205662,9.415543
24008,132509938503,58,right,12.135013,-39.004951,9.047493
24009,132509957405,58,right,12.630219,-40.567474,8.712948
24010,132509976799,58,right,13.262469,-42.610760,8.551995
24011,132509996907,58,right,14.095112,-44.325474,8.085629
24012,132510015785,58,right,15.328105,-45.779713,7.774760
24013,132510035495,58,right,16.477501,-47.215008,7.742619
24014,132510055159,58,right,16.951767,-48.687237,7.962108
24015,132510074490,58,right,17.299971,-49.871712,8.071256
24016,132510093390,58,right,17.580030,-50.863605,8.146823
24017,132510111878,58,right,18.357569,-51.887291,8.362550
24018,132510130063,58,right,19.179096,-52.732540,8.617586
24019,132510148594,58,right,19.659607,-53.507614,8.800548
24020,132510167140,58,right,19.914322,-54.289066,8.956092
24021,132510185465,58,right,20.116402,-55.118458,9.171296
24022,132510204370,58,right,20.401220,-55.927528,9.410834
24023,132510222495,58,right,20.578182,-56.611168,9.522128
24024,132510240821,58,right,20.740080,-57.144196,9.630741
24025,132510260540,58,right,20.798414,-57.586674,9.680360
24026,132510279528,58,right,20.791269,-58.044891,9.743482
24027,132510298619,58,right,20.831139,-58.407444,9.805289
24028,132510317141,58,right,20.853228,-58.707653,9.840647
24029,132510336129,58,right,20.798983,-58.992012,9.848586
24030,132510355121,58,right,20.708458,-59.227360,9.849224
24031,132510373958,58,right,20.606956,-59.421856,9.839747
24032,132510392788,58,right,20.494081,-59.534412,9.810033
24033,132510410904,58,right,20.400269,-59.620834,9.793112
24034,132510429677,58,right,20.294926,-59.678810,9.777492
24035,132510448297,58,right,20.131832,-59.726360,9.741298
24036,132510467280,58,right,19.932463,-59.712181,9.651050
24037,132510485870,58,right,19.749439,-59.642300,9.553212
24038,132510504987,58,right,19.622293,-59.487019,9.442586
24039,132510524551,58,right,19.476175,-59.298805,9.279650
24040,132510543763,58,right,19.307608,-59.086277,9.114938
24041,132510562537,58,right,19.025572,-58.782051,8.885983
24042,132510581279,58,right,18.701178,-58.508839,8.650578
24043,132510599760,58,right,18.338072,-58.238922,8.420623
24044,132510618519,58,right,17.969227,-57.742462,8.128568
24045,132510637767,58,right,17.655663,-57.175419,7.837004
24046,132510656149,58,right,17.368990,-56.520470,7.548661
24047,132510675225,58,right,17.139004,-55.816685,7.346171
24048,132510693690,58,right,16.930487,-54.970783,7.129872
24049,132510712316,58,right,16.783836,-53.927662,6.949879
24050,132510730817,58,right,16.200056,-52.405972,6.546644
24051,132510749265,58,right,15.529879,-50.720150,6.074212
24052,132510767894,58,right,14.977747,-48.692013,5.759056
24053,132510787516,58,right,14.621477,-46.411186,5.621678
24054,132510806307,58,right,14.382183,-44.424877,5.641637
24055,132510824892,58,right,14.244608,-42.502895,5.773740
24056,132510843782,58,right,13.242590,-39.294281,5.624185
24057,132510862430,58,right,12.583585,-36.079597,5.833988
24058,132510881039,58,right,11.709325,-33.398243,6.166772
24059,132510899319,58,right,10.762774,-31.278959,6.367319
24060,132510917980,58,right,9.997730,-29.224216,6.631046
24061,132510936594,58,right,9.155581,-27.237909,6.973153
24062,132510955482,58,right,8.327804,-25.338884,7.290954
24063,132510974031,58,right,7.070221,-23.036585,7.584940
24064,132510992732,58,right,6.118143,-21.129593,7.868034
24065,132511011137,58,right,5.652587,-19.179581,8.244061
24066,132511030114,58,right,5.184583,-17.502737,8.595351
24067,132511049530,58,right,4.875539,-16.056200,8.896599
24068,132511068998,58,right,4.431008,-14.457203,9.284223
24069,132511087650,58,right,4.194018,-12.801035,9.614457
24070,132511106064,58,right,4.024520,-11.151999,9.974829
24071,132511124522,58,right,3.830594,-9.479494,10.379584
24072,132511143860,58,right,3.518465,-8.083515,10.837100
24073,132511162860,58,right,3.254443,-6.796022,11.344779
24074,132511181122,58,right,3.093756,-5.608792,11.800943
24075,132511200438,58,right,3.124782,-3.647918,12.369946
24076,132511218795,58,right,3.111904,-2.161284,12.837454
24077,132511237322,58,right,3.440003,-0.526876,13.196737
24078,132511256221,58,right,3.653162,1.082916,13.434335
24079,132511274903,58,right,3.888066,3.160178,13.575890
24080,132511294618,58,right,4.163424,6.423385,13.646192
24081,132511314283,58,right,4.368675,9.243506,13.685504
24082,132511332902,58,right,4.805267,11.693946,13.594834
24083,132511351835,58,right,5.275918,13.726669,13.406772
24084,132511370811,58,right,5.783359,15.785417,13.124265
24085,132511390055,58,right,6.452578,18.328741,12.593159
24086,132511408391,58,right,6.728972,20.326355,12.202268
24087,132511426743,58,right,6.959222,21.840015,11.888668
24088,132511444912,58,right,7.214824,23.238119,11.508286
24089,132511463303,58,right,7.213315,24.515738,11.266287
24090,132511482577,58,right,7.281480,25.757124,10.961695
24091,132511501781,58,right,7.323982,26.877029,10.681468
24092,132511520410,58,right,7.359913,28.313366,10.289405
24093,132511539119,58,right,7.399176,29.414925,9.846988
24094,132511557428,58,right,7.347840,30.288729,9.461378
24095,132511576024,58,right,7.150207,31.085945,9.229513
24096,132511594867,58,right,6.995109,31.863688,8.889303
24097,132511613831,58,right,6.750249,32.581524,8.660693
24098,132511632873,58,right,6.669773,33.220036,8.260770
24099,132511651163,58,right,6.674561,33.769150,7.964823
24100,132511669769,58,right,6.762068,34.158951,7.568164
24101,132511688414,58,right,6.793514,34.451317,7.313809
24102,132511707041,58,right,6.847136,34.732365,7.087179
24103,132511725799,58,right,6.855207,34.933132,6.923975
24104,132511744784,58,right,6.878916,35.120323,6.797160
24105,132511762924,58,right,6.864950,35.210205,6.757502
24106,132511780916,58,right,6.890903,35.211880,6.713048
24107,132511799996,58,right,6.927313,35.170219,6.671083
24108,132511818580,58,right,6.955144,35.065655,6.656915
24109,132511838295,58,right,6.999335,34.838524,6.670787
24110,132511857016,58,right,7.005000,34.334148,6.805390
24111,132511875436,58,right,7.207989,32.996651,6.898201
24112,132511894024,58,right,7.483095,31.230860,7.020051
24113,132511912532,58,right,7.781234,29.441563,7.105354
24114,132511931189,58,right,8.308370,27.711872,6.921999
24115,132511949693,58,right,8.901344,25.818306,6.604178
24116,132511968145,58,right,9.455337,23.550316,6.158863
24117,132511987338,58,right,9.791739,20.904823,5.533093
24118,132512005693,58,right,9.009842,15.675789,5.499352
24119,132512024526,58,right,7.981122,11.516704,5.220826
24120,132512043543,58,right,7.543105,7.648174,4.138925
24121,132512064647,58,right,7.516656,4.390622,2.665536
24122,132512084641,58,right,6.306750,1.398424,1.630162
24123,132512104257,58,right,5.380377,-1.032218,1.024712
24124,132512123795,58,right,4.836994,-2.213385,0.615907
24125,132512142541,58,right,4.546722,-2.972063,0.333566
24126,132512161702,58,right,4.329832,-3.695035,-0.054997
24127,132512180793,58,right,4.470215,-4.080227,-0.375143
24128,132512199587,58,right,4.809253,-4.317686,-0.658169
24129,132512218401,58,right,4.998750,-4.430061,-0.853175
24130,132512237742,58,right,5.149910,-4.539244,-1.024631
24131,132512256824,58,right,5.226558,-4.589368,-1.117544
24132,132512275679,58,right,5.228416,-4.656623,-1.167157
24133,132512294059,58,right,5.177107,-4.690695,-1.164045
24134,132512313184,58,right,5.125594,-4.708616,-1.124737
24135,132512331808,58,right,5.129138,-4.665462,-1.090212
24136,132512350877,58,right,5.136781,-4.612998,-1.041814
24137,132512369946,58,right,5.116099,-4.512370,-0.985224
24138,132512388585,58,right,5.060450,-4.445214,-0.921093
24139,132512406913,58,right,5.002120,-4.387214,-0.845726
24140,132512425430,58,right,4.977291,-4.346381,-0.792450
24141,132512444656,58,right,4.937987,-4.314965,-0.755629
24142,132512463042,58,right,4.902805,-4.275460,-0.723222
24143,132512482061,58,right,4.841625,-4.212193,-0.674906
24144,132512501021,58,right,4.797995,-4.168338,-0.634757
24145,132512519644,58,right,4.748201,-4.139130,-0.598577
24146,132512537996,58,right,4.702418,-4.112735,-0.550387
24147,132512556939,58,right,4.655348,-4.063271,-0.505794
24148,132512576174,58,right,4.625223,-4.007492,-0.478564
24149,132512595067,58,right,4.579113,-3.977071,-0.450928
24150,132512613765,58,right,4.502089,-3.986964,-0.423970
24151,132512632554,58,right,4.444147,-3.992771,-0.390207
24152,132512650836,58,right,4.387617,-4.011763,-0.353278
24153,132512669336,58,right,4.366230,-4.009572,-0.319974
24154,132512688168,58,right,4.358914,-4.010743,-0.292132
24155,132512706920,58,right,4.357729,-4.001230,-0.262164
24156,132512725934,58,right,4.378388,-3.984399,-0.231590
24157,132512745792,58,right,4.364371,-4.007082,-0.179205
24158,132512764950,58,right,4.371199,-4.010447,-0.103355
24159,132512783463,58,right,4.383713,-4.011199,-0.006813
24160,132512802948,58,right,4.416513,-3.999440,0.082229
24161,132512822037,58,right,4.453552,-3.975573,0.166650
24162,132512841176,58,right,4.510275,-3.936174,0.251400
24163,132512859951,58,right,4.545929,-3.903250,0.306332
24164,132512879528,58,right,4.573774,-3.853878,0.363790
24165,132512898139,58,right,4.588499,-3.815743,0.413240
24166,132512916688,58,right,4.581710,-3.787887,0.453149
24167,132512937145,58,right,4.560581,-3.755078,0.491912
24168,132512956678,58,right,4.535904,-3.719327,0.530796
24169,132512976496,58,right,4.478432,-3.666053,0.579114
24170,132512995563,58,right,4.411277,-3.531527,0.594508
24171,132513014457,58,right,4.385444,-3.331671,0.541753
24172,132513032704,58,right,4.400814,-2.952068,0.358351
24173,132513051755,58,right,4.278782,-2.442660,-0.226727
24174,132513070443,58,right,4.061078,-2.058407,-1.310211
24175,132513089709,58,right,3.636898,-1.506120,-3.101853
24176,132513108001,58,right,3.295012,-0.977379,-4.825014
24177,132513126384,58,right,3.062345,-0.371631,-6.713759
24178,132513145000,58,right,2.774421,0.145154,-8.594059
24179,132513164078,58,right,2.555709,0.808374,-10.157802
24180,132513182460,58,right,2.401547,1.530065,-11.626936
24181,132513201165,58,right,2.256608,2.302634,-12.844765
24182,132513219860,58,right,2.029817,2.971100,-13.777787
24183,132513238979,58,right,1.645836,3.540553,-14.317095
24184,132513257416,58,right,1.406365,4.060580,-14.666183
24185,132513276015,58,right,1.127574,4.488233,-14.909974
24186,132513294506,58,right,0.945398,4.843560,-15.018878
24187,132513313421,58,right,0.826631,5.067394,-15.118139
24188,132513332610,58,right,0.724062,5.175876,-15.188370
24189,132513351055,58,right,0.630741,5.273367,-15.291452
24190,132513369943,58,right,0.537060,5.348716,-15.352473
24191,132513388271,58,right,0.463614,5.391357,-15.324536
24192,132513407273,58,right,0.396220,5.396208,-15.277802
24193,132513425804,58,right,0.367096,5.389780,-15.232378
24194,132513444596,58,right,0.350919,5.333789,-15.173329
24195,132513462960,58,right,0.363386,5.238897,-15.020539
24196,132513481668,58,right,0.482938,5.093055,-14.666483
24197,132513500141,58,right,0.685671,4.873318,-13.953191
24198,132513518864,58,right,0.893520,4.647136,-13.048212
24199,132513538505,58,right,1.274453,4.504679,-12.056982
24200,132513557418,58,right,1.832277,4.318088,-10.754381
24201,132513576290,58,right,2.184196,3.687277,-8.282130
24202,132513595344,58,right,2.113139,3.286629,-6.217027
24203,132513614642,58,right,2.241011,2.867539,-3.949895
24204,132513633820,58,right,2.509057,2.362194,-1.799191
24205,132513652302,58,right,2.838873,1.831705,0.623218
24206,132513671129,58,right,3.177273,1.060212,4.443055
24207,132513690174,58,right,3.806653,0.390598,7.410103
24208,132513709142,58,right,3.989868,-0.348203,9.189026
24209,132513727719,58,right,3.919498,-1.046068,10.760833
24210,132513746983,58,right,4.386037,-1.483505,12.266252
24211,132513766248,58,right,4.709161,-1.761345,13.777282
24212,132513784395,58,right,5.240181,-1.893386,14.955593
24213,132513802692,58,right,5.565194,-2.127060,15.913136
24214,132513821420,58,right,5.740594,-2.385011,16.725317
24215,132513839838,58,right,5.800907,-2.790540,17.420185
24216,132513858774,58,right,5.828750,-3.274712,17.910429
24217,132513877635,58,right,5.792718,-3.895429,18.270931
24218,132513896344,58,right,5.734591,-4.565516,18.491711
24219,132513915265,58,right,5.829229,-5.180477,18.777384
24220,132513933752,58,right,5.828695,-5.592283,18.962254
24221,132513951974,58,right,5.856112,-5.885134,19.047400
24222,132513970823,58,right,5.874944,-6.071595,19.096996
24223,132513989805,58,right,5.922324,-6.222031,19.142536
24224,132514008528,58,right,5.967428,-6.349331,19.196827
24225,132514026850,58,right,6.038528,-6.496856,19.227686
24226,132514045158,58,right,6.083443,-6.659591,19.260164
24227,132514064070,58,right,6.061744,-6.796933,19.285591
24228,132514082520,58,right,6.044373,-6.900858,19.302597
24229,132514101018,58,right,6.027907,-7.006568,19.326777
24230,132514119914,58,right,6.001036,-7.085364,19.345253
24231,132514138177,58,right,6.013424,-7.132204,19.347168
24232,132514157312,58,right,6.035103,-7.149928,19.344736
24233,132514175448,58,right,6.048956,-7.168935,19.344143
24234,132514193821,58,right,6.076476,-7.167508,19.338924
24235,132514212514,58,right,6.128398,-7.163202,19.327177
24236,132514230941,58,right,6.190727,-7.145910,19.315111
24237,132514249349,58,right,6.264755,-7.111723,19.285265
24238,132514267952,58,right,6.351354,-7.057166,19.239962
24239,132514286484,58,right,6.403700,-7.000483,19.167074
24240,132514304814,58,right,6.451354,-6.933132,19.099972
24241,132514323422,58,right,6.479356,-6.877779,19.039904
24242,132514341913,58,right,6.480919,-6.825143,18.988214
24243,132514360785,58,right,6.451656,-6.774222,18.926178
24244,132514379063,58,right,6.393905,-6.711287,18.872013
24245,132514397794,58,right,6.263505,-6.686532,18.813196
24246,132514416467,58,right,6.149837,-6.619713,18.768223
24247,132514435163,58,right,6.084043,-6.552894,18.697130
24248,132514453946,58,right,6.027587,-6.407580,18.594440
24249,132514472302,58,right,5.907121,-6.097506,18.289742
24250,132514491330,58,right,5.831373,-5.769532,17.758730
24251,132514510670,58,right,5.705552,-5.305468,17.004107
24252,132514529742,58,right,5.337007,-4.492680,15.312175
24253,132514547956,58,right,4.877553,-4.291238,13.317538
24254,132514566134,58,right,4.753372,-4.102653,11.349038
24255,132514585044,58,right,4.790760,-3.705789,9.584873
24256,132514603841,58,right,4.923775,-3.251719,7.704816
24257,132514622697,58,right,5.191303,-2.479513,5.589207
24258,132514641458,58,right,5.332155,-1.792323,3.404670
24259,132514661816,58,right,5.073656,-1.202103,-0.231492
24260,132514681853,58,right,4.627765,-0.958621,-3.516451
24261,132514701241,58,right,4.071121,-0.812353,-6.444224
24262,132514719892,58,right,3.487225,-0.508897,-9.252589
24263,132514738671,58,right,3.345378,-0.223944,-11.464835
24264,132514757580,58,right,3.184329,0.088666,-13.120147
24265,132514776708,58,right,3.005743,0.453208,-14.324342
24266,132514795059,58,right,2.950658,0.646265,-15.206329
24267,132514813826,58,right,2.823946,0.810461,-15.805243
24268,132514832818,58,right,2.334157,1.302343,-16.249460
24269,132514850994,58,right,2.100069,1.559682,-16.623257
24270,132514869836,58,right,1.789568,1.811077,-16.839495
24271,132514888552,58,right,1.456765,2.043435,-17.055994
24272,132514907194,58,right,1.112588,2.233323,-17.194384
24273,132514926173,58,right,0.702300,2.366333,-17.244213
24274,132514945027,58,right,0.271325,2.495852,-17.284122
24275,132514964748,58,right,-0.180339,2.573815,-17.195253
24276,132514983441,58,right,-0.660060,2.757903,-17.251122
24277,132515001875,58,right,-0.865129,2.812640,-17.296650
24278,132515020678,58,right,-0.988138,2.880481,-17.290401
24279,132515039731,58,right,-1.153989,2.990603,-17.272352
24280,132515058267,58,right,-1.274513,3.069975,-17.258011
24281,132515077294,58,right,-1.336084,3.154768,-17.287321
24282,132515096298,58,right,-1.372200,3.211027,-17.280355
24283,132515114724,58,right,-1.371467,3.235952,-17.274954
24284,132515133336,58,right,-1.398179,3.292032,-17.253353
24285,132515152202,58,right,-1.414323,3.361336,-17.225416
24286,132515171233,58,right,-1.348042,3.385996,-17.208609
24287,132515190093,58,right,-1.265109,3.403547,-17.201815
24288,132515208481,58,right,-1.193812,3.430289,-17.176636
24289,132515226701,58,right,-1.132677,3.468872,-17.114285
24290,132515245195,58,right,-1.089113,3.547171,-17.009634
24291,132515263873,58,right,-1.048054,3.637378,-16.884762
24292,132515283057,58,right,-1.012405,3.730225,-16.712370
24293,132515301849,58,right,-0.854348,3.702524,-16.478456
24294,132515320207,58,right,-0.733513,3.678858,-16.156532
24295,132515338311,58,right,-0.646871,3.611610,-15.875199
24296,132515357251,58,right,-0.566986,3.552743,-15.607195
24297,132515376104,58,right,-0.453484,3.426083,-15.228086
24298,132515395097,58,right,-0.335785,3.240608,-14.705758
24299,132515413614,58,right,-0.086971,2.957296,-13.785345
24300,132515431601,58,right,0.131361,2.703577,-12.819731
24301,132515450243,58,right,0.289260,2.558865,-12.022163
24302,132515468631,58,right,0.652192,2.343330,-11.037634
24303,132515487215,58,right,1.241292,2.047806,-9.617876
24304,132515506118,58,right,1.497020,1.606932,-7.866354
24305,132515524761,58,right,1.632641,1.277218,-5.588632
24306,132515543976,58,right,1.898404,0.646921,-2.475724
24307,132515562170,58,right,2.310338,0.113966,0.364638
24308,132515580200,58,right,2.815257,-0.301127,2.628826
24309,132515598446,58,right,3.443854,-0.854976,4.906352
24310,132515617097,58,right,4.028301,-1.454965,7.481411
24311,132515636291,58,right,4.188138,-2.318395,9.484056
24312,132515654957,58,right,4.421519,-3.499501,11.142502
24313,132515673585,58,right,5.056714,-4.856748,12.479139
24314,132515692227,58,right,5.238729,-6.237122,13.839135
24315,132515710510,58,right,5.734444,-7.146783,14.852148
24316,132515729417,58,right,5.931790,-7.988531,15.762896
24317,132515748832,58,right,6.049366,-8.942624,16.414776
24318,132515769293,58,right,6.275778,-9.628809,16.903826
24319,132515788393,58,right,6.639718,-10.156696,17.509979
24320,132515807957,58,right,6.869931,-10.551300,17.983328
24321,132515826874,58,right,6.992980,-10.942386,18.325224
24322,132515846115,58,right,6.995792,-11.206594,18.592598
24323,132515864893,58,right,7.009143,-11.426172,18.752392
24324,132515883943,58,right,6.901183,-11.645696,18.957134
24325,132515903019,58,right,6.834903,-11.783672,19.069958
24326,132515921805,58,right,6.795756,-11.905272,19.141535
24327,132515940738,58,right,6.766080,-12.054020,19.181118
24328,132515959523,58,right,6.753627,-12.188052,19.215437
24329,132515978389,58,right,6.730668,-12.330186,19.240047
24330,132515997132,58,right,6.705044,-12.455381,19.264643
24331,132516016314,58,right,6.711413,-12.559319,19.281103
24332,132516034859,58,right,6.729359,-12.618357,19.287825
24333,132516053362,58,right,6.746271,-12.680096,19.285614
24334,132516072200,58,right,6.746267,-12.742795,19.287519
24335,132516090750,58,right,6.769669,-12.776501,19.285231
24336,132516109493,58,right,6.806565,-12.823202,19.279505
24337,132516128310,58,right,6.848430,-12.810982,19.284809
24338,132516146333,58,right,6.886405,-12.778105,19.281239
24339,132516164772,58,right,6.904699,-12.735482,19.275270
24340,132516183613,58,right,6.898688,-12.713025,19.266718
24341,132516202451,58,right,6.876196,-12.707750,19.262371
24342,132516221309,58,right,6.798342,-12.723235,19.257727
24343,132516239609,58,right,6.651420,-12.737289,19.262669
24344,132516257999,58,right,6.502051,-12.759621,19.250864
24345,132516276469,58,right,6.389715,-12.730693,19.087940
24346,132516294720,58,right,6.123966,-12.416466,18.591331
24347,132516313137,58,right,5.898177,-11.754584,17.597628
24348,132516331489,58,right,5.791701,-10.863126,16.415926
24349,132516350286,58,right,5.565008,-9.186856,14.388285
24350,132516369097,58,right,5.203214,-8.157587,12.326616
24351,132516388061,58,right,4.988709,-7.241102,10.301691
24352,132516406380,58,right,5.012446,-6.168717,8.310876
24353,132516425211,58,right,4.901225,-4.729246,6.198225
24354,132516444001,58,right,4.908719,-3.179237,3.733188
24355,132516463080,58,right,4.275588,-2.029232,-0.170261
24356,132516481848,58,right,3.915677,-1.334426,-3.363298
24357,132516500619,58,right,3.239248,-0.805471,-6.530623
24358,132516518854,58,right,2.704348,-0.189625,-8.947153
24359,132516537738,58,right,2.134182,0.470077,-10.854218
24360,132516556147,58,right,1.631271,0.952744,-12.358904
24361,132516575070,58,right,1.230479,1.377851,-13.507065
24362,132516594283,58,right,0.742300,1.751694,-14.282678
24363,132516613088,58,right,0.220653,2.107244,-14.986114
24364,132516631111,58,right,-0.294296,2.317173,-15.459736
24365,132516649793,58,right,-0.788524,2.493396,-15.733494
24366,132516668454,58,right,-1.332716,2.756942,-15.896264
24367,132516687325,58,right,-1.845562,2.941231,-16.046896
24368,132516705920,58,right,-2.261529,3.025564,-16.092619
24369,132516724598,58,right,-2.640031,3.142832,-16.272354
24370,132516743305,58,right,-2.953827,3.250393,-16.295126
24371,132516762011,58,right,-3.199381,3.356980,-16.338060
24372,132516780776,58,right,-3.412484,3.463476,-16.344612
24373,132516799781,58,right,-3.567333,3.543995,-16.339119
24374,132516818688,58,right,-3.775349,3.610153,-16.270605
24375,132516837323,58,right,-3.960131,3.732200,-16.345098
24376,132516855779,58,right,-4.061983,3.771948,-16.372122
24377,132516874358,58,right,-4.111372,3.824098,-16.400808
24378,132516893543,58,right,-4.132819,3.868008,-16.420279
24379,132516912416,58,right,-4.122229,3.911539,-16.435549
24380,132516930868,58,right,-4.139053,3.959241,-16.430222
24381,132516949710,58,right,-4.111347,3.987381,-16.420580
24382,132516968106,58,right,-4.077453,4.020332,-16.419123
24383,132516986389,58,right,-4.057640,4.046744,-16.406984
24384,132517005379,58,right,-4.048257,4.076452,-16.387428
24385,132517024020,58,right,-4.032601,4.105921,-16.363552
24386,132517042585,58,right,-4.012282,4.134793,-16.335093
24387,132517061538,58,right,-3.955545,4.172381,-16.303986
24388,132517079996,58,right,-3.894236,4.208975,-16.256350
24389,132517098703,58,right,-3.823297,4.249424,-16.154430
24390,132517117096,58,right,-3.667411,4.260971,-16.001631
24391,132517136175,58,right,-3.459991,4.247266,-15.797110
24392,132517155273,58,right,-3.262292,4.160257,-15.579764
24393,132517174146,58,right,-2.801624,3.893302,-15.408380
24394,132517192913,58,right,-2.473696,3.681859,-15.248650
24395,132517212120,58,right,-2.146053,3.454340,-15.103033
24396,132517230842,58,right,-1.847138,3.196041,-14.778771
24397,132517250134,58,right,-1.080498,2.966933,-14.106996
24398,132517270549,58,right,0.288447,2.715983,-12.767561
24399,132517290742,58,right,1.696399,2.575878,-11.227953
24400,132517309986,58,right,3.000307,2.551080,-9.571406
24401,132517329159,58,right,4.151750,2.311649,-6.834705
24402,132517347676,58,right,4.499394,2.280944,-0.432454
24403,132517366748,58,right,4.641800,1.663144,4.180044
24404,132517385493,58,right,4.429316,0.897732,7.605279
24405,132517404128,58,right,3.494063,-0.915897,10.453817
24406,132517422864,58,right,3.175011,-2.530067,12.394364
24407,132517441880,58,right,3.048980,-4.159326,13.857955
24408,132517460657,58,right,3.051056,-5.675839,15.802464
24409,132517479024,58,right,3.309337,-6.865306,17.105448
24410,132517497772,58,right,3.646567,-8.680847,18.034616
24411,132517516273,58,right,4.493263,-10.823894,18.574871
24412,132517535239,58,right,4.873422,-12.553273,18.905476
24413,132517554233,58,right,5.330799,-13.802328,19.037842
24414,132517573232,58,right,6.057086,-14.620586,18.919765
24415,132517592511,58,right,6.415545,-15.493185,19.178957
24416,132517611006,58,right,6.819367,-16.190086,19.405659
24417,132517629828,58,right,7.097562,-16.851660,19.601908
24418,132517649015,58,right,7.312777,-17.267990,19.746405
24419,132517667713,58,right,7.534917,-17.571985,19.870846
24420,132517686676,58,right,7.750692,-17.725780,19.975103
24421,132517705640,58,right,7.780173,-17.961943,20.148998
24422,132517723993,58,right,7.867365,-18.116259,20.228277
24423,132517742511,58,right,7.926652,-18.207108,20.333950
24424,132517761530,58,right,8.012741,-18.333645,20.398067
24425,132517780112,58,right,8.113626,-18.484859,20.472212
24426,132517799544,58,right,8.163303,-18.577190,20.509027
24427,132517818321,58,right,8.295609,-18.651329,20.527000
24428,132517836927,58,right,8.421630,-18.705175,20.524261
24429,132517856246,58,right,8.456632,-18.807161,20.509577
24430,132517874710,58,right,8.608117,-18.850582,20.459490
24431,132517893605,58,right,8.996227,-18.676416,20.328165
24432,132517911765,58,right,9.730740,-18.133171,20.055513
24433,132517930910,58,right,10.511517,-17.525150,19.779583
24434,132517949532,58,right,11.262874,-16.850582,19.430464
24435,132517968160,58,right,12.562478,-15.832902,19.020710
24436,132517987758,58,right,14.772881,-14.406754,18.574026
24437,132518006755,58,right,20.030674,-10.768840,17.356398
24438,132518025246,58,right,25.935663,-6.494953,15.352335
24439,132518043610,58,right,32.012394,-2.755918,12.586206
24440,132518062021,58,right,38.706978,-0.355566,9.719505
24441,132518080539,58,right,46.763660,1.083930,7.098538
24442,132518099160,58,right,54.541149,2.449897,5.035082
24443,132518117908,58,right,63.757072,3.325644,2.854869
24444,132518136823,58,right,74.509720,3.559864,-0.744044
24445,132518154800,58,right,83.009666,3.807891,-3.751182
24446,132518173429,58,right,89.321342,4.006887,-6.889289
24447,132518191488,58,right,93.737404,4.076600,-9.743055
24448,132518209950,58,right,96.282677,4.266482,-11.798745
24449,132518228919,58,right,97.776527,4.460787,-13.610895
24450,132518247232,58,right,99.328026,4.344751,-15.004506
24451,132518265934,58,right,100.720192,4.369074,-16.159472
24452,132518284290,58,right,102.401489,4.410659,-17.119816
24453,132518302671,58,right,103.591667,4.483088,-17.933710
24454,132518321137,58,right,104.229080,4.718545,-18.526878
24455,132518339916,58,right,104.774445,4.887671,-18.937937
24456,132518358245,58,right,105.087112,5.072541,-19.255899
24457,132518377037,58,right,105.454849,5.225364,-19.490004
24458,132518395800,58,right,105.827805,5.384571,-19.721300
24459,132518414348,58,right,106.242989,5.593653,-19.878334
24460,132518433508,58,right,106.510109,5.842095,-19.953617
24461,132518451696,58,right,106.681480,5.909107,-20.011206
24462,132518470151,58,right,106.968353,5.869116,-20.099138
24463,132518488789,58,right,107.375641,5.676688,-20.268030
24464,132518507272,58,right,107.739258,5.365938,-20.437992
24465,132518525900,58,right,108.182793,4.369327,-20.541019
24466,132518544558,58,right,110.179466,-0.635759,-20.023493
24467,132518563609,58,right,111.407814,-6.175507,-19.235754
24468,132518581991,58,right,112.432106,-12.368526,-18.116533
24469,132518601157,58,right,112.696548,-18.363775,-17.303715
24470,132518620011,58,right,111.119156,-23.786289,-17.383284
24471,132518639845,58,right,109.194885,-31.468889,-16.513832
24472,132518658991,58,right,108.420898,-37.851593,-15.462868
24473,132518677729,58,right,107.324287,-43.048626,-14.953076
24474,132518697172,58,right,106.009865,-47.216824,-15.032236
24475,132518716427,58,right,105.252571,-50.529675,-15.259707
24476,132518735914,58,right,104.331215,-54.055866,-15.696980
24477,132518754910,58,right,103.248314,-56.556938,-16.277054
24478,132518774463,58,right,102.568893,-58.105175,-16.810251
24479,132518793936,58,right,102.111115,-59.265911,-17.855995
24480,132518813332,58,right,102.119446,-60.104195,-18.637199
24481,132518832435,58,right,102.321533,-60.633957,-19.152515
24482,132518851545,58,right,102.631660,-60.899849,-19.614889
24483,132518870536,58,right,103.010880,-61.064232,-19.902943
24484,132518891692,58,right,103.570251,-60.953922,-19.856123
24485,132518911645,58,right,104.204010,-60.853977,-19.991638
24486,132518931893,58,right,104.770523,-60.575565,-20.057852
24487,132518952259,58,right,105.502960,-59.930229,-20.040836
24488,132518971300,58,right,106.414177,-58.859665,-20.054272
24489,132518991169,58,right,107.040619,-56.842106,-20.063057
24490,132519010494,58,right,107.736542,-54.116520,-19.968552
24491,132519029613,58,right,108.398109,-50.717426,-19.576666
24492,132519048303,58,right,108.566910,-44.558704,-19.166998
24493,132519066528,58,right,108.791031,-38.893559,-17.786005
24494,132519085445,58,right,107.772133,-32.453930,-17.476952
24495,132519103905,58,right,108.019646,-25.096010,-17.441189
24496,132519123067,58,right,108.951897,-17.740074,-17.252762
24497,132519142201,58,right,109.817871,-10.845801,-16.815815
24498,132519160676,58,right,109.081734,-1.994895,-16.913795
24499,132519178559,58,right,106.699577,4.235503,-17.202959
24500,132519197272,58,right,104.974747,10.636176,-17.464455
24501,132519216193,58,right,104.850578,16.245508,-18.042067
24502,132519234800,58,right,106.036545,21.013815,-19.003265
24503,132519253321,58,right,106.293747,25.214252,-19.965771
24504,132519272096,58,right,107.107803,28.036671,-21.010107
24505,132519290913,58,right,107.874100,30.639500,-22.145952
24506,132519309247,58,right,107.272469,32.229416,-22.238491
24507,132519328045,58,right,107.187111,33.087051,-22.190992
24508,132519346875,58,right,107.032959,33.550350,-21.918518
24509,132519365716,58,right,106.809074,33.792706,-21.483585
24510,132519383579,58,right,106.544807,33.924198,-20.958948
24511,132519402042,58,right,106.429520,33.967140,-20.535643
24512,132519421452,58,right,106.431297,33.825935,-20.193296
24513,132519440459,58,right,106.462845,33.688099,-19.949926
24514,132519458843,58,right,106.574844,33.455593,-19.788799
24515,132519477544,58,right,106.778381,33.115887,-19.714184
24516,132519496456,58,right,107.131142,32.417362,-19.697313
24517,132519515033,58,right,108.011345,31.155544,-19.789536
24518,132519533831,58,right,110.242493,28.234888,-20.387930
24519,132519552286,58,right,113.502480,24.740015,-21.468449
24520,132519571811,58,right,115.612900,21.013727,-21.832159
24521,132519590705,58,right,115.502388,17.203165,-21.282095
24522,132519609607,58,right,114.626740,12.240735,-20.462374
24523,132519628475,58,right,113.466217,2.433651,-17.569807
24524,132519646338,58,right,113.460251,-5.845459,-15.182661
24525,132519664928,58,right,113.418205,-14.494616,-13.536253
24526,132519683884,58,right,112.181160,-22.142870,-12.851381
24527,132519702798,58,right,109.805733,-28.812216,-12.895169
24528,132519721418,58,right,107.713768,-35.296902,-12.332489
24529,132519740417,58,right,105.755562,-41.133072,-12.158009
24530,132519758707,58,right,104.188889,-46.892002,-11.735530
24531,132519777422,58,right,104.027672,-51.143051,-11.362504
24532,132519796200,58,right,103.518211,-54.593544,-11.466131
24533,132519815126,58,right,102.470268,-57.559505,-11.917499
24534,132519834073,58,right,101.227516,-59.814465,-12.963527
24535,132519853420,58,right,100.289810,-61.850761,-13.809667
24536,132519871822,58,right,100.038063,-63.760986,-14.342433
24537,132519890456,58,right,100.482384,-65.193413,-15.070361
24538,132519911197,58,right,100.822716,-65.847290,-15.479841
24539,132519931418,58,right,101.227600,-66.241066,-15.736545
24540,132519950583,58,right,101.936607,-66.752480,-16.448835
24541,132519969061,58,right,102.734901,-67.174416,-17.177519
24542,132519988208,58,right,103.510292,-67.658157,-17.837938
24543,132520007806,58,right,104.177879,-68.055099,-18.433292
24544,132520026824,58,right,104.581001,-68.277664,-18.905657
24545,132520045618,58,right,104.865288,-68.401794,-19.263306
24546,132520064429,58,right,105.042351,-68.517159,-19.615835
24547,132520082952,58,right,105.162346,-68.595100,-19.920864
24548,132520102175,58,right,105.264030,-68.625725,-20.125893
24549,132520120569,58,right,105.308998,-68.618134,-20.353249
24550,132520140292,58,right,105.225632,-68.520821,-20.663015
24551,132520158952,58,right,105.182510,-68.391273,-20.891125
24552,132520177715,58,right,105.166473,-68.180145,-21.093292
24553,132520196765,58,right,105.129730,-67.889656,-21.242785
24554,132520215755,58,right,105.158081,-67.594803,-21.338987
24555,132520234857,58,right,105.107780,-67.293022,-21.395727
24556,132520253779,58,right,104.983475,-66.783379,-21.540285
24557,132520272580,58,right,104.733810,-66.174690,-21.664513
24558,132520291188,58,right,104.438889,-65.429352,-21.864456
24559,132520309933,58,right,104.293503,-64.730545,-22.153227
24560,132520328759,58,right,104.236923,-63.960690,-22.349907
24561,132520347216,58,right,104.482254,-62.940369,-22.307878
24562,132520365589,58,right,104.771561,-61.190212,-22.066910
24563,132520384313,58,right,105.059593,-59.259018,-22.001080
24564,132520402671,58,right,105.583984,-57.237350,-22.076004
24565,132520421470,58,right,105.960403,-54.780079,-21.887890
24566,132520440016,58,right,106.389114,-52.330402,-21.667149
24567,132520458827,58,right,106.951576,-49.854244,-21.489988
24568,132520477401,58,right,107.914223,-47.336559,-21.177616
24569,132520496087,58,right,108.630310,-43.882053,-21.013639
24570,132520514786,58,right,109.563965,-40.440590,-20.809677
24571,132520533653,58,right,109.380432,-37.027428,-21.008066
24572,132520552091,58,right,109.133675,-34.134678,-20.975063
24573,132520570677,58,right,108.983620,-31.537796,-21.187044
24574,132520589216,58,right,108.920509,-29.114660,-21.596693
24575,132520607676,58,right,108.799088,-26.723442,-22.124029
24576,132520626131,58,right,108.290527,-22.632626,-22.751837
24577,132520644459,58,right,108.160194,-18.817947,-23.198811
24578,132520662689,58,right,108.097313,-15.021158,-22.753172
24579,132520681162,58,right,107.596504,-11.153118,-22.124485
24580,132520699400,58,right,106.550354,-7.350279,-21.190367
24581,132520718827,58,right,105.005325,-3.762652,-20.133999
24582,132520737309,58,right,103.250374,-0.885106,-19.420637
24583,132520755996,58,right,100.244431,2.038652,-18.030664
24584,132520774547,58,right,98.326218,3.172073,-17.039469
24585,132520792492,58,right,97.291580,3.548383,-16.305861
24586,132520810839,58,right,96.584595,3.713180,-15.730285
24587,132520829019,58,right,95.863853,3.858863,-15.037269
24588,132520847633,58,right,95.315102,4.013812,-14.380718
24589,132520866815,58,right,94.858696,4.114960,-13.881099
24590,132520885835,58,right,94.376968,4.256785,-13.538985
24591,132520904649,58,right,93.845650,4.520819,-13.161993
24592,132520923070,58,right,92.814705,4.981736,-12.527926
24593,132520942621,58,right,90.666306,5.568711,-11.515223
24594,132520962102,58,right,88.330612,5.891812,-10.583703
24595,132520983698,58,right,85.312408,5.972922,-9.350673
24596,132521002560,58,right,82.278008,6.014817,-8.416006
24597,132521021903,58,right,78.191643,5.784465,-7.520577
24598,132521040808,58,right,71.954681,5.899342,-6.299372
24599,132521059995,58,right,61.552383,5.601988,-3.717732
24600,132521078951,58,right,53.032330,3.944636,-1.834018
24601,132521098092,58,right,46.475536,2.112188,-0.849592
24602,132521116777,58,right,41.303196,0.140953,-0.757788
24603,132521135805,58,right,36.371834,-0.911558,-0.927780
24604,132521154873,58,right,29.874567,-2.067151,-0.766370
24605,132521173330,58,right,24.726501,-3.385217,-0.418328
24606,132521192201,58,right,20.064638,-4.190225,-0.010897
24607,132521210431,58,right,16.536680,-4.318730,0.145804
24608,132521229352,58,right,13.342325,-4.345112,0.560869
24609,132521248430,58,right,10.401175,-4.273933,1.278979
24610,132521267722,58,right,8.450452,-4.221509,1.948164
24611,132521286313,58,right,7.263585,-4.149750,2.462513
24612,132521304958,58,right,6.399738,-4.016878,2.866569
24613,132521323317,58,right,5.678848,-3.813099,3.231788
24614,132521341693,58,right,5.036352,-3.806342,3.547992
24615,132521361092,58,right,4.603743,-3.769061,3.804460
24616,132521380194,58,right,4.169735,-3.804619,4.069231
24617,132521398924,58,right,3.879621,-3.854375,4.217123
24618,132521417062,58,right,3.706462,-3.866577,4.394805
24619,132521435948,58,right,3.558385,-3.953518,4.486610
24620,132521454669,58,right,3.436193,-4.048819,4.570865
24621,132521473471,58,right,3.372724,-4.095751,4.641287
24622,132521492989,58,right,3.273350,-4.149684,4.718085
24623,132521512072,58,right,3.201885,-4.179902,4.779937
24624,132521531112,58,right,3.141692,-4.205766,4.828342
24625,132521550445,58,right,3.093346,-4.226609,4.877083
24626,132521569841,58,right,3.041917,-4.266186,4.922616
24627,132521588738,58,right,3.031895,-4.290926,4.958475
24628,132521608005,58,right,3.034635,-4.310080,4.985950
24629,132521627052,58,right,3.060815,-4.328015,4.998739
24630,132521645969,58,right,3.103680,-4.358544,5.001736
24631,132521664747,58,right,3.153366,-4.373357,5.006450
24632,132521683827,58,right,3.190936,-4.408175,5.007254
24633,132521702524,58,right,3.229109,-4.447521,5.000967
24634,132521722424,58,right,3.235293,-4.482032,5.004499
24635,132521741179,58,right,3.247056,-4.494764,5.005237
24636,132521760669,58,right,3.260197,-4.491892,5.009379
24637,132521780013,58,right,3.268577,-4.480253,5.013837
24638,132521799076,58,right,3.276541,-4.459090,5.024227
24639,132521818583,58,right,3.279117,-4.442034,5.033643
24640,132521837062,58,right,3.303009,-4.417462,5.046957
24641,132521855557,58,right,3.449963,-4.209146,5.074829
24642,132521874454,58,right,4.248347,-3.620992,5.052574
24643,132521893065,58,right,5.612864,-3.375488,4.818850
24644,132521911848,58,right,8.047737,-2.886642,4.331075
24645,132521930612,58,right,11.832061,-2.577119,3.503045
24646,132521949736,58,right,17.746410,-2.249230,2.014399
24647,132521968978,58,right,25.061335,-2.463497,0.418455
24648,132521987480,58,right,35.257393,-2.176884,-1.321312
24649,132522006889,58,right,42.978401,-2.372795,-2.155284
24650,132522025608,58,right,50.181873,-2.374870,-2.316004
24651,132522044288,58,right,56.844090,-1.693400,-2.383043
24652,132522063147,58,right,63.192101,-0.799930,-3.331507
24653,132522082078,58,right,71.076912,-0.612569,-4.596360
24654,132522100730,58,right,80.052910,-0.614875,-6.725982
24655,132522119184,58,right,86.337555,-0.581302,-8.685307
24656,132522137822,58,right,92.308311,-0.829730,-10.751210
24657,132522156144,58,right,96.536415,-0.978118,-12.480163
24658,132522174993,58,right,99.138748,-0.851077,-14.124262
24659,132522193893,58,right,101.842171,-0.875810,-15.709658
24660,132522212766,58,right,104.196243,-1.019385,-16.942394
24661,132522231445,58,right,106.108284,-1.030237,-17.801460
24662,132522250170,58,right,107.976181,-1.108387,-18.561462
24663,132522268989,58,right,109.723549,-1.229513,-19.124983
24664,132522288293,58,right,111.149803,-1.168318,-19.616438
24665,132522307436,58,right,112.631554,-1.229899,-19.780180
24666,132522325872,58,right,114.897766,-1.654684,-19.986118
24667,132522344631,58,right,116.704964,-2.005988,-20.124628
24668,132522362875,58,right,118.270348,-2.278555,-20.344717
24669,132522380855,58,right,119.550583,-2.476892,-20.500408
24670,132522399461,58,right,120.464134,-2.658110,-20.564297
24671,132522418219,58,right,121.265137,-2.833186,-20.593479
24672,132522436862,58,right,122.013908,-3.003065,-20.575155
24673,132522455662,58,right,122.804459,-3.268775,-20.646217
24674,132522473969,58,right,123.167664,-3.373777,-20.713877
24675,132522492635,58,right,123.410843,-3.410455,-20.773228
24676,132522510943,58,right,123.545876,-3.410224,-20.784565
24677,132522529374,58,right,123.648643,-3.416134,-20.825430
24678,132522548106,58,right,123.769699,-3.428348,-20.859495
24679,132522569154,58,right,123.959236,-3.416622,-20.872250
24680,132522589486,58,right,124.074120,-3.398131,-20.877560
24681,132522609084,58,right,124.133514,-3.370944,-20.852798
24682,132522627950,58,right,124.073982,-3.328571,-20.817011
24683,132522646373,58,right,123.479759,-3.077255,-20.753078
24684,132522665458,58,right,122.386398,-2.729942,-20.661318
24685,132522684045,58,right,120.632843,-2.180181,-20.521482
24686,132522702551,58,right,117.043427,-1.015930,-20.001526
24687,132522721368,58,right,112.474136,-0.107802,-19.031940
24688,132522740125,58,right,106.971977,1.166347,-17.726477
24689,132522758460,58,right,100.618851,2.526351,-16.158190
24690,132522777101,58,right,92.332787,4.666968,-14.720036
24691,132522795928,58,right,85.190834,5.410236,-13.772803
24692,132522814967,58,right,74.980522,5.844814,-12.011865
24693,132522833793,58,right,63.203697,5.485398,-8.869803
24694,132522852468,58,right,50.868099,3.349390,-6.338907
24695,132522870834,58,right,41.487026,0.892185,-5.318439
24696,132522889123,58,right,31.307789,-0.578409,-4.810249
24697,132522907812,58,right,24.357464,-2.101132,-4.328065
24698,132522926291,58,right,18.461594,-2.927640,-3.888506
24699,132522944948,58,right,13.068718,-3.205711,-3.265393
24700,132522963587,58,right,9.351220,-3.160497,-2.839022
24701,132522982406,58,right,6.810872,-2.927755,-2.397767
24702,132523001456,58,right,4.551393,-2.788978,-1.787273
24703,132523020029,58,right,2.725642,-3.103665,-1.066725
24704,132523038620,58,right,1.765877,-3.229702,-0.603681
24705,132523057700,58,right,0.874493,-3.300874,-0.176144
24706,132523076877,58,right,0.364825,-3.291822,0.174748
24707,132523095602,58,right,0.091307,-3.289622,0.445212
24708,132523114296,58,right,-0.049725,-3.324358,0.614229
24709,132523132404,58,right,-0.153390,-3.379982,0.777978
24710,132523151104,58,right,-0.259830,-3.460027,0.922191
24711,132523169117,58,right,-0.322060,-3.493475,1.057725
24712,132523187219,58,right,-0.331677,-3.526162,1.180049
24713,132523206374,58,right,-0.314026,-3.546547,1.321177
24714,132523225111,58,right,-0.270258,-3.582877,1.473845
24715,132523244120,58,right,-0.112382,-3.674234,1.612807
24716,132523262976,58,right,0.334373,-3.919822,1.651559
24717,132523281401,58,right,0.833447,-4.724338,1.620674
24718,132523299786,58,right,1.445963,-6.683164,1.497106
24719,132523319078,58,right,2.325687,-9.124437,1.471534
24720,132523337520,58,right,3.204780,-12.401895,1.869850
24721,132523356633,58,right,3.962731,-17.147150,2.648308
24722,132523375244,58,right,5.400978,-24.284084,3.654112
24723,132523394108,58,right,7.219035,-29.924345,3.715691
24724,132523412756,58,right,9.688248,-34.355843,3.779879
24725,132523431068,58,right,11.894026,-37.486431,3.271471
24726,132523449559,58,right,13.556591,-40.106800,2.970094
24727,132523468390,58,right,15.139727,-42.185101,3.003005
24728,132523487151,58,right,17.202433,-44.438377,3.480006
24729,132523505994,58,right,21.246256,-47.835758,5.132446
24730,132523524615,58,right,24.497318,-50.605679,6.372283
24731,132523543353,58,right,26.750290,-52.820469,7.351912
24732,132523562505,58,right,27.686584,-54.591682,7.996389
24733,132523581502,58,right,28.183985,-56.181736,8.537300
24734,132523600226,58,right,29.093206,-57.911053,9.423168
24735,132523619134,58,right,29.571976,-59.323086,10.049957
24736,132523638235,58,right,29.920448,-60.337376,10.301867
24737,132523656857,58,right,29.952396,-61.041309,10.412687
24738,132523675280,58,right,29.680285,-61.608295,10.334287
24739,132523694360,58,right,29.225119,-62.017658,9.978082
24740,132523713143,58,right,27.754272,-61.293129,8.354120
24741,132523731566,58,right,25.420944,-59.462120,6.028835
24742,132523750354,58,right,23.321789,-55.619820,4.153937
24743,132523768823,58,right,19.920597,-49.090172,1.716281
24744,132523787657,58,right,15.651752,-40.775169,-0.006196
24745,132523805875,58,right,11.590312,-32.227196,-0.268353
24746,132523824910,58,right,8.318337,-25.192406,0.719771
24747,132523843984,58,right,5.545009,-16.680880,2.679372
24748,132523862575,58,right,4.072761,-11.605863,4.714101
24749,132523882016,58,right,3.699735,-6.561248,5.996897
24750,132523900595,58,right,4.084567,-0.519845,6.916467
24751,132523918977,58,right,4.261915,5.475621,8.030890
24752,132523937899,58,right,4.627747,11.513180,8.960016
24753,132523956628,58,right,5.508260,18.907469,9.208632
24754,132523974938,58,right,6.369161,23.855534,8.611644
24755,132523993750,58,right,6.644200,27.561281,7.793413
24756,132524013152,58,right,6.499937,30.116106,7.108468
24757,132524032306,58,right,6.311006,31.881374,6.573361
24758,132524050628,58,right,6.257285,33.145458,6.083024
24759,132524068915,58,right,6.075098,34.022835,5.810630
24760,132524087884,58,right,5.726374,34.539082,5.690222
24761,132524106494,58,right,5.585344,34.938492,5.665929
24762,132524125590,58,right,5.657259,35.121433,5.579782
24763,132524144433,58,right,5.870868,35.186222,5.564643
24764,132524163371,58,right,6.130926,35.125877,5.754859
24765,132524182335,58,right,6.954564,33.384262,6.715912
24766,132524200633,58,right,7.824337,30.239374,8.776435
24767,132524219401,58,right,8.066546,25.317383,12.257862
24768,132524238148,58,right,7.659472,19.210581,15.599120
24769,132524256353,58,right,7.895433,11.701260,17.638029
24770,132524274895,58,right,11.893859,5.731817,17.877991
24771,132524293626,58,right,15.315166,1.951489,18.160406
24772,132524312338,58,right,20.268559,-1.665073,19.076365
24773,132524331127,58,right,25.104088,-3.802127,18.089830
24774,132524350036,58,right,27.717669,-7.370400,19.023422
24775,132524368442,58,right,27.003386,-11.286705,20.324707
24776,132524386955,58,right,22.600609,-13.764599,21.833364
24777,132524406672,58,right,14.973948,-13.061344,21.365049
24778,132524426528,58,right,15.312904,-10.082445,22.251701
24779,132524445667,58,right,14.906891,-8.554914,22.140623
24780,132524464722,58,right,11.112350,-9.591115,21.639090
24781,132524484003,58,right,6.518450,-10.599625,21.636276
24782,132524503521,58,right,-1.322615,-15.172474,23.781368
24783,132524522054,58,right,3.428442,-11.671594,24.223997
24784,132524540904,58,right,5.125624,-7.389552,24.690060
24785,132524559652,58,right,4.821907,-3.013532,26.934603
24786,132524578898,58,right,-3.680545,-5.651276,28.547630
24787,132524598274,58,right,-13.959560,-17.902363,23.067297
24793,132524712869,59,left,22.671597,-14.834787,9.489651
24794,132524731172,59,left,32.274582,-10.161311,5.095049
24796,132524767977,60,left,36.694347,-1.074465,-6.143733
24797,132524786785,60,left,37.394314,3.157308,-6.050431
